2025-10-01 19:36:22,061 - INFO - Using storage: sqlite:///clip-zeroshot-optimization.db
/home/raoxuan/ENTER/envs/raoxuan/lib/python3.9/site-packages/optuna/samplers/_tpe/sampler.py:319: ExperimentalWarning: ``multivariate`` option is an experimental feature. The interface can change in the future.
  warnings.warn(
[I 2025-10-01 19:36:22,301] Using an existing study with name 'clip-zeroshot-optimization' instead of creating a new one.
2025-10-01 19:36:22,316 - INFO - Loaded 2 existing trials.
2025-10-01 19:36:22,350 - INFO - smart_defaults: False
2025-10-01 19:36:22,350 - INFO - dataset: CLIP-CL
2025-10-01 19:36:22,350 - INFO - prefix: optuna_trial_2
2025-10-01 19:36:22,350 - INFO - test: False
2025-10-01 19:36:22,350 - INFO - user: raoxuan
2025-10-01 19:36:22,350 - INFO - data_location: /home/raoxuan/projects/SubspaceLoRA/data/mtil
2025-10-01 19:36:22,351 - INFO - reference_dataset_path: /data1/open_datasets/ImageNet-2012/train/
2025-10-01 19:36:22,351 - INFO - reference_batch_size: 32
2025-10-01 19:36:22,351 - INFO - memory_size: 0
2025-10-01 19:36:22,351 - INFO - memory_per_class: 0
2025-10-01 19:36:22,351 - INFO - fixed_memory: False
2025-10-01 19:36:22,351 - INFO - shuffle: True
2025-10-01 19:36:22,351 - INFO - init_cls: 20
2025-10-01 19:36:22,351 - INFO - increment: 20
2025-10-01 19:36:22,351 - INFO - model_name: sldc
2025-10-01 19:36:22,351 - INFO - weight_decay: 0.0
2025-10-01 19:36:22,351 - INFO - device: [device(type='cuda', index=0)]
2025-10-01 19:36:22,351 - INFO - vit_type: clip-vit-b-16
2025-10-01 19:36:22,351 - INFO - lora_rank: 8
2025-10-01 19:36:22,351 - INFO - lora_type: sgp_lora
2025-10-01 19:36:22,351 - INFO - weight_temp: 4.0
2025-10-01 19:36:22,351 - INFO - sgp_soft_projection: False
2025-10-01 19:36:22,351 - INFO - nsp_eps: 0.05
2025-10-01 19:36:22,351 - INFO - nsp_weight: 0.0
2025-10-01 19:36:22,351 - INFO - trace_k: 0.2
2025-10-01 19:36:22,351 - INFO - weight_kind: log1p
2025-10-01 19:36:22,351 - INFO - weight_p: 1.0
2025-10-01 19:36:22,351 - INFO - kl_gamma: 0.01
2025-10-01 19:36:22,351 - INFO - osgp_scale: 1.0
2025-10-01 19:36:22,351 - INFO - sce_a: 0.5
2025-10-01 19:36:22,351 - INFO - sce_b: 0.5
2025-10-01 19:36:22,351 - INFO - seed_list: [1990]
2025-10-01 19:36:22,351 - INFO - iterations: 1200
2025-10-01 19:36:22,351 - INFO - warmup_steps: 0
2025-10-01 19:36:22,351 - INFO - ca_epochs: 5
2025-10-01 19:36:22,351 - INFO - optimizer: adamw
2025-10-01 19:36:22,351 - INFO - lrate: 0.0005
2025-10-01 19:36:22,351 - INFO - head_scale: 1.0
2025-10-01 19:36:22,351 - INFO - batch_size: 32
2025-10-01 19:36:22,351 - INFO - evaluate_final_only: True
2025-10-01 19:36:22,351 - INFO - gamma_norm: 0.1
2025-10-01 19:36:22,351 - INFO - gamma_kd: 1.0
2025-10-01 19:36:22,351 - INFO - kd_type: feat
2025-10-01 19:36:22,351 - INFO - alpha_t: 1.0
2025-10-01 19:36:22,351 - INFO - gamma_1: 0.0001
2025-10-01 19:36:22,351 - INFO - compensate: True
2025-10-01 19:36:22,352 - INFO - amp: True
2025-10-01 19:36:22,352 - INFO - amp_dtype: fp16
2025-10-01 19:36:22,352 - INFO - clip_dataset_sequence: ['fgvc_aircraft', 'caltech-101', 'dtd', 'eurosat', 'oxford_flower102', 'food101', 'oxford_pets', 'stanford_cars']
2025-10-01 19:36:22,352 - INFO - clip_dataset_shuffle: False
2025-10-01 19:36:22,352 - INFO - clip_dataset_seed: 0
2025-10-01 19:36:22,352 - INFO - clip_num_workers: 4
2025-10-01 19:36:22,352 - INFO - clip_pin_memory: False
2025-10-01 19:36:22,352 - INFO - clip_use_reference_data: True
2025-10-01 19:36:22,352 - INFO - auxiliary_data_path: /data1/open_datasets/flickr8k
2025-10-01 19:36:22,352 - INFO - aux_dataset_type: flickr8k
2025-10-01 19:36:22,352 - INFO - auxiliary_data_size: 256
2025-10-01 19:36:22,352 - INFO - l2_protection: False
2025-10-01 19:36:22,352 - INFO - l2_protection_lambda: 1.0
2025-10-01 19:36:22,352 - INFO - seed: 1990
2025-10-01 19:36:22,352 - INFO - run_id: 0
2025-10-01 19:36:22,352 - INFO - log_path: sldc_logs_raoxuan/CLIP-CL_clip-vit-b-16/init-20_inc-20_rank-8_lt-sgp_lora_T-4_comp-1_wk-log1p_wp-1_kd-feat_gkd-1_gn-0p1_optim-adamw_lr-0p0005_bz-32_iter-1200_seed-1990
Using a slow image processor as `use_fast` is unset and a slow processor was saved with this model. `use_fast=True` will be the default behavior in v4.52, even if the model was saved with a slow processor. This will result in minor differences in outputs. You'll still be able to use a slow processor with `use_fast=False`.
[Reference Data] enabled | type=flickr8k | path=/data1/open_datasets/flickr8k | num_workers=4 | pin_memory=False | captions=multi-avg(if supported)
Fetching 1 files:   0%|          | 0/1 [00:00<?, ?it/s]Fetching 1 files: 100%|██████████| 1/1 [00:00<00:00, 22192.08it/s]
Fetching 1 files:   0%|          | 0/1 [00:00<?, ?it/s]Fetching 1 files: 100%|██████████| 1/1 [00:00<00:00, 7436.71it/s]
/home/raoxuan/projects/SubspaceLoRA/models/subspace_lora_clip.py:144: FutureWarning: `torch.cuda.amp.GradScaler(args...)` is deprecated. Please use `torch.amp.GradScaler('cuda', args...)` instead.
  self.grad_scaler = GradScaler() if self.use_amp and self.amp_dtype == torch.float16 else None
2025-10-01 19:36:30,417 - INFO - AMP enabled (dtype=fp16)
2025-10-01 19:36:31,773 - INFO - Compiled SubspaceLoRAClipLearner network via torch.compile
2025-10-01 19:36:31,793 - INFO - [ClipIDM] dataset=fgvc_aircraft | train=3334 | test=3333 | classes=100
2025-10-01 19:36:31,817 - INFO - [ClipIDM] dataset=caltech-101 | train=3060 | test=6084 | classes=102
2025-10-01 19:36:31,827 - INFO - [ClipIDM] dataset=dtd | train=1880 | test=1880 | classes=47
2025-10-01 19:36:31,850 - INFO - [ClipIDM] dataset=eurosat | train=5000 | test=5000 | classes=10
2025-10-01 19:36:31,869 - INFO - [ClipIDM] dataset=oxford_flower102 | train=1020 | test=6149 | classes=102
2025-10-01 19:36:32,106 - INFO - [ClipIDM] dataset=food101 | train=75750 | test=25250 | classes=101
2025-10-01 19:36:32,124 - INFO - [ClipIDM] dataset=oxford_pets | train=3680 | test=3669 | classes=37
2025-10-01 19:36:32,166 - INFO - [ClipIDM] dataset=stanford_cars | train=8144 | test=8041 | classes=196
2025-10-01 19:36:32,167 - INFO - All params: 151030785
2025-10-01 19:36:32,168 - INFO - Trainable params: 1410048
2025-10-01 19:36:32,371 - INFO - Precomputing reference text embeddings ...
2025-10-01 19:36:46,097 - INFO - Precomputed 2048 reference text embeddings.
2025-10-01 19:36:46,097 - INFO - Caching reference teacher embeddings for 2048 samples...
2025-10-01 19:36:49,816 - INFO - Cached 2048 teacher feature vectors for reference data (3.72s).
2025-10-01 19:36:57,251 - INFO - Starting task 1/8: fgvc_aircraft (train=3334, test=3333, classes=100)
/home/raoxuan/projects/SubspaceLoRA/models/subspace_lora_clip.py:687: FutureWarning: `torch.cuda.amp.autocast(args...)` is deprecated. Please use `torch.amp.autocast('cuda', args...)` instead.
  with autocast(**self._autocast_kwargs):
`torch.nn.functional.scaled_dot_product_attention` does not support `output_attentions=True`. Falling back to eager attention. This warning can be removed using the argument `attn_implementation="eager"` when loading the model.
/home/raoxuan/projects/SubspaceLoRA/models/subspace_lora_clip.py:841: FutureWarning: `torch.cuda.amp.autocast(args...)` is deprecated. Please use `torch.amp.autocast('cuda', args...)` instead.
  with autocast(**self._autocast_kwargs):
/home/raoxuan/ENTER/envs/raoxuan/lib/python3.9/site-packages/torch/optim/lr_scheduler.py:192: UserWarning: Detected call of `lr_scheduler.step()` before `optimizer.step()`. In PyTorch 1.1.0 and later, you should call them in the opposite order: `optimizer.step()` before `lr_scheduler.step()`.  Failure to do this will result in PyTorch skipping the first value of the learning rate schedule. See more details at https://pytorch.org/docs/stable/optim.html#how-to-adjust-learning-rate
  warnings.warn(
2025-10-01 19:37:00,817 - INFO - Task 0 Iter 10/1200 | lr=0.000499931 | acc=0.2700 | pos_cos=0.312533 | neg_cos=0.249399 | ref_L2=0.000001 | ref_cos=0.999747 | ref_KL=0.000442
2025-10-01 19:37:02,616 - INFO - Task 0 Iter 20/1200 | lr=0.000499691 | acc=0.2640 | pos_cos=0.316153 | neg_cos=0.258591 | ref_L2=0.000004 | ref_cos=0.998891 | ref_KL=0.001526
2025-10-01 19:37:04,413 - INFO - Task 0 Iter 30/1200 | lr=0.00049928 | acc=0.2786 | pos_cos=0.319688 | neg_cos=0.270243 | ref_L2=0.000008 | ref_cos=0.997998 | ref_KL=0.002576
2025-10-01 19:37:06,346 - INFO - Task 0 Iter 40/1200 | lr=0.000498698 | acc=0.2962 | pos_cos=0.322467 | neg_cos=0.274794 | ref_L2=0.000010 | ref_cos=0.997463 | ref_KL=0.003011
2025-10-01 19:37:08,377 - INFO - Task 0 Iter 50/1200 | lr=0.000497946 | acc=0.3002 | pos_cos=0.323188 | neg_cos=0.274609 | ref_L2=0.000011 | ref_cos=0.997179 | ref_KL=0.003001
2025-10-01 19:37:10,204 - INFO - Task 0 Iter 60/1200 | lr=0.000497024 | acc=0.3029 | pos_cos=0.322126 | neg_cos=0.274637 | ref_L2=0.000011 | ref_cos=0.997159 | ref_KL=0.003323
2025-10-01 19:37:12,652 - INFO - Task 0 Iter 70/1200 | lr=0.000495933 | acc=0.3057 | pos_cos=0.322363 | neg_cos=0.273005 | ref_L2=0.000010 | ref_cos=0.997344 | ref_KL=0.002814
2025-10-01 19:37:14,335 - INFO - Task 0 Iter 80/1200 | lr=0.000494673 | acc=0.3152 | pos_cos=0.324520 | neg_cos=0.275015 | ref_L2=0.000010 | ref_cos=0.997369 | ref_KL=0.002924
2025-10-01 19:37:16,045 - INFO - Task 0 Iter 90/1200 | lr=0.000493246 | acc=0.3642 | pos_cos=0.326078 | neg_cos=0.275574 | ref_L2=0.000010 | ref_cos=0.997412 | ref_KL=0.003153
2025-10-01 19:37:17,863 - INFO - Task 0 Iter 100/1200 | lr=0.000491652 | acc=0.3378 | pos_cos=0.323388 | neg_cos=0.272240 | ref_L2=0.000010 | ref_cos=0.997443 | ref_KL=0.003407
2025-10-01 19:37:20,644 - INFO - Task 0 Iter 110/1200 | lr=0.000489892 | acc=0.3875 | pos_cos=0.321031 | neg_cos=0.273088 | ref_L2=0.000011 | ref_cos=0.997301 | ref_KL=0.004135
2025-10-01 19:37:22,289 - INFO - Task 0 Iter 120/1200 | lr=0.000487968 | acc=0.4259 | pos_cos=0.322622 | neg_cos=0.268590 | ref_L2=0.000010 | ref_cos=0.997320 | ref_KL=0.003775
2025-10-01 19:37:24,720 - INFO - Task 0 Iter 130/1200 | lr=0.000485881 | acc=0.4306 | pos_cos=0.321088 | neg_cos=0.266298 | ref_L2=0.000011 | ref_cos=0.997057 | ref_KL=0.003428
2025-10-01 19:37:26,387 - INFO - Task 0 Iter 140/1200 | lr=0.000483632 | acc=0.4632 | pos_cos=0.320496 | neg_cos=0.264895 | ref_L2=0.000012 | ref_cos=0.997038 | ref_KL=0.003555
2025-10-01 19:37:28,082 - INFO - Task 0 Iter 150/1200 | lr=0.000481223 | acc=0.4536 | pos_cos=0.319670 | neg_cos=0.264794 | ref_L2=0.000012 | ref_cos=0.996814 | ref_KL=0.003432
2025-10-01 19:37:29,768 - INFO - Task 0 Iter 160/1200 | lr=0.000478656 | acc=0.5196 | pos_cos=0.318623 | neg_cos=0.261074 | ref_L2=0.000013 | ref_cos=0.996655 | ref_KL=0.003786
2025-10-01 19:37:31,465 - INFO - Task 0 Iter 170/1200 | lr=0.000475932 | acc=0.5098 | pos_cos=0.319307 | neg_cos=0.262638 | ref_L2=0.000013 | ref_cos=0.996565 | ref_KL=0.005390
2025-10-01 19:37:33,173 - INFO - Task 0 Iter 180/1200 | lr=0.000473053 | acc=0.5320 | pos_cos=0.316785 | neg_cos=0.258849 | ref_L2=0.000013 | ref_cos=0.996641 | ref_KL=0.008218
2025-10-01 19:37:34,881 - INFO - Task 0 Iter 190/1200 | lr=0.000470022 | acc=0.5193 | pos_cos=0.316837 | neg_cos=0.258508 | ref_L2=0.000012 | ref_cos=0.996833 | ref_KL=0.005465
2025-10-01 19:37:37,261 - INFO - Task 0 Iter 200/1200 | lr=0.000466839 | acc=0.4887 | pos_cos=0.316234 | neg_cos=0.260829 | ref_L2=0.000013 | ref_cos=0.996717 | ref_KL=0.004278
2025-10-01 19:37:38,835 - INFO - Task 0 Iter 210/1200 | lr=0.000463509 | acc=0.4681 | pos_cos=0.315889 | neg_cos=0.259487 | ref_L2=0.000013 | ref_cos=0.996782 | ref_KL=0.004432
2025-10-01 19:37:41,652 - INFO - Task 0 Iter 220/1200 | lr=0.000460031 | acc=0.5748 | pos_cos=0.315311 | neg_cos=0.255310 | ref_L2=0.000013 | ref_cos=0.996626 | ref_KL=0.004991
2025-10-01 19:37:43,552 - INFO - Task 0 Iter 230/1200 | lr=0.00045641 | acc=0.5758 | pos_cos=0.315731 | neg_cos=0.255574 | ref_L2=0.000013 | ref_cos=0.996621 | ref_KL=0.004505
2025-10-01 19:37:45,518 - INFO - Task 0 Iter 240/1200 | lr=0.000452648 | acc=0.5934 | pos_cos=0.314679 | neg_cos=0.254446 | ref_L2=0.000014 | ref_cos=0.996517 | ref_KL=0.005920
2025-10-01 19:37:47,462 - INFO - Task 0 Iter 250/1200 | lr=0.000448746 | acc=0.6090 | pos_cos=0.311705 | neg_cos=0.250102 | ref_L2=0.000015 | ref_cos=0.996227 | ref_KL=0.006440
2025-10-01 19:37:49,997 - INFO - Task 0 Iter 260/1200 | lr=0.000444709 | acc=0.6086 | pos_cos=0.308813 | neg_cos=0.247849 | ref_L2=0.000015 | ref_cos=0.996086 | ref_KL=0.007618
2025-10-01 19:37:51,644 - INFO - Task 0 Iter 270/1200 | lr=0.000440538 | acc=0.6547 | pos_cos=0.307463 | neg_cos=0.245002 | ref_L2=0.000016 | ref_cos=0.996012 | ref_KL=0.006122
2025-10-01 19:37:53,313 - INFO - Task 0 Iter 280/1200 | lr=0.000436236 | acc=0.6452 | pos_cos=0.306685 | neg_cos=0.243945 | ref_L2=0.000015 | ref_cos=0.996055 | ref_KL=0.004938
2025-10-01 19:37:55,029 - INFO - Task 0 Iter 290/1200 | lr=0.000431807 | acc=0.6339 | pos_cos=0.305139 | neg_cos=0.243219 | ref_L2=0.000016 | ref_cos=0.995950 | ref_KL=0.006147
2025-10-01 19:37:56,793 - INFO - Task 0 Iter 300/1200 | lr=0.000427253 | acc=0.6675 | pos_cos=0.305025 | neg_cos=0.241787 | ref_L2=0.000016 | ref_cos=0.995943 | ref_KL=0.010266
2025-10-01 19:37:58,517 - INFO - Task 0 Iter 310/1200 | lr=0.000422578 | acc=0.6505 | pos_cos=0.305161 | neg_cos=0.243542 | ref_L2=0.000016 | ref_cos=0.995978 | ref_KL=0.006909
2025-10-01 19:38:01,255 - INFO - Task 0 Iter 320/1200 | lr=0.000417785 | acc=0.6924 | pos_cos=0.308290 | neg_cos=0.244949 | ref_L2=0.000016 | ref_cos=0.996011 | ref_KL=0.006576
2025-10-01 19:38:03,549 - INFO - Task 0 Iter 330/1200 | lr=0.000412877 | acc=0.7177 | pos_cos=0.307283 | neg_cos=0.245027 | ref_L2=0.000015 | ref_cos=0.996055 | ref_KL=0.004601
2025-10-01 19:38:05,186 - INFO - Task 0 Iter 340/1200 | lr=0.000407857 | acc=0.7316 | pos_cos=0.304250 | neg_cos=0.240183 | ref_L2=0.000015 | ref_cos=0.996100 | ref_KL=0.004861
2025-10-01 19:38:05,550 - INFO - Using storage: sqlite:///clip-zeroshot-optimization.db
/home/raoxuan/ENTER/envs/raoxuan/lib/python3.9/site-packages/optuna/samplers/_tpe/sampler.py:319: ExperimentalWarning: ``multivariate`` option is an experimental feature. The interface can change in the future.
  warnings.warn(
[I 2025-10-01 19:38:05,828] Using an existing study with name 'clip-zeroshot-optimization' instead of creating a new one.
2025-10-01 19:38:05,846 - INFO - Loaded 3 existing trials.
2025-10-01 19:38:05,886 - INFO - smart_defaults: False
2025-10-01 19:38:05,887 - INFO - dataset: CLIP-CL
2025-10-01 19:38:05,887 - INFO - prefix: optuna_trial_3
2025-10-01 19:38:05,887 - INFO - test: False
2025-10-01 19:38:05,887 - INFO - user: raoxuan
2025-10-01 19:38:05,887 - INFO - data_location: /home/raoxuan/projects/SubspaceLoRA/data/mtil
2025-10-01 19:38:05,887 - INFO - reference_dataset_path: /data1/open_datasets/ImageNet-2012/train/
2025-10-01 19:38:05,887 - INFO - reference_batch_size: 32
2025-10-01 19:38:05,887 - INFO - memory_size: 0
2025-10-01 19:38:05,887 - INFO - memory_per_class: 0
2025-10-01 19:38:05,887 - INFO - fixed_memory: False
2025-10-01 19:38:05,887 - INFO - shuffle: True
2025-10-01 19:38:05,887 - INFO - init_cls: 20
2025-10-01 19:38:05,887 - INFO - increment: 20
2025-10-01 19:38:05,887 - INFO - model_name: sldc
2025-10-01 19:38:05,887 - INFO - weight_decay: 0.0
2025-10-01 19:38:05,887 - INFO - device: [device(type='cuda', index=0)]
2025-10-01 19:38:05,887 - INFO - vit_type: clip-vit-b-16
2025-10-01 19:38:05,887 - INFO - lora_rank: 8
2025-10-01 19:38:05,887 - INFO - lora_type: sgp_lora
2025-10-01 19:38:05,887 - INFO - weight_temp: 1.0
2025-10-01 19:38:05,887 - INFO - sgp_soft_projection: False
2025-10-01 19:38:05,887 - INFO - nsp_eps: 0.05
2025-10-01 19:38:05,887 - INFO - nsp_weight: 0.0
2025-10-01 19:38:05,887 - INFO - trace_k: 0.2
2025-10-01 19:38:05,887 - INFO - weight_kind: log1p
2025-10-01 19:38:05,887 - INFO - weight_p: 1.0
2025-10-01 19:38:05,887 - INFO - kl_gamma: 0.01
2025-10-01 19:38:05,887 - INFO - osgp_scale: 1.0
2025-10-01 19:38:05,887 - INFO - sce_a: 0.5
2025-10-01 19:38:05,887 - INFO - sce_b: 0.5
2025-10-01 19:38:05,888 - INFO - seed_list: [1990]
2025-10-01 19:38:05,888 - INFO - iterations: 1200
2025-10-01 19:38:05,888 - INFO - warmup_steps: 0
2025-10-01 19:38:05,888 - INFO - ca_epochs: 5
2025-10-01 19:38:05,888 - INFO - optimizer: adamw
2025-10-01 19:38:05,888 - INFO - lrate: 0.0005
2025-10-01 19:38:05,888 - INFO - head_scale: 1.0
2025-10-01 19:38:05,888 - INFO - batch_size: 32
2025-10-01 19:38:05,888 - INFO - evaluate_final_only: True
2025-10-01 19:38:05,888 - INFO - gamma_norm: 0.1
2025-10-01 19:38:05,888 - INFO - gamma_kd: 2.0
2025-10-01 19:38:05,888 - INFO - kd_type: feat
2025-10-01 19:38:05,888 - INFO - alpha_t: 1.0
2025-10-01 19:38:05,888 - INFO - gamma_1: 0.0001
2025-10-01 19:38:05,888 - INFO - compensate: True
2025-10-01 19:38:05,888 - INFO - amp: True
2025-10-01 19:38:05,888 - INFO - amp_dtype: fp16
2025-10-01 19:38:05,888 - INFO - clip_dataset_sequence: ['fgvc_aircraft', 'caltech-101', 'dtd', 'eurosat', 'oxford_flower102', 'food101', 'oxford_pets', 'stanford_cars']
2025-10-01 19:38:05,888 - INFO - clip_dataset_shuffle: False
2025-10-01 19:38:05,888 - INFO - clip_dataset_seed: 0
2025-10-01 19:38:05,888 - INFO - clip_num_workers: 4
2025-10-01 19:38:05,888 - INFO - clip_pin_memory: False
2025-10-01 19:38:05,888 - INFO - clip_use_reference_data: True
2025-10-01 19:38:05,888 - INFO - auxiliary_data_path: /data1/open_datasets/flickr8k
2025-10-01 19:38:05,888 - INFO - aux_dataset_type: flickr8k
2025-10-01 19:38:05,888 - INFO - auxiliary_data_size: 256
2025-10-01 19:38:05,888 - INFO - l2_protection: False
2025-10-01 19:38:05,888 - INFO - l2_protection_lambda: 1.0
2025-10-01 19:38:05,888 - INFO - seed: 1990
2025-10-01 19:38:05,888 - INFO - run_id: 0
2025-10-01 19:38:05,888 - INFO - log_path: sldc_logs_raoxuan/CLIP-CL_clip-vit-b-16/init-20_inc-20_rank-8_lt-sgp_lora_T-1_comp-1_wk-log1p_wp-1_kd-feat_gkd-2_gn-0p1_optim-adamw_lr-0p0005_bz-32_iter-1200_seed-1990
2025-10-01 19:38:06,938 - INFO - Task 0 Iter 350/1200 | lr=0.000402729 | acc=0.7299 | pos_cos=0.302507 | neg_cos=0.239700 | ref_L2=0.000016 | ref_cos=0.995899 | ref_KL=0.005331
Using a slow image processor as `use_fast` is unset and a slow processor was saved with this model. `use_fast=True` will be the default behavior in v4.52, even if the model was saved with a slow processor. This will result in minor differences in outputs. You'll still be able to use a slow processor with `use_fast=False`.
[Reference Data] enabled | type=flickr8k | path=/data1/open_datasets/flickr8k | num_workers=4 | pin_memory=False | captions=multi-avg(if supported)
Fetching 1 files:   0%|          | 0/1 [00:00<?, ?it/s]Fetching 1 files: 100%|██████████| 1/1 [00:00<00:00, 16710.37it/s]
2025-10-01 19:38:08,934 - INFO - Task 0 Iter 360/1200 | lr=0.000397496 | acc=0.7415 | pos_cos=0.299291 | neg_cos=0.235759 | ref_L2=0.000016 | ref_cos=0.995831 | ref_KL=0.004648
2025-10-01 19:38:10,813 - INFO - Task 0 Iter 370/1200 | lr=0.000392162 | acc=0.7445 | pos_cos=0.301442 | neg_cos=0.237740 | ref_L2=0.000017 | ref_cos=0.995644 | ref_KL=0.006616
2025-10-01 19:38:12,896 - INFO - Task 0 Iter 380/1200 | lr=0.000386731 | acc=0.7516 | pos_cos=0.303314 | neg_cos=0.239955 | ref_L2=0.000017 | ref_cos=0.995664 | ref_KL=0.004854
Fetching 1 files:   0%|          | 0/1 [00:00<?, ?it/s]Fetching 1 files: 100%|██████████| 1/1 [00:00<00:00, 8886.24it/s]
2025-10-01 19:38:15,211 - INFO - Task 0 Iter 390/1200 | lr=0.000381206 | acc=0.7804 | pos_cos=0.301666 | neg_cos=0.238632 | ref_L2=0.000017 | ref_cos=0.995749 | ref_KL=0.004960
/home/raoxuan/projects/SubspaceLoRA/models/subspace_lora_clip.py:144: FutureWarning: `torch.cuda.amp.GradScaler(args...)` is deprecated. Please use `torch.amp.GradScaler('cuda', args...)` instead.
  self.grad_scaler = GradScaler() if self.use_amp and self.amp_dtype == torch.float16 else None
2025-10-01 19:38:15,683 - INFO - AMP enabled (dtype=fp16)
2025-10-01 19:38:16,895 - INFO - Task 0 Iter 400/1200 | lr=0.000375591 | acc=0.7590 | pos_cos=0.298937 | neg_cos=0.234742 | ref_L2=0.000017 | ref_cos=0.995773 | ref_KL=0.005728
2025-10-01 19:38:17,436 - INFO - Compiled SubspaceLoRAClipLearner network via torch.compile
2025-10-01 19:38:17,459 - INFO - [ClipIDM] dataset=fgvc_aircraft | train=3334 | test=3333 | classes=100
2025-10-01 19:38:17,486 - INFO - [ClipIDM] dataset=caltech-101 | train=3060 | test=6084 | classes=102
2025-10-01 19:38:17,498 - INFO - [ClipIDM] dataset=dtd | train=1880 | test=1880 | classes=47
2025-10-01 19:38:17,532 - INFO - [ClipIDM] dataset=eurosat | train=5000 | test=5000 | classes=10
2025-10-01 19:38:17,554 - INFO - [ClipIDM] dataset=oxford_flower102 | train=1020 | test=6149 | classes=102
2025-10-01 19:38:17,833 - INFO - [ClipIDM] dataset=food101 | train=75750 | test=25250 | classes=101
2025-10-01 19:38:17,854 - INFO - [ClipIDM] dataset=oxford_pets | train=3680 | test=3669 | classes=37
2025-10-01 19:38:17,903 - INFO - [ClipIDM] dataset=stanford_cars | train=8144 | test=8041 | classes=196
2025-10-01 19:38:17,907 - INFO - All params: 151030785
2025-10-01 19:38:17,909 - INFO - Trainable params: 1410048
2025-10-01 19:38:18,157 - INFO - Precomputing reference text embeddings ...
2025-10-01 19:38:18,594 - INFO - Task 0 Iter 410/1200 | lr=0.00036989 | acc=0.7429 | pos_cos=0.298525 | neg_cos=0.236412 | ref_L2=0.000017 | ref_cos=0.995634 | ref_KL=0.004700
2025-10-01 19:38:20,702 - INFO - Task 0 Iter 420/1200 | lr=0.000364108 | acc=0.7804 | pos_cos=0.298797 | neg_cos=0.234854 | ref_L2=0.000017 | ref_cos=0.995675 | ref_KL=0.005727
2025-10-01 19:38:24,003 - INFO - Task 0 Iter 430/1200 | lr=0.000358247 | acc=0.7796 | pos_cos=0.296897 | neg_cos=0.233810 | ref_L2=0.000017 | ref_cos=0.995714 | ref_KL=0.004944
2025-10-01 19:38:26,204 - INFO - Task 0 Iter 440/1200 | lr=0.000352311 | acc=0.7902 | pos_cos=0.297242 | neg_cos=0.233023 | ref_L2=0.000017 | ref_cos=0.995657 | ref_KL=0.004596
2025-10-01 19:38:29,047 - INFO - Task 0 Iter 450/1200 | lr=0.000346306 | acc=0.8096 | pos_cos=0.296770 | neg_cos=0.233626 | ref_L2=0.000016 | ref_cos=0.995791 | ref_KL=0.004543
2025-10-01 19:38:31,231 - INFO - Task 0 Iter 460/1200 | lr=0.000340235 | acc=0.8103 | pos_cos=0.295754 | neg_cos=0.232610 | ref_L2=0.000017 | ref_cos=0.995667 | ref_KL=0.004015
2025-10-01 19:38:33,444 - INFO - Task 0 Iter 470/1200 | lr=0.000334102 | acc=0.8191 | pos_cos=0.293350 | neg_cos=0.229982 | ref_L2=0.000018 | ref_cos=0.995516 | ref_KL=0.003696
2025-10-01 19:38:35,645 - INFO - Task 0 Iter 480/1200 | lr=0.000327911 | acc=0.8193 | pos_cos=0.291814 | neg_cos=0.228311 | ref_L2=0.000018 | ref_cos=0.995516 | ref_KL=0.005861
2025-10-01 19:38:37,847 - INFO - Task 0 Iter 490/1200 | lr=0.000321667 | acc=0.8108 | pos_cos=0.293994 | neg_cos=0.231567 | ref_L2=0.000017 | ref_cos=0.995702 | ref_KL=0.006206
2025-10-01 19:38:38,693 - INFO - Precomputed 2048 reference text embeddings.
2025-10-01 19:38:38,693 - INFO - Caching reference teacher embeddings for 2048 samples...
2025-10-01 19:38:40,103 - INFO - Task 0 Iter 500/1200 | lr=0.000315374 | acc=0.8045 | pos_cos=0.290705 | neg_cos=0.226658 | ref_L2=0.000018 | ref_cos=0.995471 | ref_KL=0.004986
2025-10-01 19:38:43,500 - INFO - Task 0 Iter 510/1200 | lr=0.000309036 | acc=0.8298 | pos_cos=0.291737 | neg_cos=0.228335 | ref_L2=0.000018 | ref_cos=0.995405 | ref_KL=0.008335
2025-10-01 19:38:45,458 - INFO - Cached 2048 teacher feature vectors for reference data (6.76s).
2025-10-01 19:38:46,534 - INFO - Task 0 Iter 520/1200 | lr=0.000302657 | acc=0.8300 | pos_cos=0.289502 | neg_cos=0.226620 | ref_L2=0.000018 | ref_cos=0.995456 | ref_KL=0.006470
2025-10-01 19:38:50,073 - INFO - Task 0 Iter 530/1200 | lr=0.000296243 | acc=0.8179 | pos_cos=0.291344 | neg_cos=0.227675 | ref_L2=0.000018 | ref_cos=0.995435 | ref_KL=0.005016
2025-10-01 19:38:52,736 - INFO - Task 0 Iter 540/1200 | lr=0.000289797 | acc=0.8284 | pos_cos=0.287738 | neg_cos=0.224682 | ref_L2=0.000018 | ref_cos=0.995405 | ref_KL=0.004958
2025-10-01 19:38:55,340 - INFO - Task 0 Iter 550/1200 | lr=0.000283324 | acc=0.8468 | pos_cos=0.289668 | neg_cos=0.226540 | ref_L2=0.000018 | ref_cos=0.995290 | ref_KL=0.004435
2025-10-01 19:38:57,968 - INFO - Task 0 Iter 560/1200 | lr=0.000276828 | acc=0.8573 | pos_cos=0.286281 | neg_cos=0.222906 | ref_L2=0.000019 | ref_cos=0.995181 | ref_KL=0.003596
2025-10-01 19:39:00,758 - INFO - Task 0 Iter 570/1200 | lr=0.000270313 | acc=0.8379 | pos_cos=0.285763 | neg_cos=0.223325 | ref_L2=0.000018 | ref_cos=0.995383 | ref_KL=0.004124
2025-10-01 19:39:00,917 - INFO - Starting task 1/8: fgvc_aircraft (train=3334, test=3333, classes=100)
/home/raoxuan/projects/SubspaceLoRA/models/subspace_lora_clip.py:687: FutureWarning: `torch.cuda.amp.autocast(args...)` is deprecated. Please use `torch.amp.autocast('cuda', args...)` instead.
  with autocast(**self._autocast_kwargs):
`torch.nn.functional.scaled_dot_product_attention` does not support `output_attentions=True`. Falling back to eager attention. This warning can be removed using the argument `attn_implementation="eager"` when loading the model.
/home/raoxuan/projects/SubspaceLoRA/models/subspace_lora_clip.py:841: FutureWarning: `torch.cuda.amp.autocast(args...)` is deprecated. Please use `torch.amp.autocast('cuda', args...)` instead.
  with autocast(**self._autocast_kwargs):
2025-10-01 19:39:03,472 - INFO - Task 0 Iter 580/1200 | lr=0.000263785 | acc=0.8569 | pos_cos=0.286061 | neg_cos=0.223221 | ref_L2=0.000018 | ref_cos=0.995449 | ref_KL=0.004421
/home/raoxuan/ENTER/envs/raoxuan/lib/python3.9/site-packages/torch/optim/lr_scheduler.py:192: UserWarning: Detected call of `lr_scheduler.step()` before `optimizer.step()`. In PyTorch 1.1.0 and later, you should call them in the opposite order: `optimizer.step()` before `lr_scheduler.step()`.  Failure to do this will result in PyTorch skipping the first value of the learning rate schedule. See more details at https://pytorch.org/docs/stable/optim.html#how-to-adjust-learning-rate
  warnings.warn(
2025-10-01 19:39:06,959 - INFO - Task 0 Iter 590/1200 | lr=0.000257247 | acc=0.8492 | pos_cos=0.284302 | neg_cos=0.221097 | ref_L2=0.000018 | ref_cos=0.995386 | ref_KL=0.003726
2025-10-01 19:39:06,961 - INFO - Task 0 Iter 10/1200 | lr=0.000499931 | acc=0.2669 | pos_cos=0.312499 | neg_cos=0.249352 | ref_L2=0.000001 | ref_cos=0.999766 | ref_KL=0.000390
2025-10-01 19:39:10,643 - INFO - Task 0 Iter 600/1200 | lr=0.000250704 | acc=0.8290 | pos_cos=0.282100 | neg_cos=0.218844 | ref_L2=0.000019 | ref_cos=0.995242 | ref_KL=0.008660
2025-10-01 19:39:10,649 - INFO - Task 0 Iter 20/1200 | lr=0.000499691 | acc=0.2652 | pos_cos=0.315997 | neg_cos=0.258391 | ref_L2=0.000004 | ref_cos=0.999082 | ref_KL=0.001152
2025-10-01 19:39:14,346 - INFO - Task 0 Iter 610/1200 | lr=0.000244161 | acc=0.8453 | pos_cos=0.285889 | neg_cos=0.223155 | ref_L2=0.000019 | ref_cos=0.995203 | ref_KL=0.005762
2025-10-01 19:39:14,350 - INFO - Task 0 Iter 30/1200 | lr=0.00049928 | acc=0.2750 | pos_cos=0.319601 | neg_cos=0.269997 | ref_L2=0.000006 | ref_cos=0.998447 | ref_KL=0.001902
2025-10-01 19:39:18,019 - INFO - Task 0 Iter 620/1200 | lr=0.000237622 | acc=0.8196 | pos_cos=0.286526 | neg_cos=0.223912 | ref_L2=0.000018 | ref_cos=0.995364 | ref_KL=0.004329
2025-10-01 19:39:18,028 - INFO - Task 0 Iter 40/1200 | lr=0.000498698 | acc=0.2964 | pos_cos=0.322494 | neg_cos=0.274713 | ref_L2=0.000007 | ref_cos=0.998120 | ref_KL=0.002279
2025-10-01 19:39:21,606 - INFO - Task 0 Iter 630/1200 | lr=0.000231092 | acc=0.8469 | pos_cos=0.282821 | neg_cos=0.219652 | ref_L2=0.000018 | ref_cos=0.995288 | ref_KL=0.004491
2025-10-01 19:39:21,664 - INFO - Task 0 Iter 50/1200 | lr=0.000497946 | acc=0.2970 | pos_cos=0.323298 | neg_cos=0.274716 | ref_L2=0.000008 | ref_cos=0.997939 | ref_KL=0.002150
2025-10-01 19:39:23,927 - INFO - Task 0 Iter 60/1200 | lr=0.000497024 | acc=0.3043 | pos_cos=0.322351 | neg_cos=0.274826 | ref_L2=0.000008 | ref_cos=0.997939 | ref_KL=0.002456
2025-10-01 19:39:25,679 - INFO - Task 0 Iter 640/1200 | lr=0.000224574 | acc=0.8463 | pos_cos=0.282326 | neg_cos=0.219917 | ref_L2=0.000019 | ref_cos=0.995261 | ref_KL=0.004575
2025-10-01 19:39:27,512 - INFO - Task 0 Iter 70/1200 | lr=0.000495933 | acc=0.3080 | pos_cos=0.322546 | neg_cos=0.273093 | ref_L2=0.000008 | ref_cos=0.998069 | ref_KL=0.002631
2025-10-01 19:39:29,680 - INFO - Task 0 Iter 650/1200 | lr=0.000218074 | acc=0.8726 | pos_cos=0.282869 | neg_cos=0.219824 | ref_L2=0.000019 | ref_cos=0.995241 | ref_KL=0.003805
2025-10-01 19:39:30,842 - INFO - Task 0 Iter 80/1200 | lr=0.000494673 | acc=0.3204 | pos_cos=0.324604 | neg_cos=0.275102 | ref_L2=0.000008 | ref_cos=0.998033 | ref_KL=0.002785
2025-10-01 19:39:32,994 - INFO - Task 0 Iter 660/1200 | lr=0.000211596 | acc=0.8782 | pos_cos=0.280789 | neg_cos=0.218123 | ref_L2=0.000019 | ref_cos=0.995149 | ref_KL=0.004936
2025-10-01 19:39:34,177 - INFO - Task 0 Iter 90/1200 | lr=0.000493246 | acc=0.3722 | pos_cos=0.326171 | neg_cos=0.275690 | ref_L2=0.000008 | ref_cos=0.997973 | ref_KL=0.004114
2025-10-01 19:39:36,357 - INFO - Task 0 Iter 670/1200 | lr=0.000205144 | acc=0.8900 | pos_cos=0.279802 | neg_cos=0.216522 | ref_L2=0.000019 | ref_cos=0.995255 | ref_KL=0.004032
2025-10-01 19:39:37,558 - INFO - Task 0 Iter 100/1200 | lr=0.000491652 | acc=0.3418 | pos_cos=0.323537 | neg_cos=0.271983 | ref_L2=0.000008 | ref_cos=0.997933 | ref_KL=0.003493
2025-10-01 19:39:39,411 - INFO - Task 0 Iter 680/1200 | lr=0.000198723 | acc=0.8704 | pos_cos=0.279968 | neg_cos=0.217495 | ref_L2=0.000019 | ref_cos=0.995243 | ref_KL=0.004961
2025-10-01 19:39:42,080 - INFO - Task 0 Iter 690/1200 | lr=0.000192337 | acc=0.8639 | pos_cos=0.278180 | neg_cos=0.215488 | ref_L2=0.000019 | ref_cos=0.995255 | ref_KL=0.004171
2025-10-01 19:39:42,081 - INFO - Task 0 Iter 110/1200 | lr=0.000489892 | acc=0.3897 | pos_cos=0.321099 | neg_cos=0.273132 | ref_L2=0.000009 | ref_cos=0.997817 | ref_KL=0.004817
2025-10-01 19:39:45,740 - INFO - Task 0 Iter 700/1200 | lr=0.00018599 | acc=0.8673 | pos_cos=0.281767 | neg_cos=0.219049 | ref_L2=0.000018 | ref_cos=0.995472 | ref_KL=0.003408
2025-10-01 19:39:45,742 - INFO - Task 0 Iter 120/1200 | lr=0.000487968 | acc=0.4349 | pos_cos=0.322646 | neg_cos=0.269018 | ref_L2=0.000009 | ref_cos=0.997765 | ref_KL=0.004429
2025-10-01 19:39:49,240 - INFO - Task 0 Iter 710/1200 | lr=0.000179688 | acc=0.8759 | pos_cos=0.279777 | neg_cos=0.216801 | ref_L2=0.000018 | ref_cos=0.995350 | ref_KL=0.003163
2025-10-01 19:39:49,253 - INFO - Task 0 Iter 130/1200 | lr=0.000485881 | acc=0.4262 | pos_cos=0.320758 | neg_cos=0.266131 | ref_L2=0.000010 | ref_cos=0.997488 | ref_KL=0.003321
2025-10-01 19:39:53,030 - INFO - Task 0 Iter 720/1200 | lr=0.000173434 | acc=0.8488 | pos_cos=0.278516 | neg_cos=0.216106 | ref_L2=0.000018 | ref_cos=0.995396 | ref_KL=0.003073
2025-10-01 19:39:53,033 - INFO - Task 0 Iter 140/1200 | lr=0.000483632 | acc=0.4524 | pos_cos=0.320318 | neg_cos=0.264948 | ref_L2=0.000010 | ref_cos=0.997427 | ref_KL=0.005155
2025-10-01 19:39:56,639 - INFO - Task 0 Iter 730/1200 | lr=0.000167232 | acc=0.8655 | pos_cos=0.279026 | neg_cos=0.216261 | ref_L2=0.000019 | ref_cos=0.995217 | ref_KL=0.003230
2025-10-01 19:39:56,692 - INFO - Task 0 Iter 150/1200 | lr=0.000481223 | acc=0.4434 | pos_cos=0.319389 | neg_cos=0.264812 | ref_L2=0.000010 | ref_cos=0.997378 | ref_KL=0.004305
2025-10-01 19:39:59,038 - INFO - Task 0 Iter 160/1200 | lr=0.000478656 | acc=0.5148 | pos_cos=0.318537 | neg_cos=0.261184 | ref_L2=0.000010 | ref_cos=0.997328 | ref_KL=0.004612
2025-10-01 19:40:01,164 - INFO - Task 0 Iter 740/1200 | lr=0.000161087 | acc=0.8737 | pos_cos=0.278285 | neg_cos=0.215290 | ref_L2=0.000019 | ref_cos=0.995172 | ref_KL=0.003033
2025-10-01 19:40:02,258 - INFO - Task 0 Iter 170/1200 | lr=0.000475932 | acc=0.5016 | pos_cos=0.319527 | neg_cos=0.262905 | ref_L2=0.000011 | ref_cos=0.997218 | ref_KL=0.006997
2025-10-01 19:40:04,867 - INFO - Task 0 Iter 750/1200 | lr=0.000155003 | acc=0.8767 | pos_cos=0.275657 | neg_cos=0.213272 | ref_L2=0.000018 | ref_cos=0.995339 | ref_KL=0.002865
2025-10-01 19:40:06,000 - INFO - Task 0 Iter 180/1200 | lr=0.000473053 | acc=0.5226 | pos_cos=0.317097 | neg_cos=0.259300 | ref_L2=0.000011 | ref_cos=0.997075 | ref_KL=0.012644
2025-10-01 19:40:08,622 - INFO - Task 0 Iter 760/1200 | lr=0.000148984 | acc=0.8751 | pos_cos=0.276659 | neg_cos=0.214358 | ref_L2=0.000017 | ref_cos=0.995527 | ref_KL=0.003494
2025-10-01 19:40:09,751 - INFO - Task 0 Iter 190/1200 | lr=0.000470022 | acc=0.5028 | pos_cos=0.317213 | neg_cos=0.259084 | ref_L2=0.000011 | ref_cos=0.997252 | ref_KL=0.008639
2025-10-01 19:40:12,216 - INFO - Task 0 Iter 770/1200 | lr=0.000143035 | acc=0.8902 | pos_cos=0.273923 | neg_cos=0.211341 | ref_L2=0.000018 | ref_cos=0.995290 | ref_KL=0.003128
2025-10-01 19:40:13,368 - INFO - Task 0 Iter 200/1200 | lr=0.000466839 | acc=0.4809 | pos_cos=0.316689 | neg_cos=0.261454 | ref_L2=0.000011 | ref_cos=0.997057 | ref_KL=0.008342
2025-10-01 19:40:15,526 - INFO - Task 0 Iter 780/1200 | lr=0.000137159 | acc=0.8958 | pos_cos=0.273814 | neg_cos=0.211153 | ref_L2=0.000018 | ref_cos=0.995350 | ref_KL=0.002851
2025-10-01 19:40:16,557 - INFO - Task 0 Iter 210/1200 | lr=0.000463509 | acc=0.4662 | pos_cos=0.316143 | neg_cos=0.260072 | ref_L2=0.000011 | ref_cos=0.997108 | ref_KL=0.006357
2025-10-01 19:40:17,767 - INFO - Task 0 Iter 790/1200 | lr=0.00013136 | acc=0.9074 | pos_cos=0.271118 | neg_cos=0.208410 | ref_L2=0.000019 | ref_cos=0.995085 | ref_KL=0.003170
2025-10-01 19:40:20,999 - INFO - Task 0 Iter 220/1200 | lr=0.000460031 | acc=0.5522 | pos_cos=0.316037 | neg_cos=0.255844 | ref_L2=0.000012 | ref_cos=0.996960 | ref_KL=0.008737
2025-10-01 19:40:21,164 - INFO - Task 0 Iter 800/1200 | lr=0.000125642 | acc=0.9037 | pos_cos=0.270501 | neg_cos=0.207705 | ref_L2=0.000019 | ref_cos=0.995163 | ref_KL=0.003031
2025-10-01 19:40:24,359 - INFO - Task 0 Iter 230/1200 | lr=0.00045641 | acc=0.5634 | pos_cos=0.316988 | neg_cos=0.257034 | ref_L2=0.000012 | ref_cos=0.996925 | ref_KL=0.006843
2025-10-01 19:40:24,522 - INFO - Task 0 Iter 810/1200 | lr=0.00012001 | acc=0.9071 | pos_cos=0.271041 | neg_cos=0.208455 | ref_L2=0.000019 | ref_cos=0.995113 | ref_KL=0.002734
2025-10-01 19:40:27,705 - INFO - Task 0 Iter 240/1200 | lr=0.000452648 | acc=0.5912 | pos_cos=0.315325 | neg_cos=0.255251 | ref_L2=0.000012 | ref_cos=0.996843 | ref_KL=0.006673
2025-10-01 19:40:27,876 - INFO - Task 0 Iter 820/1200 | lr=0.000114467 | acc=0.9123 | pos_cos=0.270029 | neg_cos=0.206958 | ref_L2=0.000019 | ref_cos=0.995104 | ref_KL=0.002482
2025-10-01 19:40:31,022 - INFO - Task 0 Iter 250/1200 | lr=0.000448746 | acc=0.6003 | pos_cos=0.312798 | neg_cos=0.251341 | ref_L2=0.000013 | ref_cos=0.996765 | ref_KL=0.007863
2025-10-01 19:40:31,156 - INFO - Task 0 Iter 830/1200 | lr=0.000109017 | acc=0.8834 | pos_cos=0.270807 | neg_cos=0.208557 | ref_L2=0.000018 | ref_cos=0.995273 | ref_KL=0.003027
2025-10-01 19:40:34,573 - INFO - Task 0 Iter 260/1200 | lr=0.000444709 | acc=0.5985 | pos_cos=0.309420 | neg_cos=0.248671 | ref_L2=0.000013 | ref_cos=0.996619 | ref_KL=0.007427
2025-10-01 19:40:34,804 - INFO - Task 0 Iter 840/1200 | lr=0.000103663 | acc=0.8890 | pos_cos=0.269754 | neg_cos=0.207024 | ref_L2=0.000019 | ref_cos=0.995178 | ref_KL=0.002790
2025-10-01 19:40:36,632 - INFO - Task 0 Iter 270/1200 | lr=0.000440538 | acc=0.6323 | pos_cos=0.306379 | neg_cos=0.244254 | ref_L2=0.000014 | ref_cos=0.996443 | ref_KL=0.012050
2025-10-01 19:40:39,475 - INFO - Task 0 Iter 850/1200 | lr=9.84097e-05 | acc=0.9121 | pos_cos=0.271989 | neg_cos=0.209223 | ref_L2=0.000018 | ref_cos=0.995272 | ref_KL=0.003136
2025-10-01 19:40:39,982 - INFO - Task 0 Iter 280/1200 | lr=0.000436236 | acc=0.6349 | pos_cos=0.306136 | neg_cos=0.243608 | ref_L2=0.000014 | ref_cos=0.996421 | ref_KL=0.012730
2025-10-01 19:40:42,818 - INFO - Task 0 Iter 860/1200 | lr=9.32604e-05 | acc=0.8998 | pos_cos=0.269234 | neg_cos=0.207084 | ref_L2=0.000019 | ref_cos=0.995241 | ref_KL=0.003161
2025-10-01 19:40:43,316 - INFO - Task 0 Iter 290/1200 | lr=0.000431807 | acc=0.6256 | pos_cos=0.305636 | neg_cos=0.243798 | ref_L2=0.000015 | ref_cos=0.996243 | ref_KL=0.008863
2025-10-01 19:40:46,174 - INFO - Task 0 Iter 870/1200 | lr=8.82186e-05 | acc=0.9152 | pos_cos=0.269162 | neg_cos=0.206543 | ref_L2=0.000019 | ref_cos=0.995109 | ref_KL=0.002898
2025-10-01 19:40:46,672 - INFO - Task 0 Iter 300/1200 | lr=0.000427253 | acc=0.6511 | pos_cos=0.304896 | neg_cos=0.242063 | ref_L2=0.000014 | ref_cos=0.996398 | ref_KL=0.014181
2025-10-01 19:40:49,525 - INFO - Task 0 Iter 880/1200 | lr=8.32877e-05 | acc=0.9104 | pos_cos=0.270061 | neg_cos=0.207726 | ref_L2=0.000019 | ref_cos=0.995132 | ref_KL=0.002917
2025-10-01 19:40:50,007 - INFO - Task 0 Iter 310/1200 | lr=0.000422578 | acc=0.6485 | pos_cos=0.305241 | neg_cos=0.243823 | ref_L2=0.000014 | ref_cos=0.996540 | ref_KL=0.008103
2025-10-01 19:40:52,220 - INFO - Task 0 Iter 890/1200 | lr=7.8471e-05 | acc=0.9066 | pos_cos=0.268487 | neg_cos=0.206002 | ref_L2=0.000018 | ref_cos=0.995308 | ref_KL=0.002769
2025-10-01 19:40:54,111 - INFO - Task 0 Iter 320/1200 | lr=0.000417785 | acc=0.6681 | pos_cos=0.308803 | neg_cos=0.245757 | ref_L2=0.000014 | ref_cos=0.996542 | ref_KL=0.007927
2025-10-01 19:40:55,001 - INFO - Task 0 Iter 900/1200 | lr=7.3772e-05 | acc=0.9176 | pos_cos=0.266971 | neg_cos=0.204158 | ref_L2=0.000019 | ref_cos=0.995192 | ref_KL=0.002909
2025-10-01 19:40:58,146 - INFO - Task 0 Iter 330/1200 | lr=0.000412877 | acc=0.7072 | pos_cos=0.307653 | neg_cos=0.245691 | ref_L2=0.000013 | ref_cos=0.996593 | ref_KL=0.009149
2025-10-01 19:40:58,311 - INFO - Task 0 Iter 910/1200 | lr=6.91937e-05 | acc=0.9192 | pos_cos=0.266874 | neg_cos=0.204026 | ref_L2=0.000019 | ref_cos=0.995229 | ref_KL=0.002992
2025-10-01 19:41:01,468 - INFO - Task 0 Iter 340/1200 | lr=0.000407857 | acc=0.7191 | pos_cos=0.304711 | neg_cos=0.241002 | ref_L2=0.000013 | ref_cos=0.996595 | ref_KL=0.010348
2025-10-01 19:41:01,636 - INFO - Task 0 Iter 920/1200 | lr=6.47394e-05 | acc=0.9152 | pos_cos=0.269942 | neg_cos=0.207564 | ref_L2=0.000019 | ref_cos=0.995066 | ref_KL=0.002788
2025-10-01 19:41:04,788 - INFO - Task 0 Iter 350/1200 | lr=0.000402729 | acc=0.7082 | pos_cos=0.303253 | neg_cos=0.240483 | ref_L2=0.000014 | ref_cos=0.996370 | ref_KL=0.009915
2025-10-01 19:41:04,952 - INFO - Task 0 Iter 930/1200 | lr=6.04122e-05 | acc=0.8899 | pos_cos=0.267399 | neg_cos=0.204995 | ref_L2=0.000019 | ref_cos=0.995048 | ref_KL=0.002567
2025-10-01 19:41:08,144 - INFO - Task 0 Iter 360/1200 | lr=0.000397496 | acc=0.7238 | pos_cos=0.299873 | neg_cos=0.236483 | ref_L2=0.000014 | ref_cos=0.996403 | ref_KL=0.007187
2025-10-01 19:41:08,302 - INFO - Task 0 Iter 940/1200 | lr=5.62148e-05 | acc=0.9018 | pos_cos=0.264129 | neg_cos=0.201351 | ref_L2=0.000018 | ref_cos=0.995269 | ref_KL=0.002989
2025-10-01 19:41:10,639 - INFO - Task 0 Iter 370/1200 | lr=0.000392162 | acc=0.7325 | pos_cos=0.302231 | neg_cos=0.238712 | ref_L2=0.000014 | ref_cos=0.996306 | ref_KL=0.009611
2025-10-01 19:41:12,783 - INFO - Task 0 Iter 950/1200 | lr=5.21504e-05 | acc=0.9070 | pos_cos=0.265433 | neg_cos=0.203080 | ref_L2=0.000018 | ref_cos=0.995311 | ref_KL=0.003138
2025-10-01 19:41:13,485 - INFO - Task 0 Iter 380/1200 | lr=0.000386731 | acc=0.7407 | pos_cos=0.304048 | neg_cos=0.240626 | ref_L2=0.000014 | ref_cos=0.996364 | ref_KL=0.006705
2025-10-01 19:41:15,466 - INFO - Task 0 Iter 960/1200 | lr=4.82215e-05 | acc=0.9036 | pos_cos=0.267060 | neg_cos=0.204804 | ref_L2=0.000018 | ref_cos=0.995293 | ref_KL=0.002923
2025-10-01 19:41:16,894 - INFO - Task 0 Iter 390/1200 | lr=0.000381206 | acc=0.7495 | pos_cos=0.302583 | neg_cos=0.239687 | ref_L2=0.000014 | ref_cos=0.996510 | ref_KL=0.005721
2025-10-01 19:41:19,389 - INFO - Task 0 Iter 970/1200 | lr=4.4431e-05 | acc=0.9234 | pos_cos=0.265069 | neg_cos=0.202784 | ref_L2=0.000018 | ref_cos=0.995274 | ref_KL=0.002808
2025-10-01 19:41:20,296 - INFO - Task 0 Iter 400/1200 | lr=0.000375591 | acc=0.7392 | pos_cos=0.299965 | neg_cos=0.235902 | ref_L2=0.000013 | ref_cos=0.996581 | ref_KL=0.007210
2025-10-01 19:41:22,553 - INFO - Task 0 Iter 980/1200 | lr=4.07814e-05 | acc=0.9252 | pos_cos=0.264791 | neg_cos=0.201956 | ref_L2=0.000019 | ref_cos=0.995151 | ref_KL=0.002527
2025-10-01 19:41:23,813 - INFO - Task 0 Iter 410/1200 | lr=0.00036989 | acc=0.7290 | pos_cos=0.299073 | neg_cos=0.237029 | ref_L2=0.000014 | ref_cos=0.996424 | ref_KL=0.006293
2025-10-01 19:41:25,862 - INFO - Task 0 Iter 990/1200 | lr=3.72752e-05 | acc=0.9119 | pos_cos=0.264460 | neg_cos=0.201847 | ref_L2=0.000019 | ref_cos=0.995221 | ref_KL=0.002303
2025-10-01 19:41:27,225 - INFO - Task 0 Iter 420/1200 | lr=0.000364108 | acc=0.7799 | pos_cos=0.299052 | neg_cos=0.235209 | ref_L2=0.000014 | ref_cos=0.996451 | ref_KL=0.006762
2025-10-01 19:41:28,169 - INFO - Task 0 Iter 1000/1200 | lr=3.39149e-05 | acc=0.9284 | pos_cos=0.266035 | neg_cos=0.203268 | ref_L2=0.000019 | ref_cos=0.995239 | ref_KL=0.002851
2025-10-01 19:41:31,221 - INFO - Task 0 Iter 1010/1200 | lr=3.07027e-05 | acc=0.9366 | pos_cos=0.265023 | neg_cos=0.202266 | ref_L2=0.000019 | ref_cos=0.995080 | ref_KL=0.003217
2025-10-01 19:41:31,735 - INFO - Task 0 Iter 430/1200 | lr=0.000358247 | acc=0.7738 | pos_cos=0.297356 | neg_cos=0.234129 | ref_L2=0.000014 | ref_cos=0.996419 | ref_KL=0.006381
2025-10-01 19:41:34,528 - INFO - Task 0 Iter 1020/1200 | lr=2.76408e-05 | acc=0.9347 | pos_cos=0.266104 | neg_cos=0.203240 | ref_L2=0.000019 | ref_cos=0.995040 | ref_KL=0.002864
2025-10-01 19:41:35,070 - INFO - Task 0 Iter 440/1200 | lr=0.000352311 | acc=0.7787 | pos_cos=0.297535 | neg_cos=0.233233 | ref_L2=0.000014 | ref_cos=0.996384 | ref_KL=0.006660
2025-10-01 19:41:37,978 - INFO - Task 0 Iter 1030/1200 | lr=2.47313e-05 | acc=0.9119 | pos_cos=0.264197 | neg_cos=0.201748 | ref_L2=0.000019 | ref_cos=0.995225 | ref_KL=0.002516
2025-10-01 19:41:38,354 - INFO - Task 0 Iter 450/1200 | lr=0.000346306 | acc=0.8014 | pos_cos=0.297045 | neg_cos=0.233894 | ref_L2=0.000014 | ref_cos=0.996525 | ref_KL=0.004668
2025-10-01 19:41:41,756 - INFO - Task 0 Iter 1040/1200 | lr=2.19763e-05 | acc=0.9163 | pos_cos=0.265312 | neg_cos=0.203015 | ref_L2=0.000020 | ref_cos=0.994950 | ref_KL=0.002494
2025-10-01 19:41:42,132 - INFO - Task 0 Iter 460/1200 | lr=0.000340235 | acc=0.8017 | pos_cos=0.295992 | neg_cos=0.232810 | ref_L2=0.000014 | ref_cos=0.996415 | ref_KL=0.004356
2025-10-01 19:41:45,378 - INFO - Task 0 Iter 1050/1200 | lr=1.93775e-05 | acc=0.9123 | pos_cos=0.263067 | neg_cos=0.200515 | ref_L2=0.000019 | ref_cos=0.995030 | ref_KL=0.002653
2025-10-01 19:41:45,596 - INFO - Task 0 Iter 470/1200 | lr=0.000334102 | acc=0.8047 | pos_cos=0.293868 | neg_cos=0.230323 | ref_L2=0.000014 | ref_cos=0.996340 | ref_KL=0.006929
2025-10-01 19:41:48,068 - INFO - Task 0 Iter 480/1200 | lr=0.000327911 | acc=0.7986 | pos_cos=0.292139 | neg_cos=0.228737 | ref_L2=0.000014 | ref_cos=0.996377 | ref_KL=0.006844
2025-10-01 19:41:50,143 - INFO - Task 0 Iter 1060/1200 | lr=1.69369e-05 | acc=0.9224 | pos_cos=0.264194 | neg_cos=0.201568 | ref_L2=0.000018 | ref_cos=0.995293 | ref_KL=0.002784
2025-10-01 19:41:51,521 - INFO - Task 0 Iter 490/1200 | lr=0.000321667 | acc=0.7950 | pos_cos=0.294121 | neg_cos=0.231519 | ref_L2=0.000013 | ref_cos=0.996557 | ref_KL=0.005421
2025-10-01 19:41:53,376 - INFO - Task 0 Iter 1070/1200 | lr=1.4656e-05 | acc=0.9297 | pos_cos=0.263900 | neg_cos=0.201290 | ref_L2=0.000019 | ref_cos=0.995237 | ref_KL=0.002693
2025-10-01 19:41:54,838 - INFO - Task 0 Iter 500/1200 | lr=0.000315374 | acc=0.8056 | pos_cos=0.291022 | neg_cos=0.226859 | ref_L2=0.000014 | ref_cos=0.996355 | ref_KL=0.005368
2025-10-01 19:41:56,683 - INFO - Task 0 Iter 1080/1200 | lr=1.25364e-05 | acc=0.9179 | pos_cos=0.263903 | neg_cos=0.201412 | ref_L2=0.000019 | ref_cos=0.995089 | ref_KL=0.003325
2025-10-01 19:41:58,191 - INFO - Task 0 Iter 510/1200 | lr=0.000309036 | acc=0.8139 | pos_cos=0.292279 | neg_cos=0.228915 | ref_L2=0.000014 | ref_cos=0.996357 | ref_KL=0.012597
2025-10-01 19:42:00,318 - INFO - Task 0 Iter 1090/1200 | lr=1.05797e-05 | acc=0.9357 | pos_cos=0.261939 | neg_cos=0.199665 | ref_L2=0.000019 | ref_cos=0.995036 | ref_KL=0.003056
2025-10-01 19:42:02,130 - INFO - Task 0 Iter 520/1200 | lr=0.000302657 | acc=0.8198 | pos_cos=0.290496 | neg_cos=0.227541 | ref_L2=0.000014 | ref_cos=0.996305 | ref_KL=0.008894
2025-10-01 19:42:03,594 - INFO - Task 0 Iter 1100/1200 | lr=8.78703e-06 | acc=0.9271 | pos_cos=0.259832 | neg_cos=0.197229 | ref_L2=0.000019 | ref_cos=0.995104 | ref_KL=0.002903
2025-10-01 19:42:05,984 - INFO - Task 0 Iter 1110/1200 | lr=7.15973e-06 | acc=0.9219 | pos_cos=0.262277 | neg_cos=0.199621 | ref_L2=0.000019 | ref_cos=0.995126 | ref_KL=0.002889
2025-10-01 19:42:06,723 - INFO - Task 0 Iter 530/1200 | lr=0.000296243 | acc=0.8115 | pos_cos=0.291717 | neg_cos=0.228087 | ref_L2=0.000014 | ref_cos=0.996302 | ref_KL=0.005257
2025-10-01 19:42:09,727 - INFO - Task 0 Iter 1120/1200 | lr=5.6989e-06 | acc=0.9254 | pos_cos=0.263525 | neg_cos=0.200932 | ref_L2=0.000019 | ref_cos=0.995029 | ref_KL=0.002577
2025-10-01 19:42:10,476 - INFO - Task 0 Iter 540/1200 | lr=0.000289797 | acc=0.8184 | pos_cos=0.287722 | neg_cos=0.224592 | ref_L2=0.000014 | ref_cos=0.996344 | ref_KL=0.005449
2025-10-01 19:42:13,521 - INFO - Task 0 Iter 1130/1200 | lr=4.40553e-06 | acc=0.9325 | pos_cos=0.263447 | neg_cos=0.200608 | ref_L2=0.000019 | ref_cos=0.995144 | ref_KL=0.002377
2025-10-01 19:42:14,284 - INFO - Task 0 Iter 550/1200 | lr=0.000283324 | acc=0.8304 | pos_cos=0.289690 | neg_cos=0.226657 | ref_L2=0.000015 | ref_cos=0.996231 | ref_KL=0.004659
2025-10-01 19:42:17,307 - INFO - Task 0 Iter 1140/1200 | lr=3.28051e-06 | acc=0.9272 | pos_cos=0.263921 | neg_cos=0.201159 | ref_L2=0.000019 | ref_cos=0.995127 | ref_KL=0.002766
2025-10-01 19:42:18,055 - INFO - Task 0 Iter 560/1200 | lr=0.000276828 | acc=0.8432 | pos_cos=0.286249 | neg_cos=0.222715 | ref_L2=0.000015 | ref_cos=0.996207 | ref_KL=0.004596
2025-10-01 19:42:21,072 - INFO - Task 0 Iter 1150/1200 | lr=2.32462e-06 | acc=0.9174 | pos_cos=0.261819 | neg_cos=0.199222 | ref_L2=0.000018 | ref_cos=0.995297 | ref_KL=0.002661
2025-10-01 19:42:21,830 - INFO - Task 0 Iter 570/1200 | lr=0.000270313 | acc=0.8242 | pos_cos=0.286278 | neg_cos=0.223670 | ref_L2=0.000014 | ref_cos=0.996323 | ref_KL=0.004963
2025-10-01 19:42:24,767 - INFO - Task 0 Iter 580/1200 | lr=0.000263785 | acc=0.8560 | pos_cos=0.285811 | neg_cos=0.223065 | ref_L2=0.000015 | ref_cos=0.996261 | ref_KL=0.006486
2025-10-01 19:42:26,257 - INFO - Task 0 Iter 1160/1200 | lr=1.5385e-06 | acc=0.9348 | pos_cos=0.262143 | neg_cos=0.199516 | ref_L2=0.000019 | ref_cos=0.995225 | ref_KL=0.002542
2025-10-01 19:42:28,517 - INFO - Task 0 Iter 590/1200 | lr=0.000257247 | acc=0.8474 | pos_cos=0.284477 | neg_cos=0.221146 | ref_L2=0.000014 | ref_cos=0.996302 | ref_KL=0.004090
2025-10-01 19:42:29,991 - INFO - Task 0 Iter 1170/1200 | lr=9.22707e-07 | acc=0.9344 | pos_cos=0.260846 | neg_cos=0.198576 | ref_L2=0.000019 | ref_cos=0.995155 | ref_KL=0.002791
2025-10-01 19:42:32,175 - INFO - Task 0 Iter 600/1200 | lr=0.000250704 | acc=0.8161 | pos_cos=0.281603 | neg_cos=0.218396 | ref_L2=0.000015 | ref_cos=0.996167 | ref_KL=0.005479
2025-10-01 19:42:33,582 - INFO - Task 0 Iter 1180/1200 | lr=4.7765e-07 | acc=0.9328 | pos_cos=0.262744 | neg_cos=0.200161 | ref_L2=0.000019 | ref_cos=0.995101 | ref_KL=0.002719
2025-10-01 19:42:35,769 - INFO - Task 0 Iter 610/1200 | lr=0.000244161 | acc=0.8375 | pos_cos=0.285724 | neg_cos=0.222823 | ref_L2=0.000015 | ref_cos=0.996110 | ref_KL=0.006119
2025-10-01 19:42:37,208 - INFO - Task 0 Iter 1190/1200 | lr=2.03637e-07 | acc=0.9195 | pos_cos=0.262841 | neg_cos=0.200543 | ref_L2=0.000019 | ref_cos=0.995179 | ref_KL=0.002622
2025-10-01 19:42:39,437 - INFO - Task 0 Iter 620/1200 | lr=0.000237622 | acc=0.8209 | pos_cos=0.286078 | neg_cos=0.223288 | ref_L2=0.000014 | ref_cos=0.996405 | ref_KL=0.004108
2025-10-01 19:42:40,713 - INFO - Task 0 Iter 1200/1200 | lr=1.00857e-07 | acc=0.9262 | pos_cos=0.263491 | neg_cos=0.200657 | ref_L2=0.000018 | ref_cos=0.995269 | ref_KL=0.002578
2025-10-01 19:42:41,205 - INFO - Task 0 finished | total: 343.35 s | train: 342.85 s | drift: 0.00 s
2025-10-01 19:42:41,705 - INFO - Task 0 Iter 630/1200 | lr=0.000231092 | acc=0.8356 | pos_cos=0.282167 | neg_cos=0.218990 | ref_L2=0.000014 | ref_cos=0.996299 | ref_KL=0.004325
2025-10-01 19:42:46,022 - INFO - Task 0 Iter 640/1200 | lr=0.000224574 | acc=0.8340 | pos_cos=0.281685 | neg_cos=0.219202 | ref_L2=0.000015 | ref_cos=0.996257 | ref_KL=0.004348
2025-10-01 19:42:49,783 - INFO - Task 0 Iter 650/1200 | lr=0.000218074 | acc=0.8707 | pos_cos=0.282964 | neg_cos=0.219861 | ref_L2=0.000015 | ref_cos=0.996277 | ref_KL=0.003387
2025-10-01 19:42:52,903 - INFO - Task 0 Iter 660/1200 | lr=0.000211596 | acc=0.8666 | pos_cos=0.280721 | neg_cos=0.217903 | ref_L2=0.000015 | ref_cos=0.996203 | ref_KL=0.004209
2025-10-01 19:42:56,049 - INFO - Task 0 Iter 670/1200 | lr=0.000205144 | acc=0.8750 | pos_cos=0.279498 | neg_cos=0.216165 | ref_L2=0.000014 | ref_cos=0.996306 | ref_KL=0.003139
2025-10-01 19:42:59,198 - INFO - Task 0 Iter 680/1200 | lr=0.000198723 | acc=0.8655 | pos_cos=0.279646 | neg_cos=0.216996 | ref_L2=0.000015 | ref_cos=0.996240 | ref_KL=0.004267
2025-10-01 19:43:02,362 - INFO - Task 0 Iter 690/1200 | lr=0.000192337 | acc=0.8555 | pos_cos=0.277660 | neg_cos=0.214966 | ref_L2=0.000014 | ref_cos=0.996329 | ref_KL=0.003160
2025-10-01 19:43:05,461 - INFO - Task 0 Iter 700/1200 | lr=0.00018599 | acc=0.8577 | pos_cos=0.281158 | neg_cos=0.218399 | ref_L2=0.000014 | ref_cos=0.996463 | ref_KL=0.003764
2025-10-01 19:43:07,322 - INFO - Evaluating zeroshot performance after task 1
2025-10-01 19:43:08,749 - INFO - Task 0 Iter 710/1200 | lr=0.000179688 | acc=0.8682 | pos_cos=0.279442 | neg_cos=0.216300 | ref_L2=0.000014 | ref_cos=0.996385 | ref_KL=0.002910
2025-10-01 19:43:11,087 - INFO - Task 0 Iter 720/1200 | lr=0.000173434 | acc=0.8362 | pos_cos=0.278330 | neg_cos=0.215832 | ref_L2=0.000014 | ref_cos=0.996342 | ref_KL=0.002809
2025-10-01 19:43:13,816 - INFO - Task 0 Iter 730/1200 | lr=0.000167232 | acc=0.8551 | pos_cos=0.279015 | neg_cos=0.216323 | ref_L2=0.000015 | ref_cos=0.996194 | ref_KL=0.002769
2025-10-01 19:43:17,652 - INFO - Task 0 Iter 740/1200 | lr=0.000161087 | acc=0.8625 | pos_cos=0.277689 | neg_cos=0.214607 | ref_L2=0.000015 | ref_cos=0.996235 | ref_KL=0.002555
2025-10-01 19:43:20,081 - INFO - Task 0 Iter 750/1200 | lr=0.000155003 | acc=0.8626 | pos_cos=0.275026 | neg_cos=0.212647 | ref_L2=0.000014 | ref_cos=0.996375 | ref_KL=0.002935
2025-10-01 19:43:22,395 - INFO - Task 0 Iter 760/1200 | lr=0.000148984 | acc=0.8734 | pos_cos=0.276134 | neg_cos=0.213818 | ref_L2=0.000014 | ref_cos=0.996488 | ref_KL=0.003210
2025-10-01 19:43:25,431 - INFO - Task 0 Iter 770/1200 | lr=0.000143035 | acc=0.8825 | pos_cos=0.274189 | neg_cos=0.211524 | ref_L2=0.000014 | ref_cos=0.996374 | ref_KL=0.002579
2025-10-01 19:43:26,900 - INFO -   fgvc_aircraft: 56.02%
2025-10-01 19:43:28,084 - INFO - Task 0 Iter 780/1200 | lr=0.000137159 | acc=0.8775 | pos_cos=0.274181 | neg_cos=0.211350 | ref_L2=0.000014 | ref_cos=0.996417 | ref_KL=0.002367
2025-10-01 19:43:31,088 - INFO - Task 0 Iter 790/1200 | lr=0.00013136 | acc=0.8780 | pos_cos=0.271678 | neg_cos=0.208946 | ref_L2=0.000015 | ref_cos=0.996135 | ref_KL=0.003731
2025-10-01 19:43:34,501 - INFO - Task 0 Iter 800/1200 | lr=0.000125642 | acc=0.8927 | pos_cos=0.270636 | neg_cos=0.207835 | ref_L2=0.000015 | ref_cos=0.996257 | ref_KL=0.002761
2025-10-01 19:43:37,849 - INFO - Task 0 Iter 810/1200 | lr=0.00012001 | acc=0.8785 | pos_cos=0.271367 | neg_cos=0.208740 | ref_L2=0.000015 | ref_cos=0.996244 | ref_KL=0.002317
2025-10-01 19:43:41,261 - INFO - Task 0 Iter 820/1200 | lr=0.000114467 | acc=0.8889 | pos_cos=0.270244 | neg_cos=0.207150 | ref_L2=0.000015 | ref_cos=0.996090 | ref_KL=0.002170
2025-10-01 19:43:44,648 - INFO - Task 0 Iter 830/1200 | lr=0.000109017 | acc=0.8713 | pos_cos=0.270873 | neg_cos=0.208523 | ref_L2=0.000014 | ref_cos=0.996317 | ref_KL=0.002867
2025-10-01 19:43:48,537 - INFO - Task 0 Iter 840/1200 | lr=0.000103663 | acc=0.8773 | pos_cos=0.269621 | neg_cos=0.206946 | ref_L2=0.000015 | ref_cos=0.996285 | ref_KL=0.002329
2025-10-01 19:43:49,591 - INFO -   caltech-101: 76.02%
2025-10-01 19:43:52,272 - INFO - Task 0 Iter 850/1200 | lr=9.84097e-05 | acc=0.8895 | pos_cos=0.271786 | neg_cos=0.208839 | ref_L2=0.000014 | ref_cos=0.996400 | ref_KL=0.002478
2025-10-01 19:43:55,616 - INFO - Task 0 Iter 860/1200 | lr=9.32604e-05 | acc=0.8885 | pos_cos=0.269171 | neg_cos=0.206916 | ref_L2=0.000014 | ref_cos=0.996298 | ref_KL=0.004104
2025-10-01 19:43:57,745 - INFO -   dtd: 44.79%
2025-10-01 19:43:58,491 - INFO - Task 0 Iter 870/1200 | lr=8.82186e-05 | acc=0.8887 | pos_cos=0.269130 | neg_cos=0.206519 | ref_L2=0.000015 | ref_cos=0.996120 | ref_KL=0.003797
2025-10-01 19:44:01,783 - INFO - Task 0 Iter 880/1200 | lr=8.32877e-05 | acc=0.8860 | pos_cos=0.270761 | neg_cos=0.208427 | ref_L2=0.000015 | ref_cos=0.996251 | ref_KL=0.002680
2025-10-01 19:44:05,087 - INFO - Task 0 Iter 890/1200 | lr=7.8471e-05 | acc=0.8857 | pos_cos=0.269691 | neg_cos=0.207102 | ref_L2=0.000014 | ref_cos=0.996371 | ref_KL=0.002237
2025-10-01 19:44:09,039 - INFO - Task 0 Iter 900/1200 | lr=7.3772e-05 | acc=0.9114 | pos_cos=0.268256 | neg_cos=0.205335 | ref_L2=0.000015 | ref_cos=0.996243 | ref_KL=0.004210
2025-10-01 19:44:12,461 - INFO - Task 0 Iter 910/1200 | lr=6.91937e-05 | acc=0.9176 | pos_cos=0.268236 | neg_cos=0.205293 | ref_L2=0.000014 | ref_cos=0.996364 | ref_KL=0.002837
2025-10-01 19:44:15,866 - INFO - Task 0 Iter 920/1200 | lr=6.47394e-05 | acc=0.9007 | pos_cos=0.271182 | neg_cos=0.208822 | ref_L2=0.000015 | ref_cos=0.996214 | ref_KL=0.002400
2025-10-01 19:44:16,299 - INFO -   eurosat: 54.70%
2025-10-01 19:44:18,211 - INFO - Task 0 Iter 930/1200 | lr=6.04122e-05 | acc=0.8806 | pos_cos=0.268181 | neg_cos=0.205810 | ref_L2=0.000015 | ref_cos=0.996195 | ref_KL=0.002078
2025-10-01 19:44:21,588 - INFO - Task 0 Iter 940/1200 | lr=5.62148e-05 | acc=0.8789 | pos_cos=0.265315 | neg_cos=0.202623 | ref_L2=0.000014 | ref_cos=0.996296 | ref_KL=0.002649
2025-10-01 19:44:26,000 - INFO - Task 0 Iter 950/1200 | lr=5.21504e-05 | acc=0.8954 | pos_cos=0.266386 | neg_cos=0.204078 | ref_L2=0.000014 | ref_cos=0.996358 | ref_KL=0.002645
2025-10-01 19:44:29,312 - INFO - Task 0 Iter 960/1200 | lr=4.82215e-05 | acc=0.8800 | pos_cos=0.268083 | neg_cos=0.205622 | ref_L2=0.000014 | ref_cos=0.996408 | ref_KL=0.002266
2025-10-01 19:44:33,239 - INFO - Task 0 Iter 970/1200 | lr=4.4431e-05 | acc=0.9007 | pos_cos=0.265854 | neg_cos=0.203561 | ref_L2=0.000014 | ref_cos=0.996372 | ref_KL=0.002217
2025-10-01 19:44:36,656 - INFO - Task 0 Iter 980/1200 | lr=4.07814e-05 | acc=0.9111 | pos_cos=0.265732 | neg_cos=0.202869 | ref_L2=0.000014 | ref_cos=0.996319 | ref_KL=0.001941
2025-10-01 19:44:39,094 - INFO -   oxford_flower102: 70.86%
2025-10-01 19:44:39,700 - INFO - Task 0 Iter 990/1200 | lr=3.72752e-05 | acc=0.8950 | pos_cos=0.265535 | neg_cos=0.202890 | ref_L2=0.000015 | ref_cos=0.996248 | ref_KL=0.002003
2025-10-01 19:44:42,388 - INFO - Task 0 Iter 1000/1200 | lr=3.39149e-05 | acc=0.9182 | pos_cos=0.267127 | neg_cos=0.204378 | ref_L2=0.000014 | ref_cos=0.996338 | ref_KL=0.002682
2025-10-01 19:44:45,797 - INFO - Task 0 Iter 1010/1200 | lr=3.07027e-05 | acc=0.9193 | pos_cos=0.266526 | neg_cos=0.203851 | ref_L2=0.000015 | ref_cos=0.996209 | ref_KL=0.003825
2025-10-01 19:44:49,182 - INFO - Task 0 Iter 1020/1200 | lr=2.76408e-05 | acc=0.9150 | pos_cos=0.267503 | neg_cos=0.204601 | ref_L2=0.000015 | ref_cos=0.996223 | ref_KL=0.002459
2025-10-01 19:44:53,110 - INFO - Task 0 Iter 1030/1200 | lr=2.47313e-05 | acc=0.8966 | pos_cos=0.265698 | neg_cos=0.203137 | ref_L2=0.000014 | ref_cos=0.996404 | ref_KL=0.002018
2025-10-01 19:44:56,414 - INFO - Task 0 Iter 1040/1200 | lr=2.19763e-05 | acc=0.9071 | pos_cos=0.266768 | neg_cos=0.204331 | ref_L2=0.000015 | ref_cos=0.996123 | ref_KL=0.001838
2025-10-01 19:44:59,582 - INFO - Task 0 Iter 1050/1200 | lr=1.93775e-05 | acc=0.8951 | pos_cos=0.263997 | neg_cos=0.201450 | ref_L2=0.000015 | ref_cos=0.996211 | ref_KL=0.001867
2025-10-01 19:45:04,006 - INFO - Task 0 Iter 1060/1200 | lr=1.69369e-05 | acc=0.9028 | pos_cos=0.265340 | neg_cos=0.202869 | ref_L2=0.000014 | ref_cos=0.996435 | ref_KL=0.002271
2025-10-01 19:45:07,336 - INFO - Task 0 Iter 1070/1200 | lr=1.4656e-05 | acc=0.9110 | pos_cos=0.265275 | neg_cos=0.202779 | ref_L2=0.000014 | ref_cos=0.996366 | ref_KL=0.002564
2025-10-01 19:45:10,710 - INFO - Task 0 Iter 1080/1200 | lr=1.25364e-05 | acc=0.8943 | pos_cos=0.265334 | neg_cos=0.202817 | ref_L2=0.000015 | ref_cos=0.996267 | ref_KL=0.002760
2025-10-01 19:45:14,793 - INFO - Task 0 Iter 1090/1200 | lr=1.05797e-05 | acc=0.9033 | pos_cos=0.263393 | neg_cos=0.201075 | ref_L2=0.000015 | ref_cos=0.996223 | ref_KL=0.002555
2025-10-01 19:45:18,080 - INFO - Task 0 Iter 1100/1200 | lr=8.78703e-06 | acc=0.9068 | pos_cos=0.261074 | neg_cos=0.198428 | ref_L2=0.000015 | ref_cos=0.996267 | ref_KL=0.002226
2025-10-01 19:45:21,383 - INFO - Task 0 Iter 1110/1200 | lr=7.15973e-06 | acc=0.9062 | pos_cos=0.263581 | neg_cos=0.200967 | ref_L2=0.000015 | ref_cos=0.996256 | ref_KL=0.002139
2025-10-01 19:45:24,686 - INFO - Task 0 Iter 1120/1200 | lr=5.6989e-06 | acc=0.9037 | pos_cos=0.264710 | neg_cos=0.202048 | ref_L2=0.000015 | ref_cos=0.996165 | ref_KL=0.002205
2025-10-01 19:45:27,988 - INFO - Task 0 Iter 1130/1200 | lr=4.40553e-06 | acc=0.9250 | pos_cos=0.264681 | neg_cos=0.201851 | ref_L2=0.000014 | ref_cos=0.996312 | ref_KL=0.001917
2025-10-01 19:45:31,284 - INFO - Task 0 Iter 1140/1200 | lr=3.28051e-06 | acc=0.9090 | pos_cos=0.265398 | neg_cos=0.202689 | ref_L2=0.000015 | ref_cos=0.996280 | ref_KL=0.002358
2025-10-01 19:45:34,597 - INFO - Task 0 Iter 1150/1200 | lr=2.32462e-06 | acc=0.9036 | pos_cos=0.263158 | neg_cos=0.200533 | ref_L2=0.000014 | ref_cos=0.996415 | ref_KL=0.002028
2025-10-01 19:45:39,468 - INFO - Task 0 Iter 1160/1200 | lr=1.5385e-06 | acc=0.9217 | pos_cos=0.263639 | neg_cos=0.200980 | ref_L2=0.000014 | ref_cos=0.996408 | ref_KL=0.001916
2025-10-01 19:45:42,786 - INFO - Task 0 Iter 1170/1200 | lr=9.22707e-07 | acc=0.9210 | pos_cos=0.262461 | neg_cos=0.200215 | ref_L2=0.000014 | ref_cos=0.996373 | ref_KL=0.001976
2025-10-01 19:45:46,107 - INFO - Task 0 Iter 1180/1200 | lr=4.7765e-07 | acc=0.9097 | pos_cos=0.264350 | neg_cos=0.201765 | ref_L2=0.000015 | ref_cos=0.996235 | ref_KL=0.002138
2025-10-01 19:45:49,436 - INFO - Task 0 Iter 1190/1200 | lr=2.03637e-07 | acc=0.8907 | pos_cos=0.264374 | neg_cos=0.201942 | ref_L2=0.000015 | ref_cos=0.996273 | ref_KL=0.002157
2025-10-01 19:45:52,807 - INFO - Task 0 Iter 1200/1200 | lr=1.00857e-07 | acc=0.9094 | pos_cos=0.264736 | neg_cos=0.201855 | ref_L2=0.000014 | ref_cos=0.996391 | ref_KL=0.001937
2025-10-01 19:45:53,216 - INFO - Task 0 finished | total: 411.35 s | train: 410.94 s | drift: 0.00 s
2025-10-01 19:46:06,346 - INFO -   food101: 87.89%
2025-10-01 19:46:17,075 - INFO - Evaluating zeroshot performance after task 1
2025-10-01 19:46:18,103 - INFO -   oxford_pets: 88.55%
2025-10-01 19:46:34,431 - INFO -   fgvc_aircraft: 56.41%
2025-10-01 19:46:45,418 - INFO -   stanford_cars: 61.92%
2025-10-01 19:46:45,419 - INFO - Average zeroshot accuracy after task 1: 67.59%
2025-10-01 19:46:45,419 - INFO - Starting task 2/8: caltech-101 (train=3060, test=6084, classes=102)
2025-10-01 19:46:50,168 - INFO - Task 1 Iter 10/1200 | lr=0.000499931 | acc=0.8761 | pos_cos=0.286750 | neg_cos=0.195351 | ref_L2=0.000022 | ref_cos=0.994453 | ref_KL=0.004917
2025-10-01 19:46:53,281 - INFO - Task 1 Iter 20/1200 | lr=0.000499691 | acc=0.8590 | pos_cos=0.278569 | neg_cos=0.202935 | ref_L2=0.000033 | ref_cos=0.991653 | ref_KL=0.011507
2025-10-01 19:46:56,429 - INFO - Task 1 Iter 30/1200 | lr=0.00049928 | acc=0.8790 | pos_cos=0.276864 | neg_cos=0.205343 | ref_L2=0.000034 | ref_cos=0.991369 | ref_KL=0.010268
2025-10-01 19:46:56,578 - INFO -   caltech-101: 76.00%
2025-10-01 19:46:58,859 - INFO - Task 1 Iter 40/1200 | lr=0.000498698 | acc=0.9091 | pos_cos=0.272926 | neg_cos=0.206643 | ref_L2=0.000033 | ref_cos=0.991481 | ref_KL=0.009322
2025-10-01 19:47:02,017 - INFO - Task 1 Iter 50/1200 | lr=0.000497946 | acc=0.9148 | pos_cos=0.271868 | neg_cos=0.206616 | ref_L2=0.000030 | ref_cos=0.992307 | ref_KL=0.007599
2025-10-01 19:47:04,739 - INFO -   dtd: 45.21%
2025-10-01 19:47:04,925 - INFO - Task 1 Iter 60/1200 | lr=0.000497024 | acc=0.9274 | pos_cos=0.270231 | neg_cos=0.206103 | ref_L2=0.000030 | ref_cos=0.992429 | ref_KL=0.007971
2025-10-01 19:47:08,377 - INFO - Task 1 Iter 70/1200 | lr=0.000495933 | acc=0.9167 | pos_cos=0.269354 | neg_cos=0.205654 | ref_L2=0.000031 | ref_cos=0.992162 | ref_KL=0.007935
2025-10-01 19:47:11,404 - INFO - Task 1 Iter 80/1200 | lr=0.000494673 | acc=0.9330 | pos_cos=0.268932 | neg_cos=0.205628 | ref_L2=0.000028 | ref_cos=0.992784 | ref_KL=0.007620
2025-10-01 19:47:14,457 - INFO - Task 1 Iter 90/1200 | lr=0.000493246 | acc=0.9304 | pos_cos=0.267587 | neg_cos=0.205135 | ref_L2=0.000028 | ref_cos=0.992839 | ref_KL=0.007387
2025-10-01 19:47:17,956 - INFO - Task 1 Iter 100/1200 | lr=0.000491652 | acc=0.9478 | pos_cos=0.267109 | neg_cos=0.204698 | ref_L2=0.000029 | ref_cos=0.992560 | ref_KL=0.008904
2025-10-01 19:47:21,020 - INFO - Task 1 Iter 110/1200 | lr=0.000489892 | acc=0.9586 | pos_cos=0.267223 | neg_cos=0.204566 | ref_L2=0.000028 | ref_cos=0.992724 | ref_KL=0.008203
2025-10-01 19:47:23,365 - INFO -   eurosat: 54.94%
2025-10-01 19:47:23,761 - INFO - Task 1 Iter 120/1200 | lr=0.000487968 | acc=0.9607 | pos_cos=0.267305 | neg_cos=0.205466 | ref_L2=0.000027 | ref_cos=0.993047 | ref_KL=0.006969
2025-10-01 19:47:26,545 - INFO - Task 1 Iter 130/1200 | lr=0.000485881 | acc=0.9741 | pos_cos=0.268278 | neg_cos=0.206078 | ref_L2=0.000028 | ref_cos=0.992923 | ref_KL=0.006946
2025-10-01 19:47:29,657 - INFO - Task 1 Iter 140/1200 | lr=0.000483632 | acc=0.9764 | pos_cos=0.269390 | neg_cos=0.207026 | ref_L2=0.000027 | ref_cos=0.992973 | ref_KL=0.006245
2025-10-01 19:47:32,790 - INFO - Task 1 Iter 150/1200 | lr=0.000481223 | acc=0.9707 | pos_cos=0.269647 | neg_cos=0.207546 | ref_L2=0.000028 | ref_cos=0.992908 | ref_KL=0.005977
2025-10-01 19:47:35,898 - INFO - Task 1 Iter 160/1200 | lr=0.000478656 | acc=0.9716 | pos_cos=0.269619 | neg_cos=0.207403 | ref_L2=0.000028 | ref_cos=0.992959 | ref_KL=0.007049
2025-10-01 19:47:38,998 - INFO - Task 1 Iter 170/1200 | lr=0.000475932 | acc=0.9747 | pos_cos=0.267880 | neg_cos=0.206185 | ref_L2=0.000027 | ref_cos=0.992975 | ref_KL=0.010466
2025-10-01 19:47:42,083 - INFO - Task 1 Iter 180/1200 | lr=0.000473053 | acc=0.9722 | pos_cos=0.266241 | neg_cos=0.204852 | ref_L2=0.000027 | ref_cos=0.993161 | ref_KL=0.007148
2025-10-01 19:47:45,186 - INFO - Task 1 Iter 190/1200 | lr=0.000470022 | acc=0.9619 | pos_cos=0.266237 | neg_cos=0.204522 | ref_L2=0.000026 | ref_cos=0.993389 | ref_KL=0.007158
2025-10-01 19:47:46,878 - INFO -   oxford_flower102: 71.13%
2025-10-01 19:47:48,335 - INFO - Task 1 Iter 200/1200 | lr=0.000466839 | acc=0.9812 | pos_cos=0.266021 | neg_cos=0.203994 | ref_L2=0.000026 | ref_cos=0.993263 | ref_KL=0.006131
2025-10-01 19:47:51,393 - INFO - Task 1 Iter 210/1200 | lr=0.000463509 | acc=0.9763 | pos_cos=0.265855 | neg_cos=0.204001 | ref_L2=0.000026 | ref_cos=0.993362 | ref_KL=0.007943
2025-10-01 19:47:54,426 - INFO - Task 1 Iter 220/1200 | lr=0.000460031 | acc=0.9847 | pos_cos=0.266578 | neg_cos=0.204997 | ref_L2=0.000026 | ref_cos=0.993374 | ref_KL=0.006234
2025-10-01 19:47:57,477 - INFO - Task 1 Iter 230/1200 | lr=0.00045641 | acc=0.9933 | pos_cos=0.267861 | neg_cos=0.206300 | ref_L2=0.000027 | ref_cos=0.993073 | ref_KL=0.006022
2025-10-01 19:48:00,548 - INFO - Task 1 Iter 240/1200 | lr=0.000452648 | acc=0.9887 | pos_cos=0.266119 | neg_cos=0.204865 | ref_L2=0.000026 | ref_cos=0.993249 | ref_KL=0.008518
2025-10-01 19:48:03,639 - INFO - Task 1 Iter 250/1200 | lr=0.000448746 | acc=0.9821 | pos_cos=0.266121 | neg_cos=0.204573 | ref_L2=0.000027 | ref_cos=0.993196 | ref_KL=0.007241
2025-10-01 19:48:07,217 - INFO - Task 1 Iter 260/1200 | lr=0.000444709 | acc=0.9898 | pos_cos=0.266076 | neg_cos=0.204351 | ref_L2=0.000027 | ref_cos=0.993200 | ref_KL=0.008515
2025-10-01 19:48:10,289 - INFO - Task 1 Iter 270/1200 | lr=0.000440538 | acc=0.9868 | pos_cos=0.266583 | neg_cos=0.205390 | ref_L2=0.000027 | ref_cos=0.993081 | ref_KL=0.008101
2025-10-01 19:48:13,355 - INFO - Task 1 Iter 280/1200 | lr=0.000436236 | acc=0.9857 | pos_cos=0.266546 | neg_cos=0.205351 | ref_L2=0.000026 | ref_cos=0.993222 | ref_KL=0.007010
2025-10-01 19:48:16,893 - INFO - Task 1 Iter 290/1200 | lr=0.000431807 | acc=0.9861 | pos_cos=0.265264 | neg_cos=0.204104 | ref_L2=0.000027 | ref_cos=0.993143 | ref_KL=0.008158
2025-10-01 19:48:19,950 - INFO - Task 1 Iter 300/1200 | lr=0.000427253 | acc=0.9903 | pos_cos=0.265666 | neg_cos=0.204585 | ref_L2=0.000028 | ref_cos=0.992921 | ref_KL=0.008127
2025-10-01 19:48:23,040 - INFO - Task 1 Iter 310/1200 | lr=0.000422578 | acc=0.9938 | pos_cos=0.265543 | neg_cos=0.204606 | ref_L2=0.000027 | ref_cos=0.993177 | ref_KL=0.007547
2025-10-01 19:48:26,051 - INFO - Task 1 Iter 320/1200 | lr=0.000417785 | acc=0.9917 | pos_cos=0.266242 | neg_cos=0.205188 | ref_L2=0.000027 | ref_cos=0.993211 | ref_KL=0.007818
2025-10-01 19:48:29,753 - INFO - Task 1 Iter 330/1200 | lr=0.000412877 | acc=0.9910 | pos_cos=0.266584 | neg_cos=0.205410 | ref_L2=0.000026 | ref_cos=0.993337 | ref_KL=0.010177
2025-10-01 19:48:32,801 - INFO - Task 1 Iter 340/1200 | lr=0.000407857 | acc=0.9956 | pos_cos=0.265960 | neg_cos=0.204886 | ref_L2=0.000028 | ref_cos=0.992896 | ref_KL=0.009498
2025-10-01 19:48:35,877 - INFO - Task 1 Iter 350/1200 | lr=0.000402729 | acc=0.9934 | pos_cos=0.265689 | neg_cos=0.204863 | ref_L2=0.000027 | ref_cos=0.993105 | ref_KL=0.006832
2025-10-01 19:48:38,928 - INFO - Task 1 Iter 360/1200 | lr=0.000397496 | acc=0.9910 | pos_cos=0.266756 | neg_cos=0.205971 | ref_L2=0.000026 | ref_cos=0.993380 | ref_KL=0.007945
2025-10-01 19:48:41,961 - INFO - Task 1 Iter 370/1200 | lr=0.000392162 | acc=0.9912 | pos_cos=0.265829 | neg_cos=0.205012 | ref_L2=0.000027 | ref_cos=0.993022 | ref_KL=0.008636
2025-10-01 19:48:45,038 - INFO - Task 1 Iter 380/1200 | lr=0.000386731 | acc=0.9917 | pos_cos=0.264749 | neg_cos=0.203895 | ref_L2=0.000027 | ref_cos=0.993113 | ref_KL=0.008454
2025-10-01 19:48:49,088 - INFO - Task 1 Iter 390/1200 | lr=0.000381206 | acc=0.9946 | pos_cos=0.265116 | neg_cos=0.204194 | ref_L2=0.000026 | ref_cos=0.993252 | ref_KL=0.010049
2025-10-01 19:48:52,119 - INFO - Task 1 Iter 400/1200 | lr=0.000375591 | acc=0.9981 | pos_cos=0.266499 | neg_cos=0.205466 | ref_L2=0.000028 | ref_cos=0.992770 | ref_KL=0.009393
2025-10-01 19:48:55,142 - INFO - Task 1 Iter 410/1200 | lr=0.00036989 | acc=0.9973 | pos_cos=0.265821 | neg_cos=0.204861 | ref_L2=0.000027 | ref_cos=0.993070 | ref_KL=0.008506
2025-10-01 19:48:58,242 - INFO - Task 1 Iter 420/1200 | lr=0.000364108 | acc=0.9978 | pos_cos=0.266183 | neg_cos=0.205314 | ref_L2=0.000027 | ref_cos=0.993211 | ref_KL=0.009413
2025-10-01 19:49:01,382 - INFO - Task 1 Iter 430/1200 | lr=0.000358247 | acc=0.9992 | pos_cos=0.265705 | neg_cos=0.204735 | ref_L2=0.000026 | ref_cos=0.993294 | ref_KL=0.007823
2025-10-01 19:49:04,442 - INFO - Task 1 Iter 440/1200 | lr=0.000352311 | acc=0.9997 | pos_cos=0.264092 | neg_cos=0.203392 | ref_L2=0.000026 | ref_cos=0.993333 | ref_KL=0.006426
2025-10-01 19:49:08,168 - INFO - Task 1 Iter 450/1200 | lr=0.000346306 | acc=0.9982 | pos_cos=0.264361 | neg_cos=0.203605 | ref_L2=0.000026 | ref_cos=0.993365 | ref_KL=0.005813
2025-10-01 19:49:11,265 - INFO - Task 1 Iter 460/1200 | lr=0.000340235 | acc=0.9994 | pos_cos=0.264173 | neg_cos=0.203480 | ref_L2=0.000027 | ref_cos=0.993173 | ref_KL=0.007211
2025-10-01 19:49:14,378 - INFO - Task 1 Iter 470/1200 | lr=0.000334102 | acc=0.9952 | pos_cos=0.265147 | neg_cos=0.204295 | ref_L2=0.000027 | ref_cos=0.992977 | ref_KL=0.007067
2025-10-01 19:49:17,433 - INFO - Task 1 Iter 480/1200 | lr=0.000327911 | acc=0.9965 | pos_cos=0.265933 | neg_cos=0.204964 | ref_L2=0.000026 | ref_cos=0.993397 | ref_KL=0.006981
2025-10-01 19:49:20,206 - INFO -   food101: 88.02%
2025-10-01 19:49:20,628 - INFO - Task 1 Iter 490/1200 | lr=0.000321667 | acc=0.9988 | pos_cos=0.265496 | neg_cos=0.204956 | ref_L2=0.000027 | ref_cos=0.993192 | ref_KL=0.005844
2025-10-01 19:49:23,301 - INFO - Task 1 Iter 500/1200 | lr=0.000315374 | acc=0.9996 | pos_cos=0.263973 | neg_cos=0.203469 | ref_L2=0.000026 | ref_cos=0.993300 | ref_KL=0.006952
2025-10-01 19:49:26,434 - INFO - Task 1 Iter 510/1200 | lr=0.000309036 | acc=0.9999 | pos_cos=0.264119 | neg_cos=0.203555 | ref_L2=0.000026 | ref_cos=0.993301 | ref_KL=0.007182
2025-10-01 19:49:30,159 - INFO - Task 1 Iter 520/1200 | lr=0.000302657 | acc=0.9999 | pos_cos=0.264169 | neg_cos=0.203453 | ref_L2=0.000025 | ref_cos=0.993486 | ref_KL=0.005440
2025-10-01 19:49:33,188 - INFO - Task 1 Iter 530/1200 | lr=0.000296243 | acc=1.0000 | pos_cos=0.264348 | neg_cos=0.203701 | ref_L2=0.000025 | ref_cos=0.993585 | ref_KL=0.005908
2025-10-01 19:49:34,705 - INFO -   oxford_pets: 88.80%
2025-10-01 19:49:35,667 - INFO - Task 1 Iter 540/1200 | lr=0.000289797 | acc=1.0000 | pos_cos=0.264335 | neg_cos=0.203727 | ref_L2=0.000026 | ref_cos=0.993383 | ref_KL=0.005278
2025-10-01 19:49:37,610 - INFO - Task 1 Iter 550/1200 | lr=0.000283324 | acc=1.0000 | pos_cos=0.264027 | neg_cos=0.203521 | ref_L2=0.000027 | ref_cos=0.993179 | ref_KL=0.010433
2025-10-01 19:49:40,604 - INFO - Task 1 Iter 560/1200 | lr=0.000276828 | acc=1.0000 | pos_cos=0.264179 | neg_cos=0.203586 | ref_L2=0.000025 | ref_cos=0.993492 | ref_KL=0.006777
2025-10-01 19:49:43,663 - INFO - Task 1 Iter 570/1200 | lr=0.000270313 | acc=0.9963 | pos_cos=0.263818 | neg_cos=0.203267 | ref_L2=0.000025 | ref_cos=0.993542 | ref_KL=0.005667
2025-10-01 19:49:47,903 - INFO - Task 1 Iter 580/1200 | lr=0.000263785 | acc=0.9972 | pos_cos=0.264226 | neg_cos=0.203744 | ref_L2=0.000026 | ref_cos=0.993245 | ref_KL=0.008166
2025-10-01 19:49:50,899 - INFO - Task 1 Iter 590/1200 | lr=0.000257247 | acc=0.9990 | pos_cos=0.264570 | neg_cos=0.204152 | ref_L2=0.000026 | ref_cos=0.993361 | ref_KL=0.005589
2025-10-01 19:49:53,984 - INFO - Task 1 Iter 600/1200 | lr=0.000250704 | acc=0.9997 | pos_cos=0.264961 | neg_cos=0.204787 | ref_L2=0.000026 | ref_cos=0.993461 | ref_KL=0.005589
2025-10-01 19:49:57,048 - INFO - Task 1 Iter 610/1200 | lr=0.000244161 | acc=0.9999 | pos_cos=0.264237 | neg_cos=0.204120 | ref_L2=0.000026 | ref_cos=0.993240 | ref_KL=0.004928
2025-10-01 19:50:00,060 - INFO - Task 1 Iter 620/1200 | lr=0.000237622 | acc=1.0000 | pos_cos=0.264245 | neg_cos=0.204092 | ref_L2=0.000026 | ref_cos=0.993317 | ref_KL=0.004420
2025-10-01 19:50:02,734 - INFO - Task 1 Iter 630/1200 | lr=0.000231092 | acc=1.0000 | pos_cos=0.264101 | neg_cos=0.203683 | ref_L2=0.000025 | ref_cos=0.993651 | ref_KL=0.004620
2025-10-01 19:50:05,671 - INFO - Task 1 Iter 640/1200 | lr=0.000224574 | acc=1.0000 | pos_cos=0.263461 | neg_cos=0.203114 | ref_L2=0.000024 | ref_cos=0.993739 | ref_KL=0.005399
2025-10-01 19:50:08,270 - INFO -   stanford_cars: 62.73%
2025-10-01 19:50:08,270 - INFO - Average zeroshot accuracy after task 1: 67.91%
2025-10-01 19:50:08,270 - INFO - Starting task 2/8: caltech-101 (train=3060, test=6084, classes=102)
2025-10-01 19:50:08,829 - INFO - Task 1 Iter 650/1200 | lr=0.000218074 | acc=1.0000 | pos_cos=0.263895 | neg_cos=0.203423 | ref_L2=0.000024 | ref_cos=0.993937 | ref_KL=0.004281
2025-10-01 19:50:11,160 - INFO - Task 1 Iter 660/1200 | lr=0.000211596 | acc=0.9985 | pos_cos=0.263192 | neg_cos=0.202690 | ref_L2=0.000024 | ref_cos=0.993889 | ref_KL=0.003510
2025-10-01 19:50:13,824 - INFO - Task 1 Iter 10/1200 | lr=0.000499931 | acc=0.8698 | pos_cos=0.288357 | neg_cos=0.196396 | ref_L2=0.000017 | ref_cos=0.995678 | ref_KL=0.003884
2025-10-01 19:50:14,837 - INFO - Task 1 Iter 670/1200 | lr=0.000205144 | acc=0.9995 | pos_cos=0.262633 | neg_cos=0.202492 | ref_L2=0.000024 | ref_cos=0.993784 | ref_KL=0.004089
2025-10-01 19:50:16,505 - INFO - Task 1 Iter 20/1200 | lr=0.000499691 | acc=0.8589 | pos_cos=0.280489 | neg_cos=0.203516 | ref_L2=0.000025 | ref_cos=0.993658 | ref_KL=0.007457
2025-10-01 19:50:18,706 - INFO - Task 1 Iter 680/1200 | lr=0.000198723 | acc=0.9998 | pos_cos=0.263528 | neg_cos=0.203439 | ref_L2=0.000025 | ref_cos=0.993604 | ref_KL=0.004951
2025-10-01 19:50:19,894 - INFO - Task 1 Iter 30/1200 | lr=0.00049928 | acc=0.8829 | pos_cos=0.277891 | neg_cos=0.206150 | ref_L2=0.000025 | ref_cos=0.993561 | ref_KL=0.006931
2025-10-01 19:50:22,079 - INFO - Task 1 Iter 690/1200 | lr=0.000192337 | acc=0.9999 | pos_cos=0.262849 | neg_cos=0.202657 | ref_L2=0.000025 | ref_cos=0.993489 | ref_KL=0.004475
2025-10-01 19:50:23,352 - INFO - Task 1 Iter 40/1200 | lr=0.000498698 | acc=0.9094 | pos_cos=0.273563 | neg_cos=0.206913 | ref_L2=0.000025 | ref_cos=0.993581 | ref_KL=0.006649
2025-10-01 19:50:25,624 - INFO - Task 1 Iter 700/1200 | lr=0.00018599 | acc=1.0000 | pos_cos=0.262301 | neg_cos=0.202255 | ref_L2=0.000026 | ref_cos=0.993328 | ref_KL=0.004375
2025-10-01 19:50:27,124 - INFO - Task 1 Iter 50/1200 | lr=0.000497946 | acc=0.9134 | pos_cos=0.272116 | neg_cos=0.206707 | ref_L2=0.000024 | ref_cos=0.993929 | ref_KL=0.005639
2025-10-01 19:50:29,737 - INFO - Task 1 Iter 710/1200 | lr=0.000179688 | acc=1.0000 | pos_cos=0.263436 | neg_cos=0.203245 | ref_L2=0.000026 | ref_cos=0.993413 | ref_KL=0.004377
2025-10-01 19:50:29,927 - INFO - Task 1 Iter 60/1200 | lr=0.000497024 | acc=0.9273 | pos_cos=0.270433 | neg_cos=0.206256 | ref_L2=0.000023 | ref_cos=0.993995 | ref_KL=0.005578
2025-10-01 19:50:32,569 - INFO - Task 1 Iter 720/1200 | lr=0.000173434 | acc=1.0000 | pos_cos=0.262639 | neg_cos=0.202480 | ref_L2=0.000025 | ref_cos=0.993620 | ref_KL=0.003916
2025-10-01 19:50:33,974 - INFO - Task 1 Iter 70/1200 | lr=0.000495933 | acc=0.9165 | pos_cos=0.269103 | neg_cos=0.205461 | ref_L2=0.000024 | ref_cos=0.993833 | ref_KL=0.006100
2025-10-01 19:50:35,849 - INFO - Task 1 Iter 730/1200 | lr=0.000167232 | acc=1.0000 | pos_cos=0.262609 | neg_cos=0.202485 | ref_L2=0.000023 | ref_cos=0.994074 | ref_KL=0.003251
2025-10-01 19:50:37,335 - INFO - Task 1 Iter 80/1200 | lr=0.000494673 | acc=0.9242 | pos_cos=0.268720 | neg_cos=0.205354 | ref_L2=0.000022 | ref_cos=0.994314 | ref_KL=0.006517
2025-10-01 19:50:39,169 - INFO - Task 1 Iter 740/1200 | lr=0.000161087 | acc=1.0000 | pos_cos=0.262831 | neg_cos=0.202674 | ref_L2=0.000024 | ref_cos=0.993909 | ref_KL=0.003186
2025-10-01 19:50:40,665 - INFO - Task 1 Iter 90/1200 | lr=0.000493246 | acc=0.9330 | pos_cos=0.267358 | neg_cos=0.205011 | ref_L2=0.000023 | ref_cos=0.994174 | ref_KL=0.008259
2025-10-01 19:50:42,501 - INFO - Task 1 Iter 750/1200 | lr=0.000155003 | acc=1.0000 | pos_cos=0.262741 | neg_cos=0.202671 | ref_L2=0.000025 | ref_cos=0.993664 | ref_KL=0.003448
2025-10-01 19:50:44,636 - INFO - Task 1 Iter 100/1200 | lr=0.000491652 | acc=0.9472 | pos_cos=0.267281 | neg_cos=0.204833 | ref_L2=0.000024 | ref_cos=0.993747 | ref_KL=0.009363
2025-10-01 19:50:45,289 - INFO - Task 1 Iter 760/1200 | lr=0.000148984 | acc=1.0000 | pos_cos=0.262765 | neg_cos=0.202825 | ref_L2=0.000024 | ref_cos=0.993819 | ref_KL=0.003767
2025-10-01 19:50:48,171 - INFO - Task 1 Iter 110/1200 | lr=0.000489892 | acc=0.9572 | pos_cos=0.268046 | neg_cos=0.205303 | ref_L2=0.000024 | ref_cos=0.993773 | ref_KL=0.008524
2025-10-01 19:50:50,228 - INFO - Task 1 Iter 120/1200 | lr=0.000487968 | acc=0.9585 | pos_cos=0.268257 | neg_cos=0.206404 | ref_L2=0.000023 | ref_cos=0.994081 | ref_KL=0.007033
2025-10-01 19:50:50,238 - INFO - Task 1 Iter 770/1200 | lr=0.000143035 | acc=1.0000 | pos_cos=0.263320 | neg_cos=0.203256 | ref_L2=0.000025 | ref_cos=0.993696 | ref_KL=0.003359
2025-10-01 19:50:53,477 - INFO - Task 1 Iter 780/1200 | lr=0.000137159 | acc=1.0000 | pos_cos=0.262908 | neg_cos=0.202836 | ref_L2=0.000024 | ref_cos=0.993741 | ref_KL=0.002934
2025-10-01 19:50:54,533 - INFO - Task 1 Iter 130/1200 | lr=0.000485881 | acc=0.9662 | pos_cos=0.268961 | neg_cos=0.206717 | ref_L2=0.000024 | ref_cos=0.993981 | ref_KL=0.008768
2025-10-01 19:50:56,379 - INFO - Task 1 Iter 790/1200 | lr=0.00013136 | acc=1.0000 | pos_cos=0.262748 | neg_cos=0.202642 | ref_L2=0.000024 | ref_cos=0.993971 | ref_KL=0.002608
2025-10-01 19:50:57,884 - INFO - Task 1 Iter 140/1200 | lr=0.000483632 | acc=0.9696 | pos_cos=0.269840 | neg_cos=0.207420 | ref_L2=0.000023 | ref_cos=0.994085 | ref_KL=0.007482
2025-10-01 19:50:59,724 - INFO - Task 1 Iter 800/1200 | lr=0.000125642 | acc=1.0000 | pos_cos=0.262032 | neg_cos=0.202247 | ref_L2=0.000024 | ref_cos=0.993939 | ref_KL=0.003299
2025-10-01 19:51:01,222 - INFO - Task 1 Iter 150/1200 | lr=0.000481223 | acc=0.9637 | pos_cos=0.270294 | neg_cos=0.208252 | ref_L2=0.000023 | ref_cos=0.994047 | ref_KL=0.007102
2025-10-01 19:51:03,040 - INFO - Task 1 Iter 810/1200 | lr=0.00012001 | acc=1.0000 | pos_cos=0.262410 | neg_cos=0.202444 | ref_L2=0.000024 | ref_cos=0.993911 | ref_KL=0.003060
2025-10-01 19:51:04,556 - INFO - Task 1 Iter 160/1200 | lr=0.000478656 | acc=0.9691 | pos_cos=0.270226 | neg_cos=0.208066 | ref_L2=0.000023 | ref_cos=0.994029 | ref_KL=0.008597
2025-10-01 19:51:06,372 - INFO - Task 1 Iter 820/1200 | lr=0.000114467 | acc=1.0000 | pos_cos=0.262203 | neg_cos=0.202212 | ref_L2=0.000024 | ref_cos=0.993832 | ref_KL=0.003507
2025-10-01 19:51:07,899 - INFO - Task 1 Iter 170/1200 | lr=0.000475932 | acc=0.9738 | pos_cos=0.268212 | neg_cos=0.206529 | ref_L2=0.000024 | ref_cos=0.993951 | ref_KL=0.013423
2025-10-01 19:51:09,748 - INFO - Task 1 Iter 830/1200 | lr=0.000109017 | acc=1.0000 | pos_cos=0.262408 | neg_cos=0.202366 | ref_L2=0.000024 | ref_cos=0.993926 | ref_KL=0.003372
2025-10-01 19:51:10,845 - INFO - Task 1 Iter 180/1200 | lr=0.000473053 | acc=0.9719 | pos_cos=0.266544 | neg_cos=0.205181 | ref_L2=0.000023 | ref_cos=0.994001 | ref_KL=0.009582
2025-10-01 19:51:13,730 - INFO - Task 1 Iter 840/1200 | lr=0.000103663 | acc=1.0000 | pos_cos=0.262788 | neg_cos=0.202904 | ref_L2=0.000024 | ref_cos=0.993953 | ref_KL=0.003050
2025-10-01 19:51:13,883 - INFO - Task 1 Iter 190/1200 | lr=0.000470022 | acc=0.9598 | pos_cos=0.266679 | neg_cos=0.204973 | ref_L2=0.000023 | ref_cos=0.994042 | ref_KL=0.011324
2025-10-01 19:51:15,952 - INFO - Task 1 Iter 850/1200 | lr=9.84097e-05 | acc=1.0000 | pos_cos=0.262886 | neg_cos=0.202836 | ref_L2=0.000024 | ref_cos=0.993877 | ref_KL=0.003275
2025-10-01 19:51:18,526 - INFO - Task 1 Iter 200/1200 | lr=0.000466839 | acc=0.9805 | pos_cos=0.266859 | neg_cos=0.204585 | ref_L2=0.000024 | ref_cos=0.993965 | ref_KL=0.011194
2025-10-01 19:51:19,271 - INFO - Task 1 Iter 860/1200 | lr=9.32604e-05 | acc=1.0000 | pos_cos=0.262758 | neg_cos=0.202883 | ref_L2=0.000024 | ref_cos=0.993926 | ref_KL=0.003220
2025-10-01 19:51:21,588 - INFO - Task 1 Iter 210/1200 | lr=0.000463509 | acc=0.9740 | pos_cos=0.266388 | neg_cos=0.204413 | ref_L2=0.000023 | ref_cos=0.994092 | ref_KL=0.010940
2025-10-01 19:51:23,437 - INFO - Task 1 Iter 870/1200 | lr=8.82186e-05 | acc=1.0000 | pos_cos=0.262455 | neg_cos=0.202561 | ref_L2=0.000023 | ref_cos=0.994022 | ref_KL=0.003258
2025-10-01 19:51:25,246 - INFO - Task 1 Iter 220/1200 | lr=0.000460031 | acc=0.9839 | pos_cos=0.266756 | neg_cos=0.205158 | ref_L2=0.000023 | ref_cos=0.994129 | ref_KL=0.009099
2025-10-01 19:51:27,102 - INFO - Task 1 Iter 880/1200 | lr=8.32877e-05 | acc=1.0000 | pos_cos=0.262371 | neg_cos=0.202345 | ref_L2=0.000022 | ref_cos=0.994293 | ref_KL=0.003069
2025-10-01 19:51:28,964 - INFO - Task 1 Iter 230/1200 | lr=0.00045641 | acc=0.9897 | pos_cos=0.268282 | neg_cos=0.206640 | ref_L2=0.000024 | ref_cos=0.993911 | ref_KL=0.009360
2025-10-01 19:51:30,833 - INFO - Task 1 Iter 890/1200 | lr=7.8471e-05 | acc=1.0000 | pos_cos=0.262396 | neg_cos=0.202521 | ref_L2=0.000023 | ref_cos=0.994038 | ref_KL=0.002891
2025-10-01 19:51:32,721 - INFO - Task 1 Iter 240/1200 | lr=0.000452648 | acc=0.9860 | pos_cos=0.266976 | neg_cos=0.205561 | ref_L2=0.000024 | ref_cos=0.993899 | ref_KL=0.014245
2025-10-01 19:51:35,010 - INFO - Task 1 Iter 900/1200 | lr=7.3772e-05 | acc=1.0000 | pos_cos=0.262484 | neg_cos=0.202558 | ref_L2=0.000025 | ref_cos=0.993561 | ref_KL=0.002737
2025-10-01 19:51:35,493 - INFO - Task 1 Iter 250/1200 | lr=0.000448746 | acc=0.9811 | pos_cos=0.266784 | neg_cos=0.205080 | ref_L2=0.000025 | ref_cos=0.993704 | ref_KL=0.013765
2025-10-01 19:51:37,934 - INFO - Task 1 Iter 910/1200 | lr=6.91937e-05 | acc=1.0000 | pos_cos=0.262716 | neg_cos=0.202823 | ref_L2=0.000025 | ref_cos=0.993713 | ref_KL=0.002790
2025-10-01 19:51:39,530 - INFO - Task 1 Iter 260/1200 | lr=0.000444709 | acc=0.9864 | pos_cos=0.267489 | neg_cos=0.205744 | ref_L2=0.000025 | ref_cos=0.993662 | ref_KL=0.014334
2025-10-01 19:51:41,009 - INFO - Task 1 Iter 920/1200 | lr=6.47394e-05 | acc=1.0000 | pos_cos=0.262246 | neg_cos=0.202294 | ref_L2=0.000024 | ref_cos=0.993898 | ref_KL=0.002557
2025-10-01 19:51:43,050 - INFO - Task 1 Iter 270/1200 | lr=0.000440538 | acc=0.9899 | pos_cos=0.267999 | neg_cos=0.206712 | ref_L2=0.000026 | ref_cos=0.993394 | ref_KL=0.011485
2025-10-01 19:51:44,386 - INFO - Task 1 Iter 930/1200 | lr=6.04122e-05 | acc=1.0000 | pos_cos=0.261874 | neg_cos=0.202102 | ref_L2=0.000024 | ref_cos=0.993929 | ref_KL=0.002611
2025-10-01 19:51:46,452 - INFO - Task 1 Iter 280/1200 | lr=0.000436236 | acc=0.9806 | pos_cos=0.267687 | neg_cos=0.206391 | ref_L2=0.000025 | ref_cos=0.993665 | ref_KL=0.010369
2025-10-01 19:51:47,609 - INFO - Task 1 Iter 940/1200 | lr=5.62148e-05 | acc=1.0000 | pos_cos=0.262406 | neg_cos=0.202482 | ref_L2=0.000023 | ref_cos=0.994054 | ref_KL=0.002685
2025-10-01 19:51:50,351 - INFO - Task 1 Iter 950/1200 | lr=5.21504e-05 | acc=1.0000 | pos_cos=0.262822 | neg_cos=0.202895 | ref_L2=0.000022 | ref_cos=0.994342 | ref_KL=0.002724
2025-10-01 19:51:50,381 - INFO - Task 1 Iter 290/1200 | lr=0.000431807 | acc=0.9843 | pos_cos=0.266436 | neg_cos=0.205124 | ref_L2=0.000025 | ref_cos=0.993626 | ref_KL=0.012755
2025-10-01 19:51:53,533 - INFO - Task 1 Iter 960/1200 | lr=4.82215e-05 | acc=1.0000 | pos_cos=0.262440 | neg_cos=0.202438 | ref_L2=0.000023 | ref_cos=0.994213 | ref_KL=0.002967
2025-10-01 19:51:53,636 - INFO - Task 1 Iter 300/1200 | lr=0.000427253 | acc=0.9849 | pos_cos=0.266227 | neg_cos=0.204954 | ref_L2=0.000025 | ref_cos=0.993516 | ref_KL=0.014152
2025-10-01 19:51:56,025 - INFO - Task 1 Iter 310/1200 | lr=0.000422578 | acc=0.9906 | pos_cos=0.265766 | neg_cos=0.204646 | ref_L2=0.000024 | ref_cos=0.993836 | ref_KL=0.010843
2025-10-01 19:51:57,815 - INFO - Task 1 Iter 970/1200 | lr=4.4431e-05 | acc=1.0000 | pos_cos=0.262877 | neg_cos=0.202998 | ref_L2=0.000022 | ref_cos=0.994356 | ref_KL=0.003008
2025-10-01 19:51:59,354 - INFO - Task 1 Iter 320/1200 | lr=0.000417785 | acc=0.9906 | pos_cos=0.266246 | neg_cos=0.205154 | ref_L2=0.000024 | ref_cos=0.993955 | ref_KL=0.010025
2025-10-01 19:52:00,453 - INFO - Task 1 Iter 980/1200 | lr=4.07814e-05 | acc=1.0000 | pos_cos=0.262210 | neg_cos=0.202289 | ref_L2=0.000023 | ref_cos=0.993994 | ref_KL=0.002651
2025-10-01 19:52:03,839 - INFO - Task 1 Iter 330/1200 | lr=0.000412877 | acc=0.9906 | pos_cos=0.266365 | neg_cos=0.205168 | ref_L2=0.000023 | ref_cos=0.994094 | ref_KL=0.012768
2025-10-01 19:52:04,208 - INFO - Task 1 Iter 990/1200 | lr=3.72752e-05 | acc=1.0000 | pos_cos=0.261633 | neg_cos=0.201878 | ref_L2=0.000024 | ref_cos=0.993954 | ref_KL=0.002514
2025-10-01 19:52:07,585 - INFO - Task 1 Iter 340/1200 | lr=0.000407857 | acc=0.9934 | pos_cos=0.265682 | neg_cos=0.204528 | ref_L2=0.000025 | ref_cos=0.993616 | ref_KL=0.011029
2025-10-01 19:52:07,952 - INFO - Task 1 Iter 1000/1200 | lr=3.39149e-05 | acc=1.0000 | pos_cos=0.261614 | neg_cos=0.201706 | ref_L2=0.000025 | ref_cos=0.993631 | ref_KL=0.002946
2025-10-01 19:52:11,335 - INFO - Task 1 Iter 350/1200 | lr=0.000402729 | acc=0.9945 | pos_cos=0.265391 | neg_cos=0.204481 | ref_L2=0.000024 | ref_cos=0.993862 | ref_KL=0.008133
2025-10-01 19:52:11,711 - INFO - Task 1 Iter 1010/1200 | lr=3.07027e-05 | acc=1.0000 | pos_cos=0.262300 | neg_cos=0.202465 | ref_L2=0.000023 | ref_cos=0.993994 | ref_KL=0.002644
2025-10-01 19:52:15,045 - INFO - Task 1 Iter 360/1200 | lr=0.000397496 | acc=0.9900 | pos_cos=0.266660 | neg_cos=0.205777 | ref_L2=0.000023 | ref_cos=0.994035 | ref_KL=0.008169
2025-10-01 19:52:15,344 - INFO - Task 1 Iter 1020/1200 | lr=2.76408e-05 | acc=1.0000 | pos_cos=0.262879 | neg_cos=0.202934 | ref_L2=0.000023 | ref_cos=0.994085 | ref_KL=0.002648
2025-10-01 19:52:17,956 - INFO - Task 1 Iter 370/1200 | lr=0.000392162 | acc=0.9894 | pos_cos=0.265850 | neg_cos=0.204642 | ref_L2=0.000025 | ref_cos=0.993611 | ref_KL=0.012332
2025-10-01 19:52:19,423 - INFO - Task 1 Iter 1030/1200 | lr=2.47313e-05 | acc=1.0000 | pos_cos=0.262077 | neg_cos=0.202127 | ref_L2=0.000022 | ref_cos=0.994283 | ref_KL=0.002232
2025-10-01 19:52:21,663 - INFO - Task 1 Iter 380/1200 | lr=0.000386731 | acc=0.9880 | pos_cos=0.264776 | neg_cos=0.203402 | ref_L2=0.000024 | ref_cos=0.993828 | ref_KL=0.010480
2025-10-01 19:52:23,014 - INFO - Task 1 Iter 1040/1200 | lr=2.19763e-05 | acc=1.0000 | pos_cos=0.262500 | neg_cos=0.202475 | ref_L2=0.000023 | ref_cos=0.994102 | ref_KL=0.002425
2025-10-01 19:52:25,139 - INFO - Task 1 Iter 1050/1200 | lr=1.93775e-05 | acc=1.0000 | pos_cos=0.262201 | neg_cos=0.202331 | ref_L2=0.000023 | ref_cos=0.994091 | ref_KL=0.002551
2025-10-01 19:52:26,325 - INFO - Task 1 Iter 390/1200 | lr=0.000381206 | acc=0.9918 | pos_cos=0.265127 | neg_cos=0.203687 | ref_L2=0.000024 | ref_cos=0.993943 | ref_KL=0.011312
2025-10-01 19:52:28,946 - INFO - Task 1 Iter 1060/1200 | lr=1.69369e-05 | acc=1.0000 | pos_cos=0.262604 | neg_cos=0.202860 | ref_L2=0.000023 | ref_cos=0.994174 | ref_KL=0.002635
2025-10-01 19:52:29,315 - INFO - Task 1 Iter 400/1200 | lr=0.000375591 | acc=0.9971 | pos_cos=0.266596 | neg_cos=0.205144 | ref_L2=0.000025 | ref_cos=0.993582 | ref_KL=0.009203
2025-10-01 19:52:32,192 - INFO - Task 1 Iter 1070/1200 | lr=1.4656e-05 | acc=1.0000 | pos_cos=0.262547 | neg_cos=0.202601 | ref_L2=0.000023 | ref_cos=0.994059 | ref_KL=0.003687
2025-10-01 19:52:32,734 - INFO - Task 1 Iter 410/1200 | lr=0.00036989 | acc=0.9957 | pos_cos=0.265274 | neg_cos=0.204009 | ref_L2=0.000023 | ref_cos=0.994016 | ref_KL=0.008111
2025-10-01 19:52:35,558 - INFO - Task 1 Iter 1080/1200 | lr=1.25364e-05 | acc=1.0000 | pos_cos=0.261748 | neg_cos=0.201756 | ref_L2=0.000023 | ref_cos=0.994023 | ref_KL=0.002938
2025-10-01 19:52:36,066 - INFO - Task 1 Iter 420/1200 | lr=0.000364108 | acc=0.9973 | pos_cos=0.265029 | neg_cos=0.204036 | ref_L2=0.000023 | ref_cos=0.994136 | ref_KL=0.009062
2025-10-01 19:52:38,875 - INFO - Task 1 Iter 430/1200 | lr=0.000358247 | acc=0.9972 | pos_cos=0.265001 | neg_cos=0.203931 | ref_L2=0.000023 | ref_cos=0.994202 | ref_KL=0.007255
2025-10-01 19:52:39,401 - INFO - Task 1 Iter 1090/1200 | lr=1.05797e-05 | acc=1.0000 | pos_cos=0.261855 | neg_cos=0.202008 | ref_L2=0.000025 | ref_cos=0.993697 | ref_KL=0.004639
2025-10-01 19:52:42,463 - INFO - Task 1 Iter 440/1200 | lr=0.000352311 | acc=0.9975 | pos_cos=0.263502 | neg_cos=0.202566 | ref_L2=0.000023 | ref_cos=0.994155 | ref_KL=0.007857
2025-10-01 19:52:42,778 - INFO - Task 1 Iter 1100/1200 | lr=8.78703e-06 | acc=1.0000 | pos_cos=0.261759 | neg_cos=0.201989 | ref_L2=0.000023 | ref_cos=0.994040 | ref_KL=0.004387
2025-10-01 19:52:45,621 - INFO - Task 1 Iter 1110/1200 | lr=7.15973e-06 | acc=1.0000 | pos_cos=0.262307 | neg_cos=0.202448 | ref_L2=0.000024 | ref_cos=0.993951 | ref_KL=0.003196
2025-10-01 19:52:46,651 - INFO - Task 1 Iter 450/1200 | lr=0.000346306 | acc=0.9975 | pos_cos=0.263329 | neg_cos=0.202284 | ref_L2=0.000023 | ref_cos=0.994173 | ref_KL=0.007986
2025-10-01 19:52:48,875 - INFO - Task 1 Iter 1120/1200 | lr=5.6989e-06 | acc=1.0000 | pos_cos=0.262130 | neg_cos=0.202266 | ref_L2=0.000024 | ref_cos=0.993980 | ref_KL=0.002330
2025-10-01 19:52:50,334 - INFO - Task 1 Iter 460/1200 | lr=0.000340235 | acc=0.9963 | pos_cos=0.263003 | neg_cos=0.202079 | ref_L2=0.000023 | ref_cos=0.993988 | ref_KL=0.006134
2025-10-01 19:52:52,386 - INFO - Task 1 Iter 1130/1200 | lr=4.40553e-06 | acc=1.0000 | pos_cos=0.261892 | neg_cos=0.201888 | ref_L2=0.000024 | ref_cos=0.993967 | ref_KL=0.002559
2025-10-01 19:52:53,862 - INFO - Task 1 Iter 470/1200 | lr=0.000334102 | acc=0.9913 | pos_cos=0.263969 | neg_cos=0.202958 | ref_L2=0.000024 | ref_cos=0.993942 | ref_KL=0.005768
2025-10-01 19:52:55,699 - INFO - Task 1 Iter 1140/1200 | lr=3.28051e-06 | acc=1.0000 | pos_cos=0.261702 | neg_cos=0.201782 | ref_L2=0.000024 | ref_cos=0.993983 | ref_KL=0.002395
2025-10-01 19:52:57,190 - INFO - Task 1 Iter 480/1200 | lr=0.000327911 | acc=0.9894 | pos_cos=0.265201 | neg_cos=0.204018 | ref_L2=0.000022 | ref_cos=0.994336 | ref_KL=0.007158
2025-10-01 19:52:58,299 - INFO - Task 1 Iter 1150/1200 | lr=2.32462e-06 | acc=1.0000 | pos_cos=0.262588 | neg_cos=0.202782 | ref_L2=0.000023 | ref_cos=0.994145 | ref_KL=0.002885
2025-10-01 19:53:00,340 - INFO - Task 1 Iter 490/1200 | lr=0.000321667 | acc=0.9946 | pos_cos=0.265582 | neg_cos=0.204884 | ref_L2=0.000023 | ref_cos=0.994064 | ref_KL=0.005903
2025-10-01 19:53:02,730 - INFO - Task 1 Iter 1160/1200 | lr=1.5385e-06 | acc=1.0000 | pos_cos=0.262624 | neg_cos=0.202792 | ref_L2=0.000023 | ref_cos=0.994047 | ref_KL=0.002793
2025-10-01 19:53:03,907 - INFO - Task 1 Iter 500/1200 | lr=0.000315374 | acc=0.9981 | pos_cos=0.264096 | neg_cos=0.203593 | ref_L2=0.000022 | ref_cos=0.994263 | ref_KL=0.004377
2025-10-01 19:53:06,037 - INFO - Task 1 Iter 1170/1200 | lr=9.22707e-07 | acc=1.0000 | pos_cos=0.262161 | neg_cos=0.202321 | ref_L2=0.000024 | ref_cos=0.993918 | ref_KL=0.002527
2025-10-01 19:53:07,225 - INFO - Task 1 Iter 510/1200 | lr=0.000309036 | acc=0.9963 | pos_cos=0.263936 | neg_cos=0.203304 | ref_L2=0.000023 | ref_cos=0.994114 | ref_KL=0.005124
2025-10-01 19:53:08,758 - INFO - Task 1 Iter 1180/1200 | lr=4.7765e-07 | acc=1.0000 | pos_cos=0.261779 | neg_cos=0.202019 | ref_L2=0.000024 | ref_cos=0.993754 | ref_KL=0.002640
2025-10-01 19:53:11,321 - INFO - Task 1 Iter 520/1200 | lr=0.000302657 | acc=0.9987 | pos_cos=0.263775 | neg_cos=0.202875 | ref_L2=0.000023 | ref_cos=0.994207 | ref_KL=0.004509
2025-10-01 19:53:12,153 - INFO - Task 1 Iter 1190/1200 | lr=2.03637e-07 | acc=1.0000 | pos_cos=0.262207 | neg_cos=0.202550 | ref_L2=0.000023 | ref_cos=0.994178 | ref_KL=0.002348
2025-10-01 19:53:14,876 - INFO - Task 1 Iter 530/1200 | lr=0.000296243 | acc=0.9942 | pos_cos=0.264180 | neg_cos=0.203313 | ref_L2=0.000022 | ref_cos=0.994378 | ref_KL=0.005141
2025-10-01 19:53:15,414 - INFO - Task 1 Iter 1200/1200 | lr=1.00857e-07 | acc=1.0000 | pos_cos=0.262237 | neg_cos=0.202483 | ref_L2=0.000023 | ref_cos=0.994098 | ref_KL=0.002181
2025-10-01 19:53:15,590 - INFO - Task 1 finished | total: 389.18 s | train: 389.00 s | drift: 0.00 s
2025-10-01 19:53:17,486 - INFO - Task 1 Iter 540/1200 | lr=0.000289797 | acc=0.9980 | pos_cos=0.264292 | neg_cos=0.203439 | ref_L2=0.000022 | ref_cos=0.994354 | ref_KL=0.004380
2025-10-01 19:53:20,608 - INFO - Task 1 Iter 550/1200 | lr=0.000283324 | acc=0.9993 | pos_cos=0.263650 | neg_cos=0.202936 | ref_L2=0.000022 | ref_cos=0.994294 | ref_KL=0.007992
2025-10-01 19:53:23,762 - INFO - Task 1 Iter 560/1200 | lr=0.000276828 | acc=0.9983 | pos_cos=0.264229 | neg_cos=0.203458 | ref_L2=0.000021 | ref_cos=0.994620 | ref_KL=0.005241
2025-10-01 19:53:26,916 - INFO - Task 1 Iter 570/1200 | lr=0.000270313 | acc=0.9932 | pos_cos=0.263955 | neg_cos=0.203252 | ref_L2=0.000021 | ref_cos=0.994538 | ref_KL=0.005437
2025-10-01 19:53:31,287 - INFO - Task 1 Iter 580/1200 | lr=0.000263785 | acc=0.9961 | pos_cos=0.264193 | neg_cos=0.203399 | ref_L2=0.000022 | ref_cos=0.994354 | ref_KL=0.005602
2025-10-01 19:53:34,404 - INFO - Task 1 Iter 590/1200 | lr=0.000257247 | acc=0.9986 | pos_cos=0.265002 | neg_cos=0.204361 | ref_L2=0.000022 | ref_cos=0.994476 | ref_KL=0.004349
2025-10-01 19:53:37,426 - INFO - Task 1 Iter 600/1200 | lr=0.000250704 | acc=0.9995 | pos_cos=0.265147 | neg_cos=0.204895 | ref_L2=0.000021 | ref_cos=0.994565 | ref_KL=0.004432
2025-10-01 19:53:39,605 - INFO - Evaluating zeroshot performance after task 2
2025-10-01 19:53:40,654 - INFO - Task 1 Iter 610/1200 | lr=0.000244161 | acc=0.9985 | pos_cos=0.264131 | neg_cos=0.203885 | ref_L2=0.000023 | ref_cos=0.994230 | ref_KL=0.004149
2025-10-01 19:53:42,886 - INFO - Task 1 Iter 620/1200 | lr=0.000237622 | acc=0.9995 | pos_cos=0.264209 | neg_cos=0.203827 | ref_L2=0.000022 | ref_cos=0.994309 | ref_KL=0.003869
2025-10-01 19:53:45,478 - INFO - Task 1 Iter 630/1200 | lr=0.000231092 | acc=0.9998 | pos_cos=0.264405 | neg_cos=0.203646 | ref_L2=0.000021 | ref_cos=0.994649 | ref_KL=0.004196
2025-10-01 19:53:48,164 - INFO - Task 1 Iter 640/1200 | lr=0.000224574 | acc=0.9999 | pos_cos=0.263835 | neg_cos=0.203147 | ref_L2=0.000020 | ref_cos=0.994839 | ref_KL=0.003984
2025-10-01 19:53:51,387 - INFO - Task 1 Iter 650/1200 | lr=0.000218074 | acc=1.0000 | pos_cos=0.264261 | neg_cos=0.203511 | ref_L2=0.000020 | ref_cos=0.994871 | ref_KL=0.003544
2025-10-01 19:53:54,064 - INFO - Task 1 Iter 660/1200 | lr=0.000211596 | acc=0.9957 | pos_cos=0.263602 | neg_cos=0.203035 | ref_L2=0.000020 | ref_cos=0.994815 | ref_KL=0.003469
2025-10-01 19:53:56,374 - INFO - Task 1 Iter 670/1200 | lr=0.000205144 | acc=0.9985 | pos_cos=0.262936 | neg_cos=0.202664 | ref_L2=0.000021 | ref_cos=0.994693 | ref_KL=0.003277
2025-10-01 19:53:59,616 - INFO - Task 1 Iter 680/1200 | lr=0.000198723 | acc=0.9969 | pos_cos=0.263949 | neg_cos=0.203564 | ref_L2=0.000021 | ref_cos=0.994632 | ref_KL=0.003130
2025-10-01 19:53:59,857 - INFO -   fgvc_aircraft: 55.51%
2025-10-01 19:54:02,094 - INFO - Task 1 Iter 690/1200 | lr=0.000192337 | acc=0.9989 | pos_cos=0.263527 | neg_cos=0.202980 | ref_L2=0.000022 | ref_cos=0.994413 | ref_KL=0.003730
2025-10-01 19:54:05,451 - INFO - Task 1 Iter 700/1200 | lr=0.00018599 | acc=0.9996 | pos_cos=0.262897 | neg_cos=0.202543 | ref_L2=0.000022 | ref_cos=0.994429 | ref_KL=0.003454
2025-10-01 19:54:09,496 - INFO - Task 1 Iter 710/1200 | lr=0.000179688 | acc=0.9999 | pos_cos=0.264534 | neg_cos=0.204034 | ref_L2=0.000021 | ref_cos=0.994546 | ref_KL=0.003165
2025-10-01 19:54:12,821 - INFO - Task 1 Iter 720/1200 | lr=0.000173434 | acc=1.0000 | pos_cos=0.263609 | neg_cos=0.203260 | ref_L2=0.000021 | ref_cos=0.994680 | ref_KL=0.003024
2025-10-01 19:54:16,161 - INFO - Task 1 Iter 730/1200 | lr=0.000167232 | acc=1.0000 | pos_cos=0.263439 | neg_cos=0.203105 | ref_L2=0.000019 | ref_cos=0.995095 | ref_KL=0.002578
2025-10-01 19:54:19,454 - INFO - Task 1 Iter 740/1200 | lr=0.000161087 | acc=1.0000 | pos_cos=0.263508 | neg_cos=0.203090 | ref_L2=0.000020 | ref_cos=0.994952 | ref_KL=0.002549
2025-10-01 19:54:22,784 - INFO - Task 1 Iter 750/1200 | lr=0.000155003 | acc=1.0000 | pos_cos=0.263329 | neg_cos=0.203100 | ref_L2=0.000021 | ref_cos=0.994734 | ref_KL=0.003023
2025-10-01 19:54:23,818 - INFO -   caltech-101: 94.92%
2025-10-01 19:54:25,279 - INFO - Task 1 Iter 760/1200 | lr=0.000148984 | acc=1.0000 | pos_cos=0.263665 | neg_cos=0.203494 | ref_L2=0.000021 | ref_cos=0.994660 | ref_KL=0.004400
2025-10-01 19:54:29,698 - INFO - Task 1 Iter 770/1200 | lr=0.000143035 | acc=1.0000 | pos_cos=0.264618 | neg_cos=0.204168 | ref_L2=0.000021 | ref_cos=0.994607 | ref_KL=0.003325
2025-10-01 19:54:30,872 - INFO -   dtd: 41.86%
2025-10-01 19:54:32,505 - INFO - Task 1 Iter 780/1200 | lr=0.000137159 | acc=1.0000 | pos_cos=0.264407 | neg_cos=0.204115 | ref_L2=0.000020 | ref_cos=0.994783 | ref_KL=0.002542
2025-10-01 19:54:35,823 - INFO - Task 1 Iter 790/1200 | lr=0.00013136 | acc=1.0000 | pos_cos=0.263886 | neg_cos=0.203570 | ref_L2=0.000019 | ref_cos=0.995030 | ref_KL=0.002298
2025-10-01 19:54:39,134 - INFO - Task 1 Iter 800/1200 | lr=0.000125642 | acc=0.9975 | pos_cos=0.262923 | neg_cos=0.202792 | ref_L2=0.000021 | ref_cos=0.994745 | ref_KL=0.002510
2025-10-01 19:54:42,498 - INFO - Task 1 Iter 810/1200 | lr=0.00012001 | acc=0.9991 | pos_cos=0.263249 | neg_cos=0.203070 | ref_L2=0.000020 | ref_cos=0.994856 | ref_KL=0.002669
2025-10-01 19:54:45,849 - INFO - Task 1 Iter 820/1200 | lr=0.000114467 | acc=0.9997 | pos_cos=0.263245 | neg_cos=0.203039 | ref_L2=0.000020 | ref_cos=0.994866 | ref_KL=0.002889
2025-10-01 19:54:49,193 - INFO - Task 1 Iter 830/1200 | lr=0.000109017 | acc=0.9999 | pos_cos=0.263543 | neg_cos=0.203222 | ref_L2=0.000020 | ref_cos=0.994888 | ref_KL=0.002961
2025-10-01 19:54:50,008 - INFO -   eurosat: 48.80%
2025-10-01 19:54:52,511 - INFO - Task 1 Iter 840/1200 | lr=0.000103663 | acc=1.0000 | pos_cos=0.263926 | neg_cos=0.203862 | ref_L2=0.000020 | ref_cos=0.994960 | ref_KL=0.002487
2025-10-01 19:54:55,928 - INFO - Task 1 Iter 850/1200 | lr=9.84097e-05 | acc=1.0000 | pos_cos=0.264032 | neg_cos=0.203685 | ref_L2=0.000020 | ref_cos=0.994831 | ref_KL=0.002873
2025-10-01 19:54:59,289 - INFO - Task 1 Iter 860/1200 | lr=9.32604e-05 | acc=1.0000 | pos_cos=0.263897 | neg_cos=0.203771 | ref_L2=0.000020 | ref_cos=0.994962 | ref_KL=0.002699
2025-10-01 19:55:03,269 - INFO - Task 1 Iter 870/1200 | lr=8.82186e-05 | acc=1.0000 | pos_cos=0.263710 | neg_cos=0.203512 | ref_L2=0.000019 | ref_cos=0.995091 | ref_KL=0.002360
2025-10-01 19:55:06,703 - INFO - Task 1 Iter 880/1200 | lr=8.32877e-05 | acc=1.0000 | pos_cos=0.263627 | neg_cos=0.203327 | ref_L2=0.000019 | ref_cos=0.995210 | ref_KL=0.002406
2025-10-01 19:55:10,051 - INFO - Task 1 Iter 890/1200 | lr=7.8471e-05 | acc=1.0000 | pos_cos=0.263508 | neg_cos=0.203283 | ref_L2=0.000019 | ref_cos=0.995034 | ref_KL=0.002645
2025-10-01 19:55:13,123 - INFO -   oxford_flower102: 60.64%
2025-10-01 19:55:13,677 - INFO - Task 1 Iter 900/1200 | lr=7.3772e-05 | acc=1.0000 | pos_cos=0.263407 | neg_cos=0.203290 | ref_L2=0.000022 | ref_cos=0.994333 | ref_KL=0.002674
2025-10-01 19:55:16,403 - INFO - Task 1 Iter 910/1200 | lr=6.91937e-05 | acc=1.0000 | pos_cos=0.263987 | neg_cos=0.203828 | ref_L2=0.000021 | ref_cos=0.994708 | ref_KL=0.002744
2025-10-01 19:55:19,723 - INFO - Task 1 Iter 920/1200 | lr=6.47394e-05 | acc=1.0000 | pos_cos=0.263633 | neg_cos=0.203446 | ref_L2=0.000020 | ref_cos=0.994928 | ref_KL=0.002477
2025-10-01 19:55:23,011 - INFO - Task 1 Iter 930/1200 | lr=6.04122e-05 | acc=0.9987 | pos_cos=0.263133 | neg_cos=0.203145 | ref_L2=0.000020 | ref_cos=0.994901 | ref_KL=0.002942
2025-10-01 19:55:26,444 - INFO - Task 1 Iter 940/1200 | lr=5.62148e-05 | acc=0.9995 | pos_cos=0.263569 | neg_cos=0.203403 | ref_L2=0.000019 | ref_cos=0.995041 | ref_KL=0.002582
2025-10-01 19:55:29,741 - INFO - Task 1 Iter 950/1200 | lr=5.21504e-05 | acc=0.9998 | pos_cos=0.264122 | neg_cos=0.203930 | ref_L2=0.000018 | ref_cos=0.995265 | ref_KL=0.002581
2025-10-01 19:55:32,994 - INFO - Task 1 Iter 960/1200 | lr=4.82215e-05 | acc=0.9999 | pos_cos=0.263872 | neg_cos=0.203564 | ref_L2=0.000019 | ref_cos=0.995205 | ref_KL=0.002451
2025-10-01 19:55:37,517 - INFO - Task 1 Iter 970/1200 | lr=4.4431e-05 | acc=1.0000 | pos_cos=0.264240 | neg_cos=0.204057 | ref_L2=0.000018 | ref_cos=0.995301 | ref_KL=0.002132
2025-10-01 19:55:40,894 - INFO - Task 1 Iter 980/1200 | lr=4.07814e-05 | acc=1.0000 | pos_cos=0.263367 | neg_cos=0.203204 | ref_L2=0.000020 | ref_cos=0.994968 | ref_KL=0.002537
2025-10-01 19:55:44,189 - INFO - Task 1 Iter 990/1200 | lr=3.72752e-05 | acc=1.0000 | pos_cos=0.262783 | neg_cos=0.202840 | ref_L2=0.000019 | ref_cos=0.995011 | ref_KL=0.002261
2025-10-01 19:55:47,507 - INFO - Task 1 Iter 1000/1200 | lr=3.39149e-05 | acc=1.0000 | pos_cos=0.262738 | neg_cos=0.202527 | ref_L2=0.000021 | ref_cos=0.994573 | ref_KL=0.003114
2025-10-01 19:55:50,873 - INFO - Task 1 Iter 1010/1200 | lr=3.07027e-05 | acc=1.0000 | pos_cos=0.263447 | neg_cos=0.203394 | ref_L2=0.000020 | ref_cos=0.994929 | ref_KL=0.002468
2025-10-01 19:55:54,301 - INFO - Task 1 Iter 1020/1200 | lr=2.76408e-05 | acc=1.0000 | pos_cos=0.264312 | neg_cos=0.204079 | ref_L2=0.000019 | ref_cos=0.995078 | ref_KL=0.002316
2025-10-01 19:55:58,314 - INFO - Task 1 Iter 1030/1200 | lr=2.47313e-05 | acc=0.9982 | pos_cos=0.263347 | neg_cos=0.203222 | ref_L2=0.000019 | ref_cos=0.995233 | ref_KL=0.002066
2025-10-01 19:56:01,689 - INFO - Task 1 Iter 1040/1200 | lr=2.19763e-05 | acc=0.9994 | pos_cos=0.263919 | neg_cos=0.203619 | ref_L2=0.000019 | ref_cos=0.995089 | ref_KL=0.002188
2025-10-01 19:56:05,110 - INFO - Task 1 Iter 1050/1200 | lr=1.93775e-05 | acc=0.9998 | pos_cos=0.263549 | neg_cos=0.203352 | ref_L2=0.000019 | ref_cos=0.995108 | ref_KL=0.002246
2025-10-01 19:56:09,017 - INFO - Task 1 Iter 1060/1200 | lr=1.69369e-05 | acc=0.9999 | pos_cos=0.263907 | neg_cos=0.203936 | ref_L2=0.000019 | ref_cos=0.995156 | ref_KL=0.002572
2025-10-01 19:56:12,340 - INFO - Task 1 Iter 1070/1200 | lr=1.4656e-05 | acc=1.0000 | pos_cos=0.263889 | neg_cos=0.203644 | ref_L2=0.000020 | ref_cos=0.994844 | ref_KL=0.003927
2025-10-01 19:56:15,772 - INFO - Task 1 Iter 1080/1200 | lr=1.25364e-05 | acc=1.0000 | pos_cos=0.262987 | neg_cos=0.202721 | ref_L2=0.000020 | ref_cos=0.994935 | ref_KL=0.002983
2025-10-01 19:56:19,791 - INFO - Task 1 Iter 1090/1200 | lr=1.05797e-05 | acc=1.0000 | pos_cos=0.263035 | neg_cos=0.202938 | ref_L2=0.000020 | ref_cos=0.994780 | ref_KL=0.003662
2025-10-01 19:56:23,234 - INFO - Task 1 Iter 1100/1200 | lr=8.78703e-06 | acc=1.0000 | pos_cos=0.262989 | neg_cos=0.202978 | ref_L2=0.000019 | ref_cos=0.995027 | ref_KL=0.003715
2025-10-01 19:56:26,692 - INFO - Task 1 Iter 1110/1200 | lr=7.15973e-06 | acc=1.0000 | pos_cos=0.263609 | neg_cos=0.203505 | ref_L2=0.000020 | ref_cos=0.994824 | ref_KL=0.002774
2025-10-01 19:56:30,041 - INFO - Task 1 Iter 1120/1200 | lr=5.6989e-06 | acc=1.0000 | pos_cos=0.263496 | neg_cos=0.203337 | ref_L2=0.000020 | ref_cos=0.994978 | ref_KL=0.001987
2025-10-01 19:56:33,430 - INFO - Task 1 Iter 1130/1200 | lr=4.40553e-06 | acc=1.0000 | pos_cos=0.263016 | neg_cos=0.202738 | ref_L2=0.000019 | ref_cos=0.995022 | ref_KL=0.001964
2025-10-01 19:56:36,843 - INFO - Task 1 Iter 1140/1200 | lr=3.28051e-06 | acc=1.0000 | pos_cos=0.262993 | neg_cos=0.202808 | ref_L2=0.000019 | ref_cos=0.995024 | ref_KL=0.001950
2025-10-01 19:56:40,252 - INFO - Task 1 Iter 1150/1200 | lr=2.32462e-06 | acc=1.0000 | pos_cos=0.264022 | neg_cos=0.203897 | ref_L2=0.000019 | ref_cos=0.995205 | ref_KL=0.003283
2025-10-01 19:56:44,501 - INFO - Task 1 Iter 1160/1200 | lr=1.5385e-06 | acc=1.0000 | pos_cos=0.264093 | neg_cos=0.203987 | ref_L2=0.000019 | ref_cos=0.995088 | ref_KL=0.002560
2025-10-01 19:56:44,503 - INFO -   food101: 87.20%
2025-10-01 19:56:47,265 - INFO - Task 1 Iter 1170/1200 | lr=9.22707e-07 | acc=1.0000 | pos_cos=0.263523 | neg_cos=0.203427 | ref_L2=0.000020 | ref_cos=0.994979 | ref_KL=0.002230
2025-10-01 19:56:50,637 - INFO - Task 1 Iter 1180/1200 | lr=4.7765e-07 | acc=1.0000 | pos_cos=0.263187 | neg_cos=0.203178 | ref_L2=0.000020 | ref_cos=0.994841 | ref_KL=0.002271
2025-10-01 19:56:53,915 - INFO - Task 1 Iter 1190/1200 | lr=2.03637e-07 | acc=1.0000 | pos_cos=0.263607 | neg_cos=0.203691 | ref_L2=0.000019 | ref_cos=0.995206 | ref_KL=0.002004
2025-10-01 19:56:57,231 - INFO - Task 1 Iter 1200/1200 | lr=1.00857e-07 | acc=1.0000 | pos_cos=0.263539 | neg_cos=0.203487 | ref_L2=0.000019 | ref_cos=0.995111 | ref_KL=0.001941
2025-10-01 19:56:57,364 - INFO - Task 1 finished | total: 408.05 s | train: 407.91 s | drift: 0.00 s
2025-10-01 19:56:58,467 - INFO -   oxford_pets: 87.65%
2025-10-01 19:57:17,732 - INFO - Evaluating zeroshot performance after task 2
2025-10-01 19:57:26,171 - INFO -   stanford_cars: 57.63%
2025-10-01 19:57:26,171 - INFO - Average zeroshot accuracy after task 2: 66.78%
2025-10-01 19:57:26,172 - INFO - Starting task 3/8: dtd (train=1880, test=1880, classes=47)
2025-10-01 19:57:29,579 - INFO - Task 2 Iter 10/1200 | lr=0.000499931 | acc=0.6289 | pos_cos=0.269214 | neg_cos=0.229450 | ref_L2=0.000024 | ref_cos=0.993735 | ref_KL=0.003103
2025-10-01 19:57:31,911 - INFO - Task 2 Iter 20/1200 | lr=0.000499691 | acc=0.5378 | pos_cos=0.272963 | neg_cos=0.235202 | ref_L2=0.000031 | ref_cos=0.992063 | ref_KL=0.004949
2025-10-01 19:57:34,397 - INFO - Task 2 Iter 30/1200 | lr=0.00049928 | acc=0.5453 | pos_cos=0.272087 | neg_cos=0.234723 | ref_L2=0.000035 | ref_cos=0.991142 | ref_KL=0.005904
2025-10-01 19:57:36,827 - INFO -   fgvc_aircraft: 56.32%
2025-10-01 19:57:36,899 - INFO - Task 2 Iter 40/1200 | lr=0.000498698 | acc=0.5659 | pos_cos=0.274692 | neg_cos=0.234445 | ref_L2=0.000036 | ref_cos=0.990706 | ref_KL=0.006530
2025-10-01 19:57:39,352 - INFO - Task 2 Iter 50/1200 | lr=0.000497946 | acc=0.5797 | pos_cos=0.275257 | neg_cos=0.234466 | ref_L2=0.000038 | ref_cos=0.990367 | ref_KL=0.007237
2025-10-01 19:57:43,004 - INFO - Task 2 Iter 60/1200 | lr=0.000497024 | acc=0.6194 | pos_cos=0.276296 | neg_cos=0.234026 | ref_L2=0.000036 | ref_cos=0.990684 | ref_KL=0.008223
2025-10-01 19:57:46,672 - INFO - Task 2 Iter 70/1200 | lr=0.000495933 | acc=0.7280 | pos_cos=0.282640 | neg_cos=0.236507 | ref_L2=0.000037 | ref_cos=0.990587 | ref_KL=0.008259
2025-10-01 19:57:49,740 - INFO - Task 2 Iter 80/1200 | lr=0.000494673 | acc=0.7964 | pos_cos=0.284005 | neg_cos=0.234422 | ref_L2=0.000038 | ref_cos=0.990376 | ref_KL=0.007992
2025-10-01 19:57:52,814 - INFO - Task 2 Iter 90/1200 | lr=0.000493246 | acc=0.8030 | pos_cos=0.285189 | neg_cos=0.234981 | ref_L2=0.000038 | ref_cos=0.990202 | ref_KL=0.007137
2025-10-01 19:57:55,943 - INFO - Task 2 Iter 100/1200 | lr=0.000491652 | acc=0.8061 | pos_cos=0.286587 | neg_cos=0.235658 | ref_L2=0.000040 | ref_cos=0.989848 | ref_KL=0.007752
2025-10-01 19:57:59,068 - INFO - Task 2 Iter 110/1200 | lr=0.000489892 | acc=0.7994 | pos_cos=0.286466 | neg_cos=0.235801 | ref_L2=0.000041 | ref_cos=0.989560 | ref_KL=0.008451
2025-10-01 19:58:00,363 - INFO -   caltech-101: 94.79%
2025-10-01 19:58:02,311 - INFO - Task 2 Iter 120/1200 | lr=0.000487968 | acc=0.8345 | pos_cos=0.284279 | neg_cos=0.232695 | ref_L2=0.000038 | ref_cos=0.990158 | ref_KL=0.007837
2025-10-01 19:58:05,972 - INFO - Task 2 Iter 130/1200 | lr=0.000485881 | acc=0.8966 | pos_cos=0.285600 | neg_cos=0.231707 | ref_L2=0.000040 | ref_cos=0.989887 | ref_KL=0.008774
2025-10-01 19:58:08,142 - INFO -   dtd: 42.66%
2025-10-01 19:58:08,624 - INFO - Task 2 Iter 140/1200 | lr=0.000483632 | acc=0.9330 | pos_cos=0.286699 | neg_cos=0.232442 | ref_L2=0.000040 | ref_cos=0.989719 | ref_KL=0.008101
2025-10-01 19:58:11,643 - INFO - Task 2 Iter 150/1200 | lr=0.000481223 | acc=0.9290 | pos_cos=0.286558 | neg_cos=0.231896 | ref_L2=0.000041 | ref_cos=0.989449 | ref_KL=0.009789
2025-10-01 19:58:14,705 - INFO - Task 2 Iter 160/1200 | lr=0.000478656 | acc=0.9446 | pos_cos=0.287366 | neg_cos=0.232353 | ref_L2=0.000039 | ref_cos=0.990013 | ref_KL=0.009184
2025-10-01 19:58:17,746 - INFO - Task 2 Iter 170/1200 | lr=0.000475932 | acc=0.9239 | pos_cos=0.286463 | neg_cos=0.231713 | ref_L2=0.000040 | ref_cos=0.989781 | ref_KL=0.008398
2025-10-01 19:58:21,375 - INFO - Task 2 Iter 180/1200 | lr=0.000473053 | acc=0.9357 | pos_cos=0.286066 | neg_cos=0.230983 | ref_L2=0.000041 | ref_cos=0.989555 | ref_KL=0.008309
2025-10-01 19:58:24,423 - INFO - Task 2 Iter 190/1200 | lr=0.000470022 | acc=0.9749 | pos_cos=0.285720 | neg_cos=0.231062 | ref_L2=0.000041 | ref_cos=0.989576 | ref_KL=0.007770
2025-10-01 19:58:26,783 - INFO -   eurosat: 49.00%
2025-10-01 19:58:27,621 - INFO - Task 2 Iter 200/1200 | lr=0.000466839 | acc=0.9890 | pos_cos=0.284539 | neg_cos=0.229813 | ref_L2=0.000041 | ref_cos=0.989488 | ref_KL=0.007080
2025-10-01 19:58:30,217 - INFO - Task 2 Iter 210/1200 | lr=0.000463509 | acc=0.9920 | pos_cos=0.286920 | neg_cos=0.231811 | ref_L2=0.000041 | ref_cos=0.989533 | ref_KL=0.006899
2025-10-01 19:58:33,301 - INFO - Task 2 Iter 220/1200 | lr=0.000460031 | acc=0.9883 | pos_cos=0.284677 | neg_cos=0.230144 | ref_L2=0.000040 | ref_cos=0.989702 | ref_KL=0.006681
2025-10-01 19:58:36,360 - INFO - Task 2 Iter 230/1200 | lr=0.00045641 | acc=0.9895 | pos_cos=0.284463 | neg_cos=0.229612 | ref_L2=0.000042 | ref_cos=0.989348 | ref_KL=0.008258
2025-10-01 19:58:40,029 - INFO - Task 2 Iter 240/1200 | lr=0.000452648 | acc=0.9918 | pos_cos=0.284482 | neg_cos=0.228422 | ref_L2=0.000041 | ref_cos=0.989395 | ref_KL=0.008485
2025-10-01 19:58:43,113 - INFO - Task 2 Iter 250/1200 | lr=0.000448746 | acc=0.9971 | pos_cos=0.283507 | neg_cos=0.229525 | ref_L2=0.000040 | ref_cos=0.989653 | ref_KL=0.008297
2025-10-01 19:58:46,725 - INFO - Task 2 Iter 260/1200 | lr=0.000444709 | acc=0.9990 | pos_cos=0.284407 | neg_cos=0.229561 | ref_L2=0.000040 | ref_cos=0.989836 | ref_KL=0.007676
2025-10-01 19:58:49,815 - INFO - Task 2 Iter 270/1200 | lr=0.000440538 | acc=0.9997 | pos_cos=0.282698 | neg_cos=0.228821 | ref_L2=0.000041 | ref_cos=0.989574 | ref_KL=0.006876
2025-10-01 19:58:50,816 - INFO -   oxford_flower102: 63.39%
2025-10-01 19:58:52,048 - INFO - Task 2 Iter 280/1200 | lr=0.000436236 | acc=0.9999 | pos_cos=0.282484 | neg_cos=0.228185 | ref_L2=0.000041 | ref_cos=0.989630 | ref_KL=0.007826
2025-10-01 19:58:54,938 - INFO - Task 2 Iter 290/1200 | lr=0.000431807 | acc=1.0000 | pos_cos=0.282906 | neg_cos=0.228836 | ref_L2=0.000041 | ref_cos=0.989467 | ref_KL=0.016460
2025-10-01 19:58:58,628 - INFO - Task 2 Iter 300/1200 | lr=0.000427253 | acc=1.0000 | pos_cos=0.283591 | neg_cos=0.228919 | ref_L2=0.000041 | ref_cos=0.989590 | ref_KL=0.011512
2025-10-01 19:59:01,726 - INFO - Task 2 Iter 310/1200 | lr=0.000422578 | acc=1.0000 | pos_cos=0.283173 | neg_cos=0.229599 | ref_L2=0.000041 | ref_cos=0.989424 | ref_KL=0.010295
2025-10-01 19:59:04,783 - INFO - Task 2 Iter 320/1200 | lr=0.000417785 | acc=1.0000 | pos_cos=0.284328 | neg_cos=0.230139 | ref_L2=0.000041 | ref_cos=0.989473 | ref_KL=0.008550
2025-10-01 19:59:08,398 - INFO - Task 2 Iter 330/1200 | lr=0.000412877 | acc=1.0000 | pos_cos=0.283931 | neg_cos=0.230883 | ref_L2=0.000041 | ref_cos=0.989557 | ref_KL=0.009382
2025-10-01 19:59:11,413 - INFO - Task 2 Iter 340/1200 | lr=0.000407857 | acc=1.0000 | pos_cos=0.285499 | neg_cos=0.231331 | ref_L2=0.000040 | ref_cos=0.989667 | ref_KL=0.008226
2025-10-01 19:59:14,467 - INFO - Task 2 Iter 350/1200 | lr=0.000402729 | acc=1.0000 | pos_cos=0.286085 | neg_cos=0.232545 | ref_L2=0.000040 | ref_cos=0.989785 | ref_KL=0.009949
2025-10-01 19:59:18,117 - INFO - Task 2 Iter 360/1200 | lr=0.000397496 | acc=1.0000 | pos_cos=0.283867 | neg_cos=0.229860 | ref_L2=0.000041 | ref_cos=0.989495 | ref_KL=0.010154
2025-10-01 19:59:21,174 - INFO - Task 2 Iter 370/1200 | lr=0.000392162 | acc=1.0000 | pos_cos=0.284052 | neg_cos=0.230634 | ref_L2=0.000039 | ref_cos=0.989908 | ref_KL=0.009952
2025-10-01 19:59:24,231 - INFO - Task 2 Iter 380/1200 | lr=0.000386731 | acc=1.0000 | pos_cos=0.283505 | neg_cos=0.229984 | ref_L2=0.000040 | ref_cos=0.989790 | ref_KL=0.010855
2025-10-01 19:59:27,856 - INFO - Task 2 Iter 390/1200 | lr=0.000381206 | acc=1.0000 | pos_cos=0.283813 | neg_cos=0.230568 | ref_L2=0.000041 | ref_cos=0.989452 | ref_KL=0.009462
2025-10-01 19:59:30,888 - INFO - Task 2 Iter 400/1200 | lr=0.000375591 | acc=1.0000 | pos_cos=0.284794 | neg_cos=0.231438 | ref_L2=0.000039 | ref_cos=0.989924 | ref_KL=0.008784
2025-10-01 19:59:33,934 - INFO - Task 2 Iter 410/1200 | lr=0.00036989 | acc=1.0000 | pos_cos=0.284106 | neg_cos=0.231002 | ref_L2=0.000039 | ref_cos=0.989932 | ref_KL=0.008561
2025-10-01 19:59:37,546 - INFO - Task 2 Iter 420/1200 | lr=0.000364108 | acc=1.0000 | pos_cos=0.285058 | neg_cos=0.231503 | ref_L2=0.000040 | ref_cos=0.989863 | ref_KL=0.007294
2025-10-01 19:59:40,539 - INFO - Task 2 Iter 430/1200 | lr=0.000358247 | acc=1.0000 | pos_cos=0.283935 | neg_cos=0.230894 | ref_L2=0.000040 | ref_cos=0.989842 | ref_KL=0.009888
2025-10-01 19:59:43,600 - INFO - Task 2 Iter 440/1200 | lr=0.000352311 | acc=1.0000 | pos_cos=0.285049 | neg_cos=0.231921 | ref_L2=0.000039 | ref_cos=0.989928 | ref_KL=0.010219
2025-10-01 19:59:47,255 - INFO - Task 2 Iter 450/1200 | lr=0.000346306 | acc=1.0000 | pos_cos=0.285580 | neg_cos=0.232515 | ref_L2=0.000039 | ref_cos=0.990049 | ref_KL=0.008743
2025-10-01 19:59:50,305 - INFO - Task 2 Iter 460/1200 | lr=0.000340235 | acc=1.0000 | pos_cos=0.285990 | neg_cos=0.232991 | ref_L2=0.000040 | ref_cos=0.989725 | ref_KL=0.008248
2025-10-01 19:59:53,308 - INFO - Task 2 Iter 470/1200 | lr=0.000334102 | acc=1.0000 | pos_cos=0.285289 | neg_cos=0.232454 | ref_L2=0.000038 | ref_cos=0.990179 | ref_KL=0.007345
2025-10-01 19:59:56,962 - INFO - Task 2 Iter 480/1200 | lr=0.000327911 | acc=1.0000 | pos_cos=0.285466 | neg_cos=0.232594 | ref_L2=0.000039 | ref_cos=0.990067 | ref_KL=0.008195
2025-10-01 20:00:00,012 - INFO - Task 2 Iter 490/1200 | lr=0.000321667 | acc=1.0000 | pos_cos=0.285405 | neg_cos=0.232627 | ref_L2=0.000037 | ref_cos=0.990417 | ref_KL=0.007401
2025-10-01 20:00:03,074 - INFO - Task 2 Iter 500/1200 | lr=0.000315374 | acc=1.0000 | pos_cos=0.286142 | neg_cos=0.233277 | ref_L2=0.000038 | ref_cos=0.990305 | ref_KL=0.008238
2025-10-01 20:00:06,141 - INFO - Task 2 Iter 510/1200 | lr=0.000309036 | acc=1.0000 | pos_cos=0.284962 | neg_cos=0.232099 | ref_L2=0.000040 | ref_cos=0.989782 | ref_KL=0.006639
2025-10-01 20:00:09,832 - INFO - Task 2 Iter 520/1200 | lr=0.000302657 | acc=1.0000 | pos_cos=0.284199 | neg_cos=0.231531 | ref_L2=0.000037 | ref_cos=0.990447 | ref_KL=0.006904
2025-10-01 20:00:12,888 - INFO - Task 2 Iter 530/1200 | lr=0.000296243 | acc=1.0000 | pos_cos=0.284401 | neg_cos=0.231705 | ref_L2=0.000039 | ref_cos=0.990130 | ref_KL=0.006328
2025-10-01 20:00:16,508 - INFO - Task 2 Iter 540/1200 | lr=0.000289797 | acc=1.0000 | pos_cos=0.285221 | neg_cos=0.232619 | ref_L2=0.000039 | ref_cos=0.990043 | ref_KL=0.006415
2025-10-01 20:00:19,550 - INFO - Task 2 Iter 550/1200 | lr=0.000283324 | acc=1.0000 | pos_cos=0.285310 | neg_cos=0.232571 | ref_L2=0.000039 | ref_cos=0.990021 | ref_KL=0.006914
2025-10-01 20:00:22,562 - INFO - Task 2 Iter 560/1200 | lr=0.000276828 | acc=1.0000 | pos_cos=0.285762 | neg_cos=0.233189 | ref_L2=0.000038 | ref_cos=0.990218 | ref_KL=0.006651
2025-10-01 20:00:24,029 - INFO -   food101: 87.57%
2025-10-01 20:00:24,866 - INFO - Task 2 Iter 570/1200 | lr=0.000270313 | acc=1.0000 | pos_cos=0.284925 | neg_cos=0.232384 | ref_L2=0.000037 | ref_cos=0.990421 | ref_KL=0.007240
2025-10-01 20:00:28,493 - INFO - Task 2 Iter 580/1200 | lr=0.000263785 | acc=1.0000 | pos_cos=0.284064 | neg_cos=0.231612 | ref_L2=0.000037 | ref_cos=0.990534 | ref_KL=0.005732
2025-10-01 20:00:31,568 - INFO - Task 2 Iter 590/1200 | lr=0.000257247 | acc=1.0000 | pos_cos=0.285729 | neg_cos=0.233113 | ref_L2=0.000039 | ref_cos=0.990105 | ref_KL=0.005304
2025-10-01 20:00:35,271 - INFO - Task 2 Iter 600/1200 | lr=0.000250704 | acc=1.0000 | pos_cos=0.285979 | neg_cos=0.233522 | ref_L2=0.000039 | ref_cos=0.990118 | ref_KL=0.006859
2025-10-01 20:00:37,830 - INFO -   oxford_pets: 88.14%
2025-10-01 20:00:38,096 - INFO - Task 2 Iter 610/1200 | lr=0.000244161 | acc=1.0000 | pos_cos=0.284317 | neg_cos=0.231840 | ref_L2=0.000038 | ref_cos=0.990373 | ref_KL=0.006769
2025-10-01 20:00:40,197 - INFO - Task 2 Iter 620/1200 | lr=0.000237622 | acc=1.0000 | pos_cos=0.284164 | neg_cos=0.231838 | ref_L2=0.000038 | ref_cos=0.990327 | ref_KL=0.005702
2025-10-01 20:00:43,050 - INFO - Task 2 Iter 630/1200 | lr=0.000231092 | acc=1.0000 | pos_cos=0.285588 | neg_cos=0.233171 | ref_L2=0.000037 | ref_cos=0.990416 | ref_KL=0.005416
2025-10-01 20:00:46,098 - INFO - Task 2 Iter 640/1200 | lr=0.000224574 | acc=1.0000 | pos_cos=0.286541 | neg_cos=0.234234 | ref_L2=0.000037 | ref_cos=0.990641 | ref_KL=0.006201
2025-10-01 20:00:50,267 - INFO - Task 2 Iter 650/1200 | lr=0.000218074 | acc=1.0000 | pos_cos=0.287301 | neg_cos=0.234707 | ref_L2=0.000037 | ref_cos=0.990596 | ref_KL=0.005472
2025-10-01 20:00:53,266 - INFO - Task 2 Iter 660/1200 | lr=0.000211596 | acc=1.0000 | pos_cos=0.285599 | neg_cos=0.233351 | ref_L2=0.000037 | ref_cos=0.990599 | ref_KL=0.004981
2025-10-01 20:00:56,382 - INFO - Task 2 Iter 670/1200 | lr=0.000205144 | acc=1.0000 | pos_cos=0.286570 | neg_cos=0.234278 | ref_L2=0.000037 | ref_cos=0.990583 | ref_KL=0.004865
2025-10-01 20:00:59,505 - INFO - Task 2 Iter 680/1200 | lr=0.000198723 | acc=1.0000 | pos_cos=0.286578 | neg_cos=0.234266 | ref_L2=0.000036 | ref_cos=0.990692 | ref_KL=0.005389
2025-10-01 20:01:02,532 - INFO - Task 2 Iter 690/1200 | lr=0.000192337 | acc=1.0000 | pos_cos=0.286078 | neg_cos=0.233704 | ref_L2=0.000038 | ref_cos=0.990255 | ref_KL=0.004843
2025-10-01 20:01:05,256 - INFO - Task 2 Iter 700/1200 | lr=0.00018599 | acc=1.0000 | pos_cos=0.286714 | neg_cos=0.234458 | ref_L2=0.000037 | ref_cos=0.990409 | ref_KL=0.005152
2025-10-01 20:01:09,527 - INFO - Task 2 Iter 710/1200 | lr=0.000179688 | acc=1.0000 | pos_cos=0.286581 | neg_cos=0.234247 | ref_L2=0.000036 | ref_cos=0.990670 | ref_KL=0.004970
2025-10-01 20:01:10,704 - INFO -   stanford_cars: 58.72%
2025-10-01 20:01:10,704 - INFO - Average zeroshot accuracy after task 2: 67.57%
2025-10-01 20:01:10,704 - INFO - Starting task 3/8: dtd (train=1880, test=1880, classes=47)
2025-10-01 20:01:11,742 - INFO - Task 2 Iter 720/1200 | lr=0.000173434 | acc=1.0000 | pos_cos=0.286232 | neg_cos=0.234068 | ref_L2=0.000035 | ref_cos=0.990925 | ref_KL=0.004943
2025-10-01 20:01:14,769 - INFO - Task 2 Iter 730/1200 | lr=0.000167232 | acc=1.0000 | pos_cos=0.285033 | neg_cos=0.232845 | ref_L2=0.000036 | ref_cos=0.990787 | ref_KL=0.004848
2025-10-01 20:01:15,854 - INFO - Task 2 Iter 10/1200 | lr=0.000499931 | acc=0.6325 | pos_cos=0.270254 | neg_cos=0.230221 | ref_L2=0.000020 | ref_cos=0.994790 | ref_KL=0.002574
2025-10-01 20:01:18,084 - INFO - Task 2 Iter 740/1200 | lr=0.000161087 | acc=1.0000 | pos_cos=0.286296 | neg_cos=0.234173 | ref_L2=0.000036 | ref_cos=0.990778 | ref_KL=0.004126
2025-10-01 20:01:19,291 - INFO - Task 2 Iter 20/1200 | lr=0.000499691 | acc=0.5474 | pos_cos=0.273629 | neg_cos=0.235984 | ref_L2=0.000025 | ref_cos=0.993558 | ref_KL=0.003746
2025-10-01 20:01:21,478 - INFO - Task 2 Iter 750/1200 | lr=0.000155003 | acc=1.0000 | pos_cos=0.286392 | neg_cos=0.234271 | ref_L2=0.000036 | ref_cos=0.990664 | ref_KL=0.004226
2025-10-01 20:01:22,689 - INFO - Task 2 Iter 30/1200 | lr=0.00049928 | acc=0.5577 | pos_cos=0.272870 | neg_cos=0.235757 | ref_L2=0.000028 | ref_cos=0.992944 | ref_KL=0.004588
2025-10-01 20:01:24,861 - INFO - Task 2 Iter 760/1200 | lr=0.000148984 | acc=1.0000 | pos_cos=0.286808 | neg_cos=0.234575 | ref_L2=0.000039 | ref_cos=0.990129 | ref_KL=0.004730
2025-10-01 20:01:26,062 - INFO - Task 2 Iter 40/1200 | lr=0.000498698 | acc=0.5680 | pos_cos=0.275582 | neg_cos=0.235585 | ref_L2=0.000029 | ref_cos=0.992596 | ref_KL=0.004929
2025-10-01 20:01:28,533 - INFO - Task 2 Iter 50/1200 | lr=0.000497946 | acc=0.5799 | pos_cos=0.276075 | neg_cos=0.235350 | ref_L2=0.000030 | ref_cos=0.992312 | ref_KL=0.005463
2025-10-01 20:01:29,643 - INFO - Task 2 Iter 770/1200 | lr=0.000143035 | acc=1.0000 | pos_cos=0.286418 | neg_cos=0.234239 | ref_L2=0.000038 | ref_cos=0.990197 | ref_KL=0.005235
2025-10-01 20:01:32,291 - INFO - Task 2 Iter 780/1200 | lr=0.000137159 | acc=1.0000 | pos_cos=0.284640 | neg_cos=0.232535 | ref_L2=0.000036 | ref_cos=0.990714 | ref_KL=0.004688
2025-10-01 20:01:32,304 - INFO - Task 2 Iter 60/1200 | lr=0.000497024 | acc=0.6121 | pos_cos=0.276731 | neg_cos=0.234553 | ref_L2=0.000030 | ref_cos=0.992390 | ref_KL=0.006367
2025-10-01 20:01:35,175 - INFO - Task 2 Iter 790/1200 | lr=0.00013136 | acc=1.0000 | pos_cos=0.285696 | neg_cos=0.233683 | ref_L2=0.000037 | ref_cos=0.990503 | ref_KL=0.004096
2025-10-01 20:01:36,652 - INFO - Task 2 Iter 70/1200 | lr=0.000495933 | acc=0.7105 | pos_cos=0.283183 | neg_cos=0.237318 | ref_L2=0.000029 | ref_cos=0.992481 | ref_KL=0.006215
2025-10-01 20:01:38,900 - INFO - Task 2 Iter 800/1200 | lr=0.000125642 | acc=1.0000 | pos_cos=0.286292 | neg_cos=0.234129 | ref_L2=0.000037 | ref_cos=0.990444 | ref_KL=0.005259
2025-10-01 20:01:40,413 - INFO - Task 2 Iter 80/1200 | lr=0.000494673 | acc=0.7896 | pos_cos=0.284812 | neg_cos=0.235498 | ref_L2=0.000030 | ref_cos=0.992248 | ref_KL=0.005909
2025-10-01 20:01:42,631 - INFO - Task 2 Iter 810/1200 | lr=0.00012001 | acc=1.0000 | pos_cos=0.286638 | neg_cos=0.234665 | ref_L2=0.000036 | ref_cos=0.990878 | ref_KL=0.004033
2025-10-01 20:01:44,114 - INFO - Task 2 Iter 90/1200 | lr=0.000493246 | acc=0.7927 | pos_cos=0.286640 | neg_cos=0.236541 | ref_L2=0.000031 | ref_cos=0.992008 | ref_KL=0.005673
2025-10-01 20:01:45,948 - INFO - Task 2 Iter 820/1200 | lr=0.000114467 | acc=1.0000 | pos_cos=0.286822 | neg_cos=0.234652 | ref_L2=0.000036 | ref_cos=0.990675 | ref_KL=0.004264
2025-10-01 20:01:47,519 - INFO - Task 2 Iter 100/1200 | lr=0.000491652 | acc=0.7867 | pos_cos=0.287897 | neg_cos=0.237062 | ref_L2=0.000032 | ref_cos=0.991766 | ref_KL=0.006620
2025-10-01 20:01:49,918 - INFO - Task 2 Iter 830/1200 | lr=0.000109017 | acc=1.0000 | pos_cos=0.286749 | neg_cos=0.234657 | ref_L2=0.000037 | ref_cos=0.990508 | ref_KL=0.004031
2025-10-01 20:01:50,093 - INFO - Task 2 Iter 110/1200 | lr=0.000489892 | acc=0.7840 | pos_cos=0.287939 | neg_cos=0.237481 | ref_L2=0.000033 | ref_cos=0.991678 | ref_KL=0.008122
2025-10-01 20:01:53,318 - INFO - Task 2 Iter 840/1200 | lr=0.000103663 | acc=1.0000 | pos_cos=0.286810 | neg_cos=0.234737 | ref_L2=0.000035 | ref_cos=0.990996 | ref_KL=0.003418
2025-10-01 20:01:53,717 - INFO - Task 2 Iter 120/1200 | lr=0.000487968 | acc=0.8295 | pos_cos=0.285733 | neg_cos=0.234509 | ref_L2=0.000031 | ref_cos=0.992171 | ref_KL=0.007822
2025-10-01 20:01:56,512 - INFO - Task 2 Iter 850/1200 | lr=9.84097e-05 | acc=1.0000 | pos_cos=0.286154 | neg_cos=0.234124 | ref_L2=0.000035 | ref_cos=0.990928 | ref_KL=0.003676
2025-10-01 20:01:57,830 - INFO - Task 2 Iter 130/1200 | lr=0.000485881 | acc=0.8892 | pos_cos=0.287003 | neg_cos=0.233508 | ref_L2=0.000031 | ref_cos=0.991986 | ref_KL=0.007641
2025-10-01 20:01:59,318 - INFO - Task 2 Iter 860/1200 | lr=9.32604e-05 | acc=1.0000 | pos_cos=0.286695 | neg_cos=0.234601 | ref_L2=0.000037 | ref_cos=0.990546 | ref_KL=0.004177
2025-10-01 20:02:01,177 - INFO - Task 2 Iter 140/1200 | lr=0.000483632 | acc=0.9309 | pos_cos=0.288571 | neg_cos=0.234402 | ref_L2=0.000032 | ref_cos=0.991699 | ref_KL=0.007810
2025-10-01 20:02:02,676 - INFO - Task 2 Iter 870/1200 | lr=8.82186e-05 | acc=1.0000 | pos_cos=0.286139 | neg_cos=0.234093 | ref_L2=0.000037 | ref_cos=0.990597 | ref_KL=0.004174
2025-10-01 20:02:04,538 - INFO - Task 2 Iter 150/1200 | lr=0.000481223 | acc=0.9225 | pos_cos=0.288260 | neg_cos=0.233800 | ref_L2=0.000034 | ref_cos=0.991342 | ref_KL=0.010530
2025-10-01 20:02:06,042 - INFO - Task 2 Iter 880/1200 | lr=8.32877e-05 | acc=1.0000 | pos_cos=0.285784 | neg_cos=0.233725 | ref_L2=0.000037 | ref_cos=0.990451 | ref_KL=0.006530
2025-10-01 20:02:07,775 - INFO - Task 2 Iter 160/1200 | lr=0.000478656 | acc=0.9365 | pos_cos=0.288721 | neg_cos=0.233834 | ref_L2=0.000031 | ref_cos=0.991950 | ref_KL=0.010887
2025-10-01 20:02:10,149 - INFO - Task 2 Iter 890/1200 | lr=7.8471e-05 | acc=1.0000 | pos_cos=0.287022 | neg_cos=0.234960 | ref_L2=0.000036 | ref_cos=0.990692 | ref_KL=0.005130
2025-10-01 20:02:10,910 - INFO - Task 2 Iter 170/1200 | lr=0.000475932 | acc=0.9261 | pos_cos=0.287769 | neg_cos=0.232940 | ref_L2=0.000032 | ref_cos=0.991801 | ref_KL=0.008573
2025-10-01 20:02:13,722 - INFO - Task 2 Iter 900/1200 | lr=7.3772e-05 | acc=1.0000 | pos_cos=0.287190 | neg_cos=0.235102 | ref_L2=0.000036 | ref_cos=0.990828 | ref_KL=0.003941
2025-10-01 20:02:14,614 - INFO - Task 2 Iter 180/1200 | lr=0.000473053 | acc=0.9314 | pos_cos=0.287595 | neg_cos=0.232648 | ref_L2=0.000033 | ref_cos=0.991452 | ref_KL=0.008678
2025-10-01 20:02:16,900 - INFO - Task 2 Iter 910/1200 | lr=6.91937e-05 | acc=1.0000 | pos_cos=0.287132 | neg_cos=0.235114 | ref_L2=0.000036 | ref_cos=0.990657 | ref_KL=0.004194
2025-10-01 20:02:18,117 - INFO - Task 2 Iter 190/1200 | lr=0.000470022 | acc=0.9715 | pos_cos=0.287838 | neg_cos=0.232915 | ref_L2=0.000033 | ref_cos=0.991589 | ref_KL=0.008165
2025-10-01 20:02:19,621 - INFO - Task 2 Iter 920/1200 | lr=6.47394e-05 | acc=1.0000 | pos_cos=0.286751 | neg_cos=0.234692 | ref_L2=0.000036 | ref_cos=0.990770 | ref_KL=0.004209
2025-10-01 20:02:22,432 - INFO - Task 2 Iter 200/1200 | lr=0.000466839 | acc=0.9837 | pos_cos=0.286471 | neg_cos=0.231632 | ref_L2=0.000033 | ref_cos=0.991514 | ref_KL=0.010938
2025-10-01 20:02:22,892 - INFO - Task 2 Iter 930/1200 | lr=6.04122e-05 | acc=1.0000 | pos_cos=0.285956 | neg_cos=0.233893 | ref_L2=0.000036 | ref_cos=0.990663 | ref_KL=0.004291
2025-10-01 20:02:26,089 - INFO - Task 2 Iter 210/1200 | lr=0.000463509 | acc=0.9902 | pos_cos=0.288873 | neg_cos=0.233601 | ref_L2=0.000033 | ref_cos=0.991436 | ref_KL=0.009093
2025-10-01 20:02:26,441 - INFO - Task 2 Iter 940/1200 | lr=5.62148e-05 | acc=1.0000 | pos_cos=0.286950 | neg_cos=0.235053 | ref_L2=0.000036 | ref_cos=0.990798 | ref_KL=0.003823
2025-10-01 20:02:28,986 - INFO - Task 2 Iter 220/1200 | lr=0.000460031 | acc=0.9833 | pos_cos=0.286897 | neg_cos=0.232302 | ref_L2=0.000033 | ref_cos=0.991595 | ref_KL=0.009343
2025-10-01 20:02:30,456 - INFO - Task 2 Iter 950/1200 | lr=5.21504e-05 | acc=1.0000 | pos_cos=0.286852 | neg_cos=0.234786 | ref_L2=0.000036 | ref_cos=0.990872 | ref_KL=0.003210
2025-10-01 20:02:32,324 - INFO - Task 2 Iter 230/1200 | lr=0.00045641 | acc=0.9872 | pos_cos=0.287190 | neg_cos=0.232284 | ref_L2=0.000034 | ref_cos=0.991255 | ref_KL=0.010884
2025-10-01 20:02:33,841 - INFO - Task 2 Iter 960/1200 | lr=4.82215e-05 | acc=1.0000 | pos_cos=0.286549 | neg_cos=0.234559 | ref_L2=0.000036 | ref_cos=0.990819 | ref_KL=0.003597
2025-10-01 20:02:36,205 - INFO - Task 2 Iter 240/1200 | lr=0.000452648 | acc=0.9882 | pos_cos=0.286855 | neg_cos=0.230857 | ref_L2=0.000033 | ref_cos=0.991456 | ref_KL=0.009546
2025-10-01 20:02:37,360 - INFO - Task 2 Iter 970/1200 | lr=4.4431e-05 | acc=1.0000 | pos_cos=0.286202 | neg_cos=0.234227 | ref_L2=0.000035 | ref_cos=0.991089 | ref_KL=0.003445
2025-10-01 20:02:39,506 - INFO - Task 2 Iter 250/1200 | lr=0.000448746 | acc=0.9959 | pos_cos=0.285573 | neg_cos=0.231275 | ref_L2=0.000033 | ref_cos=0.991645 | ref_KL=0.009396
2025-10-01 20:02:40,681 - INFO - Task 2 Iter 980/1200 | lr=4.07814e-05 | acc=1.0000 | pos_cos=0.286430 | neg_cos=0.234400 | ref_L2=0.000036 | ref_cos=0.990903 | ref_KL=0.003230
2025-10-01 20:02:43,278 - INFO - Task 2 Iter 990/1200 | lr=3.72752e-05 | acc=1.0000 | pos_cos=0.286034 | neg_cos=0.234029 | ref_L2=0.000035 | ref_cos=0.990929 | ref_KL=0.003602
2025-10-01 20:02:43,709 - INFO - Task 2 Iter 260/1200 | lr=0.000444709 | acc=0.9986 | pos_cos=0.286923 | neg_cos=0.231819 | ref_L2=0.000032 | ref_cos=0.991716 | ref_KL=0.009325
2025-10-01 20:02:46,550 - INFO - Task 2 Iter 1000/1200 | lr=3.39149e-05 | acc=1.0000 | pos_cos=0.286478 | neg_cos=0.234499 | ref_L2=0.000035 | ref_cos=0.990914 | ref_KL=0.003628
2025-10-01 20:02:47,088 - INFO - Task 2 Iter 270/1200 | lr=0.000440538 | acc=0.9995 | pos_cos=0.286286 | neg_cos=0.231842 | ref_L2=0.000034 | ref_cos=0.991229 | ref_KL=0.007755
2025-10-01 20:02:50,018 - INFO - Task 2 Iter 280/1200 | lr=0.000436236 | acc=0.9998 | pos_cos=0.285302 | neg_cos=0.230891 | ref_L2=0.000033 | ref_cos=0.991435 | ref_KL=0.009336
2025-10-01 20:02:50,769 - INFO - Task 2 Iter 1010/1200 | lr=3.07027e-05 | acc=1.0000 | pos_cos=0.285894 | neg_cos=0.233884 | ref_L2=0.000037 | ref_cos=0.990488 | ref_KL=0.003599
2025-10-01 20:02:53,783 - INFO - Task 2 Iter 290/1200 | lr=0.000431807 | acc=0.9979 | pos_cos=0.285451 | neg_cos=0.230984 | ref_L2=0.000034 | ref_cos=0.991366 | ref_KL=0.016291
2025-10-01 20:02:54,512 - INFO - Task 2 Iter 1020/1200 | lr=2.76408e-05 | acc=1.0000 | pos_cos=0.287081 | neg_cos=0.235082 | ref_L2=0.000037 | ref_cos=0.990543 | ref_KL=0.003257
2025-10-01 20:02:57,977 - INFO - Task 2 Iter 300/1200 | lr=0.000427253 | acc=0.9993 | pos_cos=0.285363 | neg_cos=0.230904 | ref_L2=0.000033 | ref_cos=0.991441 | ref_KL=0.012118
2025-10-01 20:02:58,272 - INFO - Task 2 Iter 1030/1200 | lr=2.47313e-05 | acc=1.0000 | pos_cos=0.287427 | neg_cos=0.235511 | ref_L2=0.000035 | ref_cos=0.990992 | ref_KL=0.003233
2025-10-01 20:03:01,348 - INFO - Task 2 Iter 310/1200 | lr=0.000422578 | acc=0.9997 | pos_cos=0.285172 | neg_cos=0.231312 | ref_L2=0.000034 | ref_cos=0.991362 | ref_KL=0.010128
2025-10-01 20:03:01,537 - INFO - Task 2 Iter 1040/1200 | lr=2.19763e-05 | acc=1.0000 | pos_cos=0.287038 | neg_cos=0.235163 | ref_L2=0.000035 | ref_cos=0.990927 | ref_KL=0.003691
2025-10-01 20:03:04,720 - INFO - Task 2 Iter 320/1200 | lr=0.000417785 | acc=0.9999 | pos_cos=0.285768 | neg_cos=0.231423 | ref_L2=0.000034 | ref_cos=0.991399 | ref_KL=0.008165
2025-10-01 20:03:04,811 - INFO - Task 2 Iter 1050/1200 | lr=1.93775e-05 | acc=1.0000 | pos_cos=0.286321 | neg_cos=0.234321 | ref_L2=0.000035 | ref_cos=0.990917 | ref_KL=0.003899
2025-10-01 20:03:07,575 - INFO - Task 2 Iter 1060/1200 | lr=1.69369e-05 | acc=1.0000 | pos_cos=0.286391 | neg_cos=0.234317 | ref_L2=0.000036 | ref_cos=0.990881 | ref_KL=0.003521
2025-10-01 20:03:08,487 - INFO - Task 2 Iter 330/1200 | lr=0.000412877 | acc=1.0000 | pos_cos=0.285171 | neg_cos=0.231954 | ref_L2=0.000033 | ref_cos=0.991491 | ref_KL=0.008385
2025-10-01 20:03:11,440 - INFO - Task 2 Iter 340/1200 | lr=0.000407857 | acc=1.0000 | pos_cos=0.287106 | neg_cos=0.232750 | ref_L2=0.000033 | ref_cos=0.991663 | ref_KL=0.008440
2025-10-01 20:03:11,606 - INFO - Task 2 Iter 1070/1200 | lr=1.4656e-05 | acc=1.0000 | pos_cos=0.286594 | neg_cos=0.234592 | ref_L2=0.000037 | ref_cos=0.990446 | ref_KL=0.003519
2025-10-01 20:03:14,776 - INFO - Task 2 Iter 350/1200 | lr=0.000402729 | acc=1.0000 | pos_cos=0.287527 | neg_cos=0.233425 | ref_L2=0.000032 | ref_cos=0.991694 | ref_KL=0.009592
2025-10-01 20:03:14,946 - INFO - Task 2 Iter 1080/1200 | lr=1.25364e-05 | acc=1.0000 | pos_cos=0.286396 | neg_cos=0.234405 | ref_L2=0.000036 | ref_cos=0.990886 | ref_KL=0.003277
2025-10-01 20:03:18,216 - INFO - Task 2 Iter 1090/1200 | lr=1.05797e-05 | acc=1.0000 | pos_cos=0.286359 | neg_cos=0.234499 | ref_L2=0.000036 | ref_cos=0.990892 | ref_KL=0.003254
2025-10-01 20:03:18,382 - INFO - Task 2 Iter 360/1200 | lr=0.000397496 | acc=1.0000 | pos_cos=0.285703 | neg_cos=0.231597 | ref_L2=0.000034 | ref_cos=0.991238 | ref_KL=0.010458
2025-10-01 20:03:21,540 - INFO - Task 2 Iter 1100/1200 | lr=8.78703e-06 | acc=1.0000 | pos_cos=0.286166 | neg_cos=0.234218 | ref_L2=0.000037 | ref_cos=0.990597 | ref_KL=0.003322
2025-10-01 20:03:21,745 - INFO - Task 2 Iter 370/1200 | lr=0.000392162 | acc=1.0000 | pos_cos=0.286340 | neg_cos=0.232597 | ref_L2=0.000033 | ref_cos=0.991601 | ref_KL=0.010492
2025-10-01 20:03:24,868 - INFO - Task 2 Iter 1110/1200 | lr=7.15973e-06 | acc=1.0000 | pos_cos=0.286524 | neg_cos=0.234580 | ref_L2=0.000037 | ref_cos=0.990612 | ref_KL=0.003490
2025-10-01 20:03:25,037 - INFO - Task 2 Iter 380/1200 | lr=0.000386731 | acc=1.0000 | pos_cos=0.285824 | neg_cos=0.232127 | ref_L2=0.000033 | ref_cos=0.991565 | ref_KL=0.010336
2025-10-01 20:03:27,533 - INFO - Task 2 Iter 1120/1200 | lr=5.6989e-06 | acc=1.0000 | pos_cos=0.286187 | neg_cos=0.234217 | ref_L2=0.000037 | ref_cos=0.990554 | ref_KL=0.003340
2025-10-01 20:03:28,462 - INFO - Task 2 Iter 390/1200 | lr=0.000381206 | acc=1.0000 | pos_cos=0.285723 | neg_cos=0.232274 | ref_L2=0.000034 | ref_cos=0.991176 | ref_KL=0.009836
2025-10-01 20:03:32,026 - INFO - Task 2 Iter 1130/1200 | lr=4.40553e-06 | acc=1.0000 | pos_cos=0.286381 | neg_cos=0.234407 | ref_L2=0.000035 | ref_cos=0.990971 | ref_KL=0.003342
2025-10-01 20:03:32,028 - INFO - Task 2 Iter 400/1200 | lr=0.000375591 | acc=1.0000 | pos_cos=0.286876 | neg_cos=0.233107 | ref_L2=0.000033 | ref_cos=0.991550 | ref_KL=0.010783
2025-10-01 20:03:35,519 - INFO - Task 2 Iter 1140/1200 | lr=3.28051e-06 | acc=1.0000 | pos_cos=0.286534 | neg_cos=0.234634 | ref_L2=0.000035 | ref_cos=0.990965 | ref_KL=0.003469
2025-10-01 20:03:35,551 - INFO - Task 2 Iter 410/1200 | lr=0.00036989 | acc=1.0000 | pos_cos=0.285951 | neg_cos=0.232615 | ref_L2=0.000033 | ref_cos=0.991630 | ref_KL=0.007380
2025-10-01 20:03:38,361 - INFO - Task 2 Iter 1150/1200 | lr=2.32462e-06 | acc=1.0000 | pos_cos=0.286260 | neg_cos=0.234303 | ref_L2=0.000035 | ref_cos=0.990968 | ref_KL=0.003613
2025-10-01 20:03:39,438 - INFO - Task 2 Iter 420/1200 | lr=0.000364108 | acc=1.0000 | pos_cos=0.286802 | neg_cos=0.233013 | ref_L2=0.000033 | ref_cos=0.991458 | ref_KL=0.007429
2025-10-01 20:03:42,380 - INFO - Task 2 Iter 1160/1200 | lr=1.5385e-06 | acc=1.0000 | pos_cos=0.286392 | neg_cos=0.234422 | ref_L2=0.000035 | ref_cos=0.991110 | ref_KL=0.003356
2025-10-01 20:03:42,551 - INFO - Task 2 Iter 430/1200 | lr=0.000358247 | acc=1.0000 | pos_cos=0.285750 | neg_cos=0.232544 | ref_L2=0.000034 | ref_cos=0.991407 | ref_KL=0.011652
2025-10-01 20:03:45,712 - INFO - Task 2 Iter 1170/1200 | lr=9.22707e-07 | acc=1.0000 | pos_cos=0.286699 | neg_cos=0.234640 | ref_L2=0.000036 | ref_cos=0.990887 | ref_KL=0.003566
2025-10-01 20:03:45,877 - INFO - Task 2 Iter 440/1200 | lr=0.000352311 | acc=1.0000 | pos_cos=0.286746 | neg_cos=0.233308 | ref_L2=0.000033 | ref_cos=0.991674 | ref_KL=0.009023
2025-10-01 20:03:48,747 - INFO - Task 2 Iter 1180/1200 | lr=4.7765e-07 | acc=1.0000 | pos_cos=0.285584 | neg_cos=0.233610 | ref_L2=0.000037 | ref_cos=0.990575 | ref_KL=0.003843
2025-10-01 20:03:49,777 - INFO - Task 2 Iter 450/1200 | lr=0.000346306 | acc=1.0000 | pos_cos=0.287179 | neg_cos=0.233848 | ref_L2=0.000032 | ref_cos=0.991706 | ref_KL=0.009121
2025-10-01 20:03:53,124 - INFO - Task 2 Iter 1190/1200 | lr=2.03637e-07 | acc=1.0000 | pos_cos=0.286482 | neg_cos=0.234593 | ref_L2=0.000036 | ref_cos=0.990860 | ref_KL=0.003198
2025-10-01 20:03:53,500 - INFO - Task 2 Iter 460/1200 | lr=0.000340235 | acc=1.0000 | pos_cos=0.287881 | neg_cos=0.234567 | ref_L2=0.000033 | ref_cos=0.991447 | ref_KL=0.008103
2025-10-01 20:03:56,773 - INFO - Task 2 Iter 1200/1200 | lr=1.00857e-07 | acc=1.0000 | pos_cos=0.286056 | neg_cos=0.234099 | ref_L2=0.000035 | ref_cos=0.990930 | ref_KL=0.003354
2025-10-01 20:03:56,899 - INFO - Task 2 finished | total: 390.39 s | train: 390.26 s | drift: 0.00 s
2025-10-01 20:03:56,966 - INFO - Task 2 Iter 470/1200 | lr=0.000334102 | acc=1.0000 | pos_cos=0.287023 | neg_cos=0.233741 | ref_L2=0.000032 | ref_cos=0.991822 | ref_KL=0.007522
2025-10-01 20:04:00,519 - INFO - Task 2 Iter 480/1200 | lr=0.000327911 | acc=1.0000 | pos_cos=0.287150 | neg_cos=0.234055 | ref_L2=0.000032 | ref_cos=0.991721 | ref_KL=0.006498
2025-10-01 20:04:03,604 - INFO - Task 2 Iter 490/1200 | lr=0.000321667 | acc=1.0000 | pos_cos=0.286845 | neg_cos=0.233741 | ref_L2=0.000031 | ref_cos=0.992077 | ref_KL=0.008329
2025-10-01 20:04:06,686 - INFO - Task 2 Iter 500/1200 | lr=0.000315374 | acc=1.0000 | pos_cos=0.287836 | neg_cos=0.234706 | ref_L2=0.000032 | ref_cos=0.991864 | ref_KL=0.007552
2025-10-01 20:04:09,860 - INFO - Task 2 Iter 510/1200 | lr=0.000309036 | acc=1.0000 | pos_cos=0.287073 | neg_cos=0.234032 | ref_L2=0.000033 | ref_cos=0.991429 | ref_KL=0.005521
2025-10-01 20:04:12,203 - INFO - Evaluating zeroshot performance after task 3
2025-10-01 20:04:13,444 - INFO - Task 2 Iter 520/1200 | lr=0.000302657 | acc=1.0000 | pos_cos=0.285576 | neg_cos=0.232579 | ref_L2=0.000031 | ref_cos=0.992026 | ref_KL=0.006497
2025-10-01 20:04:15,789 - INFO - Task 2 Iter 530/1200 | lr=0.000296243 | acc=1.0000 | pos_cos=0.285901 | neg_cos=0.232987 | ref_L2=0.000032 | ref_cos=0.991855 | ref_KL=0.006184
2025-10-01 20:04:19,116 - INFO - Task 2 Iter 540/1200 | lr=0.000289797 | acc=1.0000 | pos_cos=0.286920 | neg_cos=0.234076 | ref_L2=0.000033 | ref_cos=0.991564 | ref_KL=0.006618
2025-10-01 20:04:21,826 - INFO - Task 2 Iter 550/1200 | lr=0.000283324 | acc=1.0000 | pos_cos=0.287493 | neg_cos=0.234625 | ref_L2=0.000032 | ref_cos=0.991692 | ref_KL=0.006852
2025-10-01 20:04:24,762 - INFO - Task 2 Iter 560/1200 | lr=0.000276828 | acc=1.0000 | pos_cos=0.287983 | neg_cos=0.235173 | ref_L2=0.000032 | ref_cos=0.991866 | ref_KL=0.006484
2025-10-01 20:04:27,447 - INFO - Task 2 Iter 570/1200 | lr=0.000270313 | acc=1.0000 | pos_cos=0.286663 | neg_cos=0.233817 | ref_L2=0.000031 | ref_cos=0.991982 | ref_KL=0.006690
2025-10-01 20:04:30,512 - INFO -   fgvc_aircraft: 51.16%
2025-10-01 20:04:30,837 - INFO - Task 2 Iter 580/1200 | lr=0.000263785 | acc=1.0000 | pos_cos=0.285864 | neg_cos=0.233119 | ref_L2=0.000031 | ref_cos=0.992134 | ref_KL=0.005308
2025-10-01 20:04:33,650 - INFO - Task 2 Iter 590/1200 | lr=0.000257247 | acc=1.0000 | pos_cos=0.286997 | neg_cos=0.234213 | ref_L2=0.000032 | ref_cos=0.991899 | ref_KL=0.004514
2025-10-01 20:04:37,762 - INFO - Task 2 Iter 600/1200 | lr=0.000250704 | acc=1.0000 | pos_cos=0.287242 | neg_cos=0.234434 | ref_L2=0.000032 | ref_cos=0.991781 | ref_KL=0.006138
2025-10-01 20:04:41,167 - INFO - Task 2 Iter 610/1200 | lr=0.000244161 | acc=1.0000 | pos_cos=0.285492 | neg_cos=0.232802 | ref_L2=0.000032 | ref_cos=0.991796 | ref_KL=0.006080
2025-10-01 20:04:44,701 - INFO - Task 2 Iter 620/1200 | lr=0.000237622 | acc=1.0000 | pos_cos=0.286004 | neg_cos=0.233368 | ref_L2=0.000032 | ref_cos=0.991909 | ref_KL=0.005497
2025-10-01 20:04:48,158 - INFO - Task 2 Iter 630/1200 | lr=0.000231092 | acc=1.0000 | pos_cos=0.287289 | neg_cos=0.234626 | ref_L2=0.000031 | ref_cos=0.992163 | ref_KL=0.004943
2025-10-01 20:04:51,689 - INFO - Task 2 Iter 640/1200 | lr=0.000224574 | acc=1.0000 | pos_cos=0.288711 | neg_cos=0.236237 | ref_L2=0.000030 | ref_cos=0.992296 | ref_KL=0.005693
2025-10-01 20:04:53,542 - INFO -   caltech-101: 93.66%
2025-10-01 20:04:55,677 - INFO - Task 2 Iter 650/1200 | lr=0.000218074 | acc=1.0000 | pos_cos=0.289696 | neg_cos=0.236824 | ref_L2=0.000031 | ref_cos=0.992180 | ref_KL=0.005463
2025-10-01 20:04:58,920 - INFO - Task 2 Iter 660/1200 | lr=0.000211596 | acc=1.0000 | pos_cos=0.287541 | neg_cos=0.235103 | ref_L2=0.000030 | ref_cos=0.992300 | ref_KL=0.004437
2025-10-01 20:05:01,048 - INFO -   dtd: 75.74%
2025-10-01 20:05:01,640 - INFO - Task 2 Iter 670/1200 | lr=0.000205144 | acc=1.0000 | pos_cos=0.288196 | neg_cos=0.235605 | ref_L2=0.000030 | ref_cos=0.992306 | ref_KL=0.005068
2025-10-01 20:05:05,041 - INFO - Task 2 Iter 680/1200 | lr=0.000198723 | acc=1.0000 | pos_cos=0.288196 | neg_cos=0.235678 | ref_L2=0.000030 | ref_cos=0.992374 | ref_KL=0.005131
2025-10-01 20:05:08,362 - INFO - Task 2 Iter 690/1200 | lr=0.000192337 | acc=1.0000 | pos_cos=0.287329 | neg_cos=0.234727 | ref_L2=0.000031 | ref_cos=0.992042 | ref_KL=0.004466
2025-10-01 20:05:11,706 - INFO - Task 2 Iter 700/1200 | lr=0.00018599 | acc=1.0000 | pos_cos=0.288101 | neg_cos=0.235667 | ref_L2=0.000031 | ref_cos=0.992061 | ref_KL=0.004597
2025-10-01 20:05:16,504 - INFO - Task 2 Iter 710/1200 | lr=0.000179688 | acc=1.0000 | pos_cos=0.288295 | neg_cos=0.235658 | ref_L2=0.000030 | ref_cos=0.992300 | ref_KL=0.004327
2025-10-01 20:05:19,447 - INFO -   eurosat: 32.38%
2025-10-01 20:05:19,675 - INFO - Task 2 Iter 720/1200 | lr=0.000173434 | acc=1.0000 | pos_cos=0.287649 | neg_cos=0.235197 | ref_L2=0.000029 | ref_cos=0.992507 | ref_KL=0.004091
2025-10-01 20:05:22,312 - INFO - Task 2 Iter 730/1200 | lr=0.000167232 | acc=1.0000 | pos_cos=0.286389 | neg_cos=0.233962 | ref_L2=0.000029 | ref_cos=0.992475 | ref_KL=0.004049
2025-10-01 20:05:25,738 - INFO - Task 2 Iter 740/1200 | lr=0.000161087 | acc=1.0000 | pos_cos=0.288135 | neg_cos=0.235657 | ref_L2=0.000029 | ref_cos=0.992561 | ref_KL=0.003343
2025-10-01 20:05:29,106 - INFO - Task 2 Iter 750/1200 | lr=0.000155003 | acc=1.0000 | pos_cos=0.288113 | neg_cos=0.235772 | ref_L2=0.000030 | ref_cos=0.992411 | ref_KL=0.003826
2025-10-01 20:05:32,442 - INFO - Task 2 Iter 760/1200 | lr=0.000148984 | acc=1.0000 | pos_cos=0.288705 | neg_cos=0.236157 | ref_L2=0.000032 | ref_cos=0.991798 | ref_KL=0.004364
2025-10-01 20:05:37,047 - INFO - Task 2 Iter 770/1200 | lr=0.000143035 | acc=1.0000 | pos_cos=0.288340 | neg_cos=0.235925 | ref_L2=0.000031 | ref_cos=0.991936 | ref_KL=0.004937
2025-10-01 20:05:40,399 - INFO - Task 2 Iter 780/1200 | lr=0.000137159 | acc=1.0000 | pos_cos=0.286297 | neg_cos=0.233960 | ref_L2=0.000030 | ref_cos=0.992406 | ref_KL=0.003988
2025-10-01 20:05:42,912 - INFO -   oxford_flower102: 56.55%
2025-10-01 20:05:43,347 - INFO - Task 2 Iter 790/1200 | lr=0.00013136 | acc=1.0000 | pos_cos=0.287043 | neg_cos=0.234750 | ref_L2=0.000030 | ref_cos=0.992196 | ref_KL=0.003395
2025-10-01 20:05:46,041 - INFO - Task 2 Iter 800/1200 | lr=0.000125642 | acc=1.0000 | pos_cos=0.287930 | neg_cos=0.235520 | ref_L2=0.000030 | ref_cos=0.992285 | ref_KL=0.004742
2025-10-01 20:05:49,357 - INFO - Task 2 Iter 810/1200 | lr=0.00012001 | acc=1.0000 | pos_cos=0.288369 | neg_cos=0.236062 | ref_L2=0.000029 | ref_cos=0.992500 | ref_KL=0.003527
2025-10-01 20:05:52,654 - INFO - Task 2 Iter 820/1200 | lr=0.000114467 | acc=1.0000 | pos_cos=0.288734 | neg_cos=0.236277 | ref_L2=0.000030 | ref_cos=0.992385 | ref_KL=0.003821
2025-10-01 20:05:56,677 - INFO - Task 2 Iter 830/1200 | lr=0.000109017 | acc=1.0000 | pos_cos=0.288661 | neg_cos=0.236400 | ref_L2=0.000030 | ref_cos=0.992387 | ref_KL=0.003728
2025-10-01 20:06:00,607 - INFO - Task 2 Iter 840/1200 | lr=0.000103663 | acc=1.0000 | pos_cos=0.288719 | neg_cos=0.236408 | ref_L2=0.000028 | ref_cos=0.992737 | ref_KL=0.002948
2025-10-01 20:06:03,961 - INFO - Task 2 Iter 850/1200 | lr=9.84097e-05 | acc=1.0000 | pos_cos=0.287983 | neg_cos=0.235630 | ref_L2=0.000029 | ref_cos=0.992566 | ref_KL=0.003163
2025-10-01 20:06:07,246 - INFO - Task 2 Iter 860/1200 | lr=9.32604e-05 | acc=1.0000 | pos_cos=0.288370 | neg_cos=0.236044 | ref_L2=0.000030 | ref_cos=0.992249 | ref_KL=0.003533
2025-10-01 20:06:10,559 - INFO - Task 2 Iter 870/1200 | lr=8.82186e-05 | acc=1.0000 | pos_cos=0.287425 | neg_cos=0.235101 | ref_L2=0.000030 | ref_cos=0.992415 | ref_KL=0.003436
2025-10-01 20:06:13,853 - INFO - Task 2 Iter 880/1200 | lr=8.32877e-05 | acc=1.0000 | pos_cos=0.287462 | neg_cos=0.235024 | ref_L2=0.000030 | ref_cos=0.992321 | ref_KL=0.003860
2025-10-01 20:06:17,862 - INFO - Task 2 Iter 890/1200 | lr=7.8471e-05 | acc=1.0000 | pos_cos=0.288695 | neg_cos=0.236272 | ref_L2=0.000030 | ref_cos=0.992431 | ref_KL=0.003712
2025-10-01 20:06:21,785 - INFO - Task 2 Iter 900/1200 | lr=7.3772e-05 | acc=1.0000 | pos_cos=0.288903 | neg_cos=0.236608 | ref_L2=0.000029 | ref_cos=0.992465 | ref_KL=0.003660
2025-10-01 20:06:25,092 - INFO - Task 2 Iter 910/1200 | lr=6.91937e-05 | acc=1.0000 | pos_cos=0.288769 | neg_cos=0.236532 | ref_L2=0.000031 | ref_cos=0.992132 | ref_KL=0.003539
2025-10-01 20:06:28,435 - INFO - Task 2 Iter 920/1200 | lr=6.47394e-05 | acc=1.0000 | pos_cos=0.288194 | neg_cos=0.235920 | ref_L2=0.000030 | ref_cos=0.992391 | ref_KL=0.004060
2025-10-01 20:06:31,855 - INFO - Task 2 Iter 930/1200 | lr=6.04122e-05 | acc=1.0000 | pos_cos=0.287586 | neg_cos=0.235266 | ref_L2=0.000030 | ref_cos=0.992346 | ref_KL=0.003793
2025-10-01 20:06:35,302 - INFO - Task 2 Iter 940/1200 | lr=5.62148e-05 | acc=1.0000 | pos_cos=0.288580 | neg_cos=0.236408 | ref_L2=0.000029 | ref_cos=0.992496 | ref_KL=0.003350
2025-10-01 20:06:39,386 - INFO - Task 2 Iter 950/1200 | lr=5.21504e-05 | acc=1.0000 | pos_cos=0.288105 | neg_cos=0.235846 | ref_L2=0.000029 | ref_cos=0.992608 | ref_KL=0.002749
2025-10-01 20:06:42,853 - INFO - Task 2 Iter 960/1200 | lr=4.82215e-05 | acc=1.0000 | pos_cos=0.287896 | neg_cos=0.235673 | ref_L2=0.000029 | ref_cos=0.992659 | ref_KL=0.002908
2025-10-01 20:06:46,946 - INFO - Task 2 Iter 970/1200 | lr=4.4431e-05 | acc=1.0000 | pos_cos=0.287970 | neg_cos=0.235733 | ref_L2=0.000028 | ref_cos=0.992834 | ref_KL=0.002848
2025-10-01 20:06:50,415 - INFO - Task 2 Iter 980/1200 | lr=4.07814e-05 | acc=1.0000 | pos_cos=0.288042 | neg_cos=0.235778 | ref_L2=0.000029 | ref_cos=0.992635 | ref_KL=0.002609
2025-10-01 20:06:53,874 - INFO - Task 2 Iter 990/1200 | lr=3.72752e-05 | acc=1.0000 | pos_cos=0.287593 | neg_cos=0.235307 | ref_L2=0.000029 | ref_cos=0.992644 | ref_KL=0.002824
2025-10-01 20:06:57,313 - INFO - Task 2 Iter 1000/1200 | lr=3.39149e-05 | acc=1.0000 | pos_cos=0.287800 | neg_cos=0.235521 | ref_L2=0.000029 | ref_cos=0.992616 | ref_KL=0.003059
2025-10-01 20:07:01,325 - INFO - Task 2 Iter 1010/1200 | lr=3.07027e-05 | acc=1.0000 | pos_cos=0.287281 | neg_cos=0.235102 | ref_L2=0.000030 | ref_cos=0.992224 | ref_KL=0.003161
2025-10-01 20:07:04,802 - INFO - Task 2 Iter 1020/1200 | lr=2.76408e-05 | acc=1.0000 | pos_cos=0.288299 | neg_cos=0.236079 | ref_L2=0.000030 | ref_cos=0.992324 | ref_KL=0.002696
2025-10-01 20:07:08,890 - INFO - Task 2 Iter 1030/1200 | lr=2.47313e-05 | acc=1.0000 | pos_cos=0.288866 | neg_cos=0.236685 | ref_L2=0.000029 | ref_cos=0.992677 | ref_KL=0.002498
2025-10-01 20:07:12,353 - INFO - Task 2 Iter 1040/1200 | lr=2.19763e-05 | acc=1.0000 | pos_cos=0.288472 | neg_cos=0.236336 | ref_L2=0.000029 | ref_cos=0.992627 | ref_KL=0.003168
2025-10-01 20:07:14,580 - INFO -   food101: 84.11%
2025-10-01 20:07:15,209 - INFO - Task 2 Iter 1050/1200 | lr=1.93775e-05 | acc=1.0000 | pos_cos=0.287873 | neg_cos=0.235632 | ref_L2=0.000030 | ref_cos=0.992393 | ref_KL=0.003741
2025-10-01 20:07:18,336 - INFO - Task 2 Iter 1060/1200 | lr=1.69369e-05 | acc=1.0000 | pos_cos=0.287938 | neg_cos=0.235675 | ref_L2=0.000029 | ref_cos=0.992587 | ref_KL=0.002929
2025-10-01 20:07:22,296 - INFO - Task 2 Iter 1070/1200 | lr=1.4656e-05 | acc=1.0000 | pos_cos=0.288043 | neg_cos=0.235797 | ref_L2=0.000031 | ref_cos=0.992189 | ref_KL=0.003006
2025-10-01 20:07:25,629 - INFO - Task 2 Iter 1080/1200 | lr=1.25364e-05 | acc=1.0000 | pos_cos=0.287880 | neg_cos=0.235616 | ref_L2=0.000029 | ref_cos=0.992620 | ref_KL=0.002797
2025-10-01 20:07:28,702 - INFO -   oxford_pets: 87.16%
2025-10-01 20:07:29,569 - INFO - Task 2 Iter 1090/1200 | lr=1.05797e-05 | acc=1.0000 | pos_cos=0.287923 | neg_cos=0.235774 | ref_L2=0.000029 | ref_cos=0.992652 | ref_KL=0.002715
2025-10-01 20:07:31,949 - INFO - Task 2 Iter 1100/1200 | lr=8.78703e-06 | acc=1.0000 | pos_cos=0.287713 | neg_cos=0.235436 | ref_L2=0.000029 | ref_cos=0.992481 | ref_KL=0.002642
2025-10-01 20:07:35,294 - INFO - Task 2 Iter 1110/1200 | lr=7.15973e-06 | acc=1.0000 | pos_cos=0.288109 | neg_cos=0.235948 | ref_L2=0.000030 | ref_cos=0.992436 | ref_KL=0.002731
2025-10-01 20:07:38,690 - INFO - Task 2 Iter 1120/1200 | lr=5.6989e-06 | acc=1.0000 | pos_cos=0.287716 | neg_cos=0.235632 | ref_L2=0.000030 | ref_cos=0.992344 | ref_KL=0.002720
2025-10-01 20:07:42,593 - INFO - Task 2 Iter 1130/1200 | lr=4.40553e-06 | acc=1.0000 | pos_cos=0.288151 | neg_cos=0.236066 | ref_L2=0.000029 | ref_cos=0.992657 | ref_KL=0.002710
2025-10-01 20:07:46,001 - INFO - Task 2 Iter 1140/1200 | lr=3.28051e-06 | acc=1.0000 | pos_cos=0.288390 | neg_cos=0.236309 | ref_L2=0.000029 | ref_cos=0.992681 | ref_KL=0.002748
2025-10-01 20:07:49,375 - INFO - Task 2 Iter 1150/1200 | lr=2.32462e-06 | acc=1.0000 | pos_cos=0.287849 | neg_cos=0.235704 | ref_L2=0.000029 | ref_cos=0.992663 | ref_KL=0.002918
2025-10-01 20:07:53,264 - INFO - Task 2 Iter 1160/1200 | lr=1.5385e-06 | acc=1.0000 | pos_cos=0.287742 | neg_cos=0.235558 | ref_L2=0.000028 | ref_cos=0.992708 | ref_KL=0.002858
2025-10-01 20:07:55,997 - INFO - Task 2 Iter 1170/1200 | lr=9.22707e-07 | acc=1.0000 | pos_cos=0.288254 | neg_cos=0.235918 | ref_L2=0.000029 | ref_cos=0.992652 | ref_KL=0.002937
2025-10-01 20:07:59,027 - INFO - Task 2 Iter 1180/1200 | lr=4.7765e-07 | acc=1.0000 | pos_cos=0.287184 | neg_cos=0.234921 | ref_L2=0.000030 | ref_cos=0.992318 | ref_KL=0.003138
2025-10-01 20:08:01,638 - INFO -   stanford_cars: 57.70%
2025-10-01 20:08:01,639 - INFO - Average zeroshot accuracy after task 3: 67.31%
2025-10-01 20:08:01,639 - INFO - Starting task 4/8: eurosat (train=5000, test=5000, classes=10)
2025-10-01 20:08:02,257 - INFO - Task 2 Iter 1190/1200 | lr=2.03637e-07 | acc=1.0000 | pos_cos=0.288094 | neg_cos=0.235916 | ref_L2=0.000030 | ref_cos=0.992415 | ref_KL=0.002465
2025-10-01 20:08:05,775 - INFO - Task 2 Iter 1200/1200 | lr=1.00857e-07 | acc=1.0000 | pos_cos=0.287290 | neg_cos=0.235103 | ref_L2=0.000029 | ref_cos=0.992641 | ref_KL=0.002680
2025-10-01 20:08:05,876 - INFO - Task 2 finished | total: 414.66 s | train: 414.56 s | drift: 0.00 s
2025-10-01 20:08:05,925 - INFO - Task 3 Iter 10/1200 | lr=0.000499931 | acc=0.8048 | pos_cos=0.280074 | neg_cos=0.243067 | ref_L2=0.000037 | ref_cos=0.990491 | ref_KL=0.003567
2025-10-01 20:08:08,275 - INFO - Task 3 Iter 20/1200 | lr=0.000499691 | acc=0.8530 | pos_cos=0.279726 | neg_cos=0.245316 | ref_L2=0.000038 | ref_cos=0.990384 | ref_KL=0.004425
2025-10-01 20:08:10,965 - INFO - Task 3 Iter 30/1200 | lr=0.00049928 | acc=0.8955 | pos_cos=0.275309 | neg_cos=0.241019 | ref_L2=0.000039 | ref_cos=0.989924 | ref_KL=0.005123
2025-10-01 20:08:13,618 - INFO - Task 3 Iter 40/1200 | lr=0.000498698 | acc=0.9240 | pos_cos=0.277115 | neg_cos=0.241738 | ref_L2=0.000042 | ref_cos=0.989300 | ref_KL=0.006293
2025-10-01 20:08:16,268 - INFO - Task 3 Iter 50/1200 | lr=0.000497946 | acc=0.9421 | pos_cos=0.277186 | neg_cos=0.241710 | ref_L2=0.000040 | ref_cos=0.989801 | ref_KL=0.005968
2025-10-01 20:08:18,895 - INFO - Task 3 Iter 60/1200 | lr=0.000497024 | acc=0.9537 | pos_cos=0.279361 | neg_cos=0.244418 | ref_L2=0.000039 | ref_cos=0.990029 | ref_KL=0.005706
2025-10-01 20:08:20,593 - INFO - Evaluating zeroshot performance after task 3
2025-10-01 20:08:21,759 - INFO - Task 3 Iter 70/1200 | lr=0.000495933 | acc=0.9551 | pos_cos=0.280992 | neg_cos=0.245884 | ref_L2=0.000039 | ref_cos=0.990025 | ref_KL=0.006122
2025-10-01 20:08:24,109 - INFO - Task 3 Iter 80/1200 | lr=0.000494673 | acc=0.9364 | pos_cos=0.276367 | neg_cos=0.241726 | ref_L2=0.000039 | ref_cos=0.989925 | ref_KL=0.005971
2025-10-01 20:08:26,560 - INFO - Task 3 Iter 90/1200 | lr=0.000493246 | acc=0.9510 | pos_cos=0.275957 | neg_cos=0.240119 | ref_L2=0.000040 | ref_cos=0.989774 | ref_KL=0.005691
2025-10-01 20:08:29,059 - INFO - Task 3 Iter 100/1200 | lr=0.000491652 | acc=0.9582 | pos_cos=0.279445 | neg_cos=0.243581 | ref_L2=0.000042 | ref_cos=0.989173 | ref_KL=0.005223
2025-10-01 20:08:31,423 - INFO - Task 3 Iter 110/1200 | lr=0.000489892 | acc=0.9637 | pos_cos=0.274724 | neg_cos=0.239526 | ref_L2=0.000040 | ref_cos=0.989726 | ref_KL=0.006439
2025-10-01 20:08:34,051 - INFO - Task 3 Iter 120/1200 | lr=0.000487968 | acc=0.9502 | pos_cos=0.278694 | neg_cos=0.243216 | ref_L2=0.000038 | ref_cos=0.990228 | ref_KL=0.006164
2025-10-01 20:08:37,087 - INFO - Task 3 Iter 130/1200 | lr=0.000485881 | acc=0.9543 | pos_cos=0.275084 | neg_cos=0.240643 | ref_L2=0.000039 | ref_cos=0.990122 | ref_KL=0.006057
2025-10-01 20:08:39,776 - INFO - Task 3 Iter 140/1200 | lr=0.000483632 | acc=0.9668 | pos_cos=0.273005 | neg_cos=0.237809 | ref_L2=0.000039 | ref_cos=0.990038 | ref_KL=0.005210
2025-10-01 20:08:40,248 - INFO -   fgvc_aircraft: 52.36%
2025-10-01 20:08:41,849 - INFO - Task 3 Iter 150/1200 | lr=0.000481223 | acc=0.9543 | pos_cos=0.268234 | neg_cos=0.233518 | ref_L2=0.000039 | ref_cos=0.990014 | ref_KL=0.005071
2025-10-01 20:08:45,256 - INFO - Task 3 Iter 160/1200 | lr=0.000478656 | acc=0.9636 | pos_cos=0.268859 | neg_cos=0.233410 | ref_L2=0.000041 | ref_cos=0.989475 | ref_KL=0.005696
2025-10-01 20:08:48,315 - INFO - Task 3 Iter 170/1200 | lr=0.000475932 | acc=0.9661 | pos_cos=0.268423 | neg_cos=0.233466 | ref_L2=0.000039 | ref_cos=0.989899 | ref_KL=0.006357
2025-10-01 20:08:51,363 - INFO - Task 3 Iter 180/1200 | lr=0.000473053 | acc=0.9751 | pos_cos=0.271759 | neg_cos=0.236032 | ref_L2=0.000042 | ref_cos=0.989262 | ref_KL=0.006991
2025-10-01 20:08:54,441 - INFO - Task 3 Iter 190/1200 | lr=0.000470022 | acc=0.9821 | pos_cos=0.272599 | neg_cos=0.237473 | ref_L2=0.000041 | ref_cos=0.989618 | ref_KL=0.006111
2025-10-01 20:08:58,025 - INFO - Task 3 Iter 200/1200 | lr=0.000466839 | acc=0.9866 | pos_cos=0.269922 | neg_cos=0.234066 | ref_L2=0.000040 | ref_cos=0.989662 | ref_KL=0.006914
2025-10-01 20:09:01,059 - INFO - Task 3 Iter 210/1200 | lr=0.000463509 | acc=0.9826 | pos_cos=0.269821 | neg_cos=0.234395 | ref_L2=0.000040 | ref_cos=0.989881 | ref_KL=0.007427
2025-10-01 20:09:04,091 - INFO - Task 3 Iter 220/1200 | lr=0.000460031 | acc=0.9855 | pos_cos=0.267235 | neg_cos=0.231786 | ref_L2=0.000040 | ref_cos=0.989823 | ref_KL=0.007782
2025-10-01 20:09:04,342 - INFO -   caltech-101: 93.62%
2025-10-01 20:09:06,400 - INFO - Task 3 Iter 230/1200 | lr=0.00045641 | acc=0.9875 | pos_cos=0.265425 | neg_cos=0.230313 | ref_L2=0.000040 | ref_cos=0.989809 | ref_KL=0.006476
2025-10-01 20:09:09,478 - INFO - Task 3 Iter 240/1200 | lr=0.000452648 | acc=0.9850 | pos_cos=0.265002 | neg_cos=0.229951 | ref_L2=0.000040 | ref_cos=0.989850 | ref_KL=0.005742
2025-10-01 20:09:12,554 - INFO - Task 3 Iter 250/1200 | lr=0.000448746 | acc=0.9835 | pos_cos=0.264930 | neg_cos=0.229874 | ref_L2=0.000040 | ref_cos=0.989748 | ref_KL=0.006291
2025-10-01 20:09:12,782 - INFO -   dtd: 75.59%
2025-10-01 20:09:15,704 - INFO - Task 3 Iter 260/1200 | lr=0.000444709 | acc=0.9799 | pos_cos=0.266879 | neg_cos=0.231448 | ref_L2=0.000039 | ref_cos=0.989935 | ref_KL=0.007963
2025-10-01 20:09:18,813 - INFO - Task 3 Iter 270/1200 | lr=0.000440538 | acc=0.9711 | pos_cos=0.266678 | neg_cos=0.231717 | ref_L2=0.000038 | ref_cos=0.990286 | ref_KL=0.007608
2025-10-01 20:09:21,885 - INFO - Task 3 Iter 280/1200 | lr=0.000436236 | acc=0.9758 | pos_cos=0.267945 | neg_cos=0.232412 | ref_L2=0.000039 | ref_cos=0.990029 | ref_KL=0.006346
2025-10-01 20:09:24,955 - INFO - Task 3 Iter 290/1200 | lr=0.000431807 | acc=0.9816 | pos_cos=0.266584 | neg_cos=0.231599 | ref_L2=0.000041 | ref_cos=0.989603 | ref_KL=0.009009
2025-10-01 20:09:28,034 - INFO - Task 3 Iter 300/1200 | lr=0.000427253 | acc=0.9857 | pos_cos=0.266836 | neg_cos=0.231687 | ref_L2=0.000040 | ref_cos=0.989829 | ref_KL=0.009771
2025-10-01 20:09:31,099 - INFO - Task 3 Iter 310/1200 | lr=0.000422578 | acc=0.9849 | pos_cos=0.265379 | neg_cos=0.230320 | ref_L2=0.000041 | ref_cos=0.989580 | ref_KL=0.007210
2025-10-01 20:09:32,045 - INFO -   eurosat: 41.56%
2025-10-01 20:09:34,044 - INFO - Task 3 Iter 320/1200 | lr=0.000417785 | acc=0.9810 | pos_cos=0.264324 | neg_cos=0.229170 | ref_L2=0.000041 | ref_cos=0.989584 | ref_KL=0.006649
2025-10-01 20:09:37,696 - INFO - Task 3 Iter 330/1200 | lr=0.000412877 | acc=0.9873 | pos_cos=0.263426 | neg_cos=0.228145 | ref_L2=0.000042 | ref_cos=0.989353 | ref_KL=0.007080
2025-10-01 20:09:40,745 - INFO - Task 3 Iter 340/1200 | lr=0.000407857 | acc=0.9925 | pos_cos=0.264317 | neg_cos=0.229067 | ref_L2=0.000041 | ref_cos=0.989618 | ref_KL=0.006786
2025-10-01 20:09:43,810 - INFO - Task 3 Iter 350/1200 | lr=0.000402729 | acc=0.9928 | pos_cos=0.264724 | neg_cos=0.229224 | ref_L2=0.000041 | ref_cos=0.989606 | ref_KL=0.006271
2025-10-01 20:09:46,863 - INFO - Task 3 Iter 360/1200 | lr=0.000397496 | acc=0.9932 | pos_cos=0.263886 | neg_cos=0.228292 | ref_L2=0.000039 | ref_cos=0.989938 | ref_KL=0.007547
2025-10-01 20:09:49,946 - INFO - Task 3 Iter 370/1200 | lr=0.000392162 | acc=0.9939 | pos_cos=0.263458 | neg_cos=0.228203 | ref_L2=0.000040 | ref_cos=0.989714 | ref_KL=0.006640
2025-10-01 20:09:52,956 - INFO - Task 3 Iter 380/1200 | lr=0.000386731 | acc=0.9956 | pos_cos=0.262306 | neg_cos=0.226958 | ref_L2=0.000039 | ref_cos=0.989956 | ref_KL=0.008477
2025-10-01 20:09:55,752 - INFO -   oxford_flower102: 59.03%
2025-10-01 20:09:56,212 - INFO - Task 3 Iter 390/1200 | lr=0.000381206 | acc=0.9881 | pos_cos=0.262596 | neg_cos=0.227566 | ref_L2=0.000041 | ref_cos=0.989625 | ref_KL=0.007138
2025-10-01 20:09:58,457 - INFO - Task 3 Iter 400/1200 | lr=0.000375591 | acc=0.9930 | pos_cos=0.263122 | neg_cos=0.227651 | ref_L2=0.000040 | ref_cos=0.989739 | ref_KL=0.007446
2025-10-01 20:10:01,519 - INFO - Task 3 Iter 410/1200 | lr=0.00036989 | acc=0.9961 | pos_cos=0.263626 | neg_cos=0.228527 | ref_L2=0.000038 | ref_cos=0.990182 | ref_KL=0.006785
2025-10-01 20:10:04,582 - INFO - Task 3 Iter 420/1200 | lr=0.000364108 | acc=0.9943 | pos_cos=0.263494 | neg_cos=0.228195 | ref_L2=0.000038 | ref_cos=0.990204 | ref_KL=0.005810
2025-10-01 20:10:07,611 - INFO - Task 3 Iter 430/1200 | lr=0.000358247 | acc=0.9924 | pos_cos=0.263251 | neg_cos=0.227841 | ref_L2=0.000038 | ref_cos=0.990149 | ref_KL=0.006946
2025-10-01 20:10:10,687 - INFO - Task 3 Iter 440/1200 | lr=0.000352311 | acc=0.9914 | pos_cos=0.264373 | neg_cos=0.229095 | ref_L2=0.000038 | ref_cos=0.990247 | ref_KL=0.006432
2025-10-01 20:10:14,312 - INFO - Task 3 Iter 450/1200 | lr=0.000346306 | acc=0.9911 | pos_cos=0.264473 | neg_cos=0.229070 | ref_L2=0.000041 | ref_cos=0.989607 | ref_KL=0.005483
2025-10-01 20:10:17,380 - INFO - Task 3 Iter 460/1200 | lr=0.000340235 | acc=0.9856 | pos_cos=0.263978 | neg_cos=0.228420 | ref_L2=0.000040 | ref_cos=0.989807 | ref_KL=0.005196
2025-10-01 20:10:20,446 - INFO - Task 3 Iter 470/1200 | lr=0.000334102 | acc=0.9864 | pos_cos=0.261446 | neg_cos=0.226551 | ref_L2=0.000039 | ref_cos=0.990115 | ref_KL=0.005628
2025-10-01 20:10:23,999 - INFO - Task 3 Iter 480/1200 | lr=0.000327911 | acc=0.9908 | pos_cos=0.262108 | neg_cos=0.226700 | ref_L2=0.000039 | ref_cos=0.989915 | ref_KL=0.010697
2025-10-01 20:10:27,071 - INFO - Task 3 Iter 490/1200 | lr=0.000321667 | acc=0.9919 | pos_cos=0.262708 | neg_cos=0.227732 | ref_L2=0.000038 | ref_cos=0.990210 | ref_KL=0.006591
2025-10-01 20:10:30,120 - INFO - Task 3 Iter 500/1200 | lr=0.000315374 | acc=0.9929 | pos_cos=0.261665 | neg_cos=0.226176 | ref_L2=0.000039 | ref_cos=0.990138 | ref_KL=0.006290
2025-10-01 20:10:33,178 - INFO - Task 3 Iter 510/1200 | lr=0.000309036 | acc=0.9975 | pos_cos=0.261532 | neg_cos=0.225953 | ref_L2=0.000038 | ref_cos=0.990314 | ref_KL=0.006180
2025-10-01 20:10:36,877 - INFO - Task 3 Iter 520/1200 | lr=0.000302657 | acc=0.9991 | pos_cos=0.260343 | neg_cos=0.225032 | ref_L2=0.000037 | ref_cos=0.990624 | ref_KL=0.005529
2025-10-01 20:10:39,943 - INFO - Task 3 Iter 530/1200 | lr=0.000296243 | acc=0.9980 | pos_cos=0.260556 | neg_cos=0.225326 | ref_L2=0.000037 | ref_cos=0.990480 | ref_KL=0.004508
2025-10-01 20:10:43,080 - INFO - Task 3 Iter 540/1200 | lr=0.000289797 | acc=0.9950 | pos_cos=0.259775 | neg_cos=0.224507 | ref_L2=0.000038 | ref_cos=0.990354 | ref_KL=0.005185
2025-10-01 20:10:46,160 - INFO - Task 3 Iter 550/1200 | lr=0.000283324 | acc=0.9915 | pos_cos=0.258432 | neg_cos=0.223262 | ref_L2=0.000038 | ref_cos=0.990250 | ref_KL=0.006170
2025-10-01 20:10:49,191 - INFO - Task 3 Iter 560/1200 | lr=0.000276828 | acc=0.9970 | pos_cos=0.259649 | neg_cos=0.224238 | ref_L2=0.000039 | ref_cos=0.990035 | ref_KL=0.005230
2025-10-01 20:10:52,249 - INFO - Task 3 Iter 570/1200 | lr=0.000270313 | acc=0.9950 | pos_cos=0.259403 | neg_cos=0.224307 | ref_L2=0.000039 | ref_cos=0.990074 | ref_KL=0.005370
2025-10-01 20:10:55,979 - INFO - Task 3 Iter 580/1200 | lr=0.000263785 | acc=0.9968 | pos_cos=0.259454 | neg_cos=0.223961 | ref_L2=0.000039 | ref_cos=0.990061 | ref_KL=0.004313
2025-10-01 20:10:59,047 - INFO - Task 3 Iter 590/1200 | lr=0.000257247 | acc=0.9957 | pos_cos=0.259128 | neg_cos=0.224089 | ref_L2=0.000037 | ref_cos=0.990450 | ref_KL=0.004784
2025-10-01 20:11:02,100 - INFO - Task 3 Iter 600/1200 | lr=0.000250704 | acc=0.9969 | pos_cos=0.258073 | neg_cos=0.222937 | ref_L2=0.000037 | ref_cos=0.990425 | ref_KL=0.004477
2025-10-01 20:11:05,156 - INFO - Task 3 Iter 610/1200 | lr=0.000244161 | acc=0.9954 | pos_cos=0.258841 | neg_cos=0.223391 | ref_L2=0.000037 | ref_cos=0.990418 | ref_KL=0.005677
2025-10-01 20:11:08,194 - INFO - Task 3 Iter 620/1200 | lr=0.000237622 | acc=0.9943 | pos_cos=0.259611 | neg_cos=0.224381 | ref_L2=0.000038 | ref_cos=0.990255 | ref_KL=0.005117
2025-10-01 20:11:11,678 - INFO - Task 3 Iter 630/1200 | lr=0.000231092 | acc=0.9928 | pos_cos=0.259850 | neg_cos=0.224424 | ref_L2=0.000038 | ref_cos=0.990284 | ref_KL=0.005547
2025-10-01 20:11:14,733 - INFO - Task 3 Iter 640/1200 | lr=0.000224574 | acc=0.9960 | pos_cos=0.257483 | neg_cos=0.222331 | ref_L2=0.000038 | ref_cos=0.990234 | ref_KL=0.004923
2025-10-01 20:11:18,282 - INFO - Task 3 Iter 650/1200 | lr=0.000218074 | acc=0.9986 | pos_cos=0.258434 | neg_cos=0.223208 | ref_L2=0.000037 | ref_cos=0.990406 | ref_KL=0.004163
2025-10-01 20:11:21,325 - INFO - Task 3 Iter 660/1200 | lr=0.000211596 | acc=0.9968 | pos_cos=0.258040 | neg_cos=0.222669 | ref_L2=0.000036 | ref_cos=0.990701 | ref_KL=0.004560
2025-10-01 20:11:24,384 - INFO - Task 3 Iter 670/1200 | lr=0.000205144 | acc=0.9989 | pos_cos=0.258625 | neg_cos=0.223348 | ref_L2=0.000038 | ref_cos=0.990393 | ref_KL=0.003980
2025-10-01 20:11:27,439 - INFO - Task 3 Iter 680/1200 | lr=0.000198723 | acc=0.9996 | pos_cos=0.259477 | neg_cos=0.224193 | ref_L2=0.000037 | ref_cos=0.990579 | ref_KL=0.004303
2025-10-01 20:11:30,510 - INFO - Task 3 Iter 690/1200 | lr=0.000192337 | acc=0.9999 | pos_cos=0.259198 | neg_cos=0.223868 | ref_L2=0.000036 | ref_cos=0.990737 | ref_KL=0.004172
2025-10-01 20:11:30,924 - INFO -   food101: 84.68%
2025-10-01 20:11:32,823 - INFO - Task 3 Iter 700/1200 | lr=0.00018599 | acc=1.0000 | pos_cos=0.259026 | neg_cos=0.223697 | ref_L2=0.000036 | ref_cos=0.990680 | ref_KL=0.004804
2025-10-01 20:11:36,500 - INFO - Task 3 Iter 710/1200 | lr=0.000179688 | acc=1.0000 | pos_cos=0.258078 | neg_cos=0.222806 | ref_L2=0.000036 | ref_cos=0.990686 | ref_KL=0.003932
2025-10-01 20:11:39,637 - INFO - Task 3 Iter 720/1200 | lr=0.000173434 | acc=0.9983 | pos_cos=0.257929 | neg_cos=0.222505 | ref_L2=0.000036 | ref_cos=0.990889 | ref_KL=0.003817
2025-10-01 20:11:42,766 - INFO - Task 3 Iter 730/1200 | lr=0.000167232 | acc=0.9994 | pos_cos=0.259058 | neg_cos=0.223773 | ref_L2=0.000036 | ref_cos=0.990659 | ref_KL=0.003692
2025-10-01 20:11:45,377 - INFO -   oxford_pets: 87.93%
2025-10-01 20:11:45,626 - INFO - Task 3 Iter 740/1200 | lr=0.000161087 | acc=0.9998 | pos_cos=0.258692 | neg_cos=0.223322 | ref_L2=0.000036 | ref_cos=0.990734 | ref_KL=0.003583
2025-10-01 20:11:47,699 - INFO - Task 3 Iter 750/1200 | lr=0.000155003 | acc=0.9983 | pos_cos=0.258123 | neg_cos=0.222998 | ref_L2=0.000036 | ref_cos=0.990863 | ref_KL=0.003590
2025-10-01 20:11:50,395 - INFO - Task 3 Iter 760/1200 | lr=0.000148984 | acc=0.9982 | pos_cos=0.257354 | neg_cos=0.222109 | ref_L2=0.000036 | ref_cos=0.990680 | ref_KL=0.003671
2025-10-01 20:11:54,001 - INFO - Task 3 Iter 770/1200 | lr=0.000143035 | acc=0.9968 | pos_cos=0.257707 | neg_cos=0.222451 | ref_L2=0.000036 | ref_cos=0.990823 | ref_KL=0.003676
2025-10-01 20:11:57,130 - INFO - Task 3 Iter 780/1200 | lr=0.000137159 | acc=0.9989 | pos_cos=0.257927 | neg_cos=0.222754 | ref_L2=0.000035 | ref_cos=0.990935 | ref_KL=0.003897
2025-10-01 20:12:00,262 - INFO - Task 3 Iter 790/1200 | lr=0.00013136 | acc=0.9965 | pos_cos=0.258863 | neg_cos=0.223493 | ref_L2=0.000035 | ref_cos=0.990954 | ref_KL=0.003321
2025-10-01 20:12:03,356 - INFO - Task 3 Iter 800/1200 | lr=0.000125642 | acc=0.9988 | pos_cos=0.257445 | neg_cos=0.222219 | ref_L2=0.000037 | ref_cos=0.990618 | ref_KL=0.003224
2025-10-01 20:12:06,448 - INFO - Task 3 Iter 810/1200 | lr=0.00012001 | acc=0.9996 | pos_cos=0.256976 | neg_cos=0.221638 | ref_L2=0.000035 | ref_cos=0.990946 | ref_KL=0.003209
2025-10-01 20:12:09,547 - INFO - Task 3 Iter 820/1200 | lr=0.000114467 | acc=0.9999 | pos_cos=0.256912 | neg_cos=0.221377 | ref_L2=0.000036 | ref_cos=0.990892 | ref_KL=0.003382
2025-10-01 20:12:12,472 - INFO - Task 3 Iter 830/1200 | lr=0.000109017 | acc=0.9999 | pos_cos=0.256827 | neg_cos=0.221544 | ref_L2=0.000037 | ref_cos=0.990630 | ref_KL=0.003617
2025-10-01 20:12:16,073 - INFO - Task 3 Iter 840/1200 | lr=0.000103663 | acc=1.0000 | pos_cos=0.256561 | neg_cos=0.221358 | ref_L2=0.000036 | ref_cos=0.990715 | ref_KL=0.003304
2025-10-01 20:12:19,163 - INFO - Task 3 Iter 850/1200 | lr=9.84097e-05 | acc=1.0000 | pos_cos=0.256618 | neg_cos=0.221303 | ref_L2=0.000036 | ref_cos=0.990849 | ref_KL=0.003548
2025-10-01 20:12:19,456 - INFO -   stanford_cars: 59.00%
2025-10-01 20:12:19,457 - INFO - Average zeroshot accuracy after task 3: 69.22%
2025-10-01 20:12:19,457 - INFO - Starting task 4/8: eurosat (train=5000, test=5000, classes=10)
2025-10-01 20:12:21,253 - INFO - Task 3 Iter 860/1200 | lr=9.32604e-05 | acc=1.0000 | pos_cos=0.256086 | neg_cos=0.220862 | ref_L2=0.000036 | ref_cos=0.990897 | ref_KL=0.003280
2025-10-01 20:12:24,011 - INFO - Task 3 Iter 10/1200 | lr=0.000499931 | acc=0.8101 | pos_cos=0.287087 | neg_cos=0.248787 | ref_L2=0.000031 | ref_cos=0.992172 | ref_KL=0.002959
2025-10-01 20:12:24,655 - INFO - Task 3 Iter 870/1200 | lr=8.82186e-05 | acc=1.0000 | pos_cos=0.256754 | neg_cos=0.221323 | ref_L2=0.000036 | ref_cos=0.990734 | ref_KL=0.003128
2025-10-01 20:12:27,415 - INFO - Task 3 Iter 20/1200 | lr=0.000499691 | acc=0.8428 | pos_cos=0.287966 | neg_cos=0.253953 | ref_L2=0.000032 | ref_cos=0.991815 | ref_KL=0.004004
2025-10-01 20:12:28,061 - INFO - Task 3 Iter 880/1200 | lr=8.32877e-05 | acc=1.0000 | pos_cos=0.256067 | neg_cos=0.220955 | ref_L2=0.000035 | ref_cos=0.990954 | ref_KL=0.003226
2025-10-01 20:12:30,851 - INFO - Task 3 Iter 30/1200 | lr=0.00049928 | acc=0.8983 | pos_cos=0.290126 | neg_cos=0.255479 | ref_L2=0.000033 | ref_cos=0.991523 | ref_KL=0.004126
2025-10-01 20:12:31,333 - INFO - Task 3 Iter 890/1200 | lr=7.8471e-05 | acc=1.0000 | pos_cos=0.256376 | neg_cos=0.220931 | ref_L2=0.000035 | ref_cos=0.991076 | ref_KL=0.003137
2025-10-01 20:12:33,800 - INFO - Task 3 Iter 40/1200 | lr=0.000498698 | acc=0.9181 | pos_cos=0.289559 | neg_cos=0.254149 | ref_L2=0.000035 | ref_cos=0.991046 | ref_KL=0.004871
2025-10-01 20:12:35,193 - INFO - Task 3 Iter 900/1200 | lr=7.3772e-05 | acc=1.0000 | pos_cos=0.256251 | neg_cos=0.220970 | ref_L2=0.000035 | ref_cos=0.991049 | ref_KL=0.003161
2025-10-01 20:12:37,077 - INFO - Task 3 Iter 50/1200 | lr=0.000497946 | acc=0.9358 | pos_cos=0.288441 | neg_cos=0.252311 | ref_L2=0.000033 | ref_cos=0.991429 | ref_KL=0.004912
2025-10-01 20:12:38,598 - INFO - Task 3 Iter 910/1200 | lr=6.91937e-05 | acc=0.9969 | pos_cos=0.255178 | neg_cos=0.219913 | ref_L2=0.000035 | ref_cos=0.990991 | ref_KL=0.004133
2025-10-01 20:12:40,472 - INFO - Task 3 Iter 60/1200 | lr=0.000497024 | acc=0.9469 | pos_cos=0.290240 | neg_cos=0.255689 | ref_L2=0.000033 | ref_cos=0.991581 | ref_KL=0.004841
2025-10-01 20:12:41,882 - INFO - Task 3 Iter 920/1200 | lr=6.47394e-05 | acc=0.9989 | pos_cos=0.256251 | neg_cos=0.221071 | ref_L2=0.000036 | ref_cos=0.990733 | ref_KL=0.003486
2025-10-01 20:12:44,815 - INFO - Task 3 Iter 930/1200 | lr=6.04122e-05 | acc=0.9973 | pos_cos=0.256128 | neg_cos=0.220940 | ref_L2=0.000035 | ref_cos=0.990999 | ref_KL=0.003092
2025-10-01 20:12:44,821 - INFO - Task 3 Iter 70/1200 | lr=0.000495933 | acc=0.9506 | pos_cos=0.292190 | neg_cos=0.256965 | ref_L2=0.000033 | ref_cos=0.991607 | ref_KL=0.005413
2025-10-01 20:12:48,320 - INFO - Task 3 Iter 940/1200 | lr=5.62148e-05 | acc=0.9991 | pos_cos=0.256245 | neg_cos=0.220999 | ref_L2=0.000035 | ref_cos=0.991122 | ref_KL=0.003622
2025-10-01 20:12:48,378 - INFO - Task 3 Iter 80/1200 | lr=0.000494673 | acc=0.9447 | pos_cos=0.285623 | neg_cos=0.250768 | ref_L2=0.000033 | ref_cos=0.991560 | ref_KL=0.006491
2025-10-01 20:12:51,518 - INFO - Task 3 Iter 90/1200 | lr=0.000493246 | acc=0.9557 | pos_cos=0.285946 | neg_cos=0.250644 | ref_L2=0.000034 | ref_cos=0.991388 | ref_KL=0.006147
2025-10-01 20:12:52,170 - INFO - Task 3 Iter 950/1200 | lr=5.21504e-05 | acc=0.9997 | pos_cos=0.255656 | neg_cos=0.220392 | ref_L2=0.000036 | ref_cos=0.990836 | ref_KL=0.002998
2025-10-01 20:12:54,917 - INFO - Task 3 Iter 100/1200 | lr=0.000491652 | acc=0.9627 | pos_cos=0.285871 | neg_cos=0.250004 | ref_L2=0.000036 | ref_cos=0.990661 | ref_KL=0.005395
2025-10-01 20:12:55,432 - INFO - Task 3 Iter 960/1200 | lr=4.82215e-05 | acc=0.9999 | pos_cos=0.255432 | neg_cos=0.220154 | ref_L2=0.000034 | ref_cos=0.991194 | ref_KL=0.002961
2025-10-01 20:12:57,784 - INFO - Task 3 Iter 110/1200 | lr=0.000489892 | acc=0.9657 | pos_cos=0.282740 | neg_cos=0.247567 | ref_L2=0.000034 | ref_cos=0.991328 | ref_KL=0.008326
2025-10-01 20:12:59,238 - INFO - Task 3 Iter 970/1200 | lr=4.4431e-05 | acc=1.0000 | pos_cos=0.256438 | neg_cos=0.221111 | ref_L2=0.000035 | ref_cos=0.990992 | ref_KL=0.003057
2025-10-01 20:13:01,121 - INFO - Task 3 Iter 120/1200 | lr=0.000487968 | acc=0.9571 | pos_cos=0.284329 | neg_cos=0.249155 | ref_L2=0.000033 | ref_cos=0.991662 | ref_KL=0.007087
2025-10-01 20:13:02,577 - INFO - Task 3 Iter 980/1200 | lr=4.07814e-05 | acc=1.0000 | pos_cos=0.256534 | neg_cos=0.221253 | ref_L2=0.000034 | ref_cos=0.991348 | ref_KL=0.002956
2025-10-01 20:13:05,182 - INFO - Task 3 Iter 130/1200 | lr=0.000485881 | acc=0.9608 | pos_cos=0.283797 | neg_cos=0.248891 | ref_L2=0.000033 | ref_cos=0.991479 | ref_KL=0.007235
2025-10-01 20:13:05,310 - INFO - Task 3 Iter 990/1200 | lr=3.72752e-05 | acc=1.0000 | pos_cos=0.255723 | neg_cos=0.220400 | ref_L2=0.000035 | ref_cos=0.990944 | ref_KL=0.003421
2025-10-01 20:13:08,527 - INFO - Task 3 Iter 140/1200 | lr=0.000483632 | acc=0.9645 | pos_cos=0.279753 | neg_cos=0.244635 | ref_L2=0.000034 | ref_cos=0.991421 | ref_KL=0.005906
2025-10-01 20:13:08,686 - INFO - Task 3 Iter 1000/1200 | lr=3.39149e-05 | acc=1.0000 | pos_cos=0.256006 | neg_cos=0.220664 | ref_L2=0.000036 | ref_cos=0.990911 | ref_KL=0.003401
2025-10-01 20:13:11,895 - INFO - Task 3 Iter 150/1200 | lr=0.000481223 | acc=0.9633 | pos_cos=0.277936 | neg_cos=0.242966 | ref_L2=0.000034 | ref_cos=0.991336 | ref_KL=0.006353
2025-10-01 20:13:12,059 - INFO - Task 3 Iter 1010/1200 | lr=3.07027e-05 | acc=1.0000 | pos_cos=0.255563 | neg_cos=0.220356 | ref_L2=0.000036 | ref_cos=0.990736 | ref_KL=0.002935
2025-10-01 20:13:14,801 - INFO - Task 3 Iter 1020/1200 | lr=2.76408e-05 | acc=1.0000 | pos_cos=0.256130 | neg_cos=0.220790 | ref_L2=0.000035 | ref_cos=0.990972 | ref_KL=0.002905
2025-10-01 20:13:15,889 - INFO - Task 3 Iter 160/1200 | lr=0.000478656 | acc=0.9647 | pos_cos=0.276113 | neg_cos=0.240908 | ref_L2=0.000036 | ref_cos=0.990884 | ref_KL=0.007026
2025-10-01 20:13:18,709 - INFO - Task 3 Iter 170/1200 | lr=0.000475932 | acc=0.9693 | pos_cos=0.276367 | neg_cos=0.241410 | ref_L2=0.000034 | ref_cos=0.991294 | ref_KL=0.006972
2025-10-01 20:13:18,871 - INFO - Task 3 Iter 1030/1200 | lr=2.47313e-05 | acc=1.0000 | pos_cos=0.256358 | neg_cos=0.221029 | ref_L2=0.000035 | ref_cos=0.990986 | ref_KL=0.004142
2025-10-01 20:13:22,044 - INFO - Task 3 Iter 180/1200 | lr=0.000473053 | acc=0.9791 | pos_cos=0.279361 | neg_cos=0.243573 | ref_L2=0.000037 | ref_cos=0.990517 | ref_KL=0.008584
2025-10-01 20:13:22,212 - INFO - Task 3 Iter 1040/1200 | lr=2.19763e-05 | acc=1.0000 | pos_cos=0.255186 | neg_cos=0.219865 | ref_L2=0.000034 | ref_cos=0.991282 | ref_KL=0.003371
2025-10-01 20:13:25,432 - INFO - Task 3 Iter 190/1200 | lr=0.000470022 | acc=0.9860 | pos_cos=0.280614 | neg_cos=0.245498 | ref_L2=0.000035 | ref_cos=0.991054 | ref_KL=0.008327
2025-10-01 20:13:25,572 - INFO - Task 3 Iter 1050/1200 | lr=1.93775e-05 | acc=1.0000 | pos_cos=0.256066 | neg_cos=0.220833 | ref_L2=0.000035 | ref_cos=0.991129 | ref_KL=0.003257
2025-10-01 20:13:28,293 - INFO - Task 3 Iter 1060/1200 | lr=1.69369e-05 | acc=1.0000 | pos_cos=0.256422 | neg_cos=0.221101 | ref_L2=0.000036 | ref_cos=0.990907 | ref_KL=0.003149
2025-10-01 20:13:29,815 - INFO - Task 3 Iter 200/1200 | lr=0.000466839 | acc=0.9874 | pos_cos=0.278299 | neg_cos=0.242500 | ref_L2=0.000035 | ref_cos=0.991004 | ref_KL=0.009657
2025-10-01 20:13:32,074 - INFO - Task 3 Iter 1070/1200 | lr=1.4656e-05 | acc=0.9972 | pos_cos=0.255719 | neg_cos=0.220502 | ref_L2=0.000035 | ref_cos=0.991132 | ref_KL=0.003017
2025-10-01 20:13:33,595 - INFO - Task 3 Iter 210/1200 | lr=0.000463509 | acc=0.9838 | pos_cos=0.277525 | neg_cos=0.242146 | ref_L2=0.000035 | ref_cos=0.991107 | ref_KL=0.010102
2025-10-01 20:13:35,839 - INFO - Task 3 Iter 1080/1200 | lr=1.25364e-05 | acc=0.9990 | pos_cos=0.255416 | neg_cos=0.220230 | ref_L2=0.000036 | ref_cos=0.990901 | ref_KL=0.003306
2025-10-01 20:13:37,338 - INFO - Task 3 Iter 220/1200 | lr=0.000460031 | acc=0.9851 | pos_cos=0.273876 | neg_cos=0.238480 | ref_L2=0.000035 | ref_cos=0.991075 | ref_KL=0.009847
2025-10-01 20:13:40,042 - INFO - Task 3 Iter 1090/1200 | lr=1.05797e-05 | acc=0.9997 | pos_cos=0.255088 | neg_cos=0.219985 | ref_L2=0.000036 | ref_cos=0.990848 | ref_KL=0.002861
2025-10-01 20:13:40,419 - INFO - Task 3 Iter 230/1200 | lr=0.00045641 | acc=0.9888 | pos_cos=0.273180 | neg_cos=0.238008 | ref_L2=0.000035 | ref_cos=0.991120 | ref_KL=0.008611
2025-10-01 20:13:43,395 - INFO - Task 3 Iter 240/1200 | lr=0.000452648 | acc=0.9890 | pos_cos=0.272039 | neg_cos=0.236828 | ref_L2=0.000035 | ref_cos=0.991024 | ref_KL=0.009827
2025-10-01 20:13:43,789 - INFO - Task 3 Iter 1100/1200 | lr=8.78703e-06 | acc=0.9999 | pos_cos=0.255359 | neg_cos=0.220188 | ref_L2=0.000036 | ref_cos=0.990878 | ref_KL=0.002801
2025-10-01 20:13:46,980 - INFO - Task 3 Iter 250/1200 | lr=0.000448746 | acc=0.9741 | pos_cos=0.270907 | neg_cos=0.236009 | ref_L2=0.000035 | ref_cos=0.990990 | ref_KL=0.008685
2025-10-01 20:13:47,243 - INFO - Task 3 Iter 1110/1200 | lr=7.15973e-06 | acc=1.0000 | pos_cos=0.254840 | neg_cos=0.219665 | ref_L2=0.000035 | ref_cos=0.991132 | ref_KL=0.002697
2025-10-01 20:13:49,767 - INFO - Task 3 Iter 1120/1200 | lr=5.6989e-06 | acc=1.0000 | pos_cos=0.255662 | neg_cos=0.220421 | ref_L2=0.000035 | ref_cos=0.990952 | ref_KL=0.002817
2025-10-01 20:13:51,146 - INFO - Task 3 Iter 260/1200 | lr=0.000444709 | acc=0.9796 | pos_cos=0.271882 | neg_cos=0.236590 | ref_L2=0.000034 | ref_cos=0.991221 | ref_KL=0.008520
2025-10-01 20:13:53,297 - INFO - Task 3 Iter 1130/1200 | lr=4.40553e-06 | acc=1.0000 | pos_cos=0.255909 | neg_cos=0.220651 | ref_L2=0.000036 | ref_cos=0.990859 | ref_KL=0.003885
2025-10-01 20:13:54,724 - INFO - Task 3 Iter 270/1200 | lr=0.000440538 | acc=0.9733 | pos_cos=0.272171 | neg_cos=0.236942 | ref_L2=0.000034 | ref_cos=0.991359 | ref_KL=0.008788
2025-10-01 20:13:56,666 - INFO - Task 3 Iter 1140/1200 | lr=3.28051e-06 | acc=0.9987 | pos_cos=0.255422 | neg_cos=0.220187 | ref_L2=0.000034 | ref_cos=0.991244 | ref_KL=0.003177
2025-10-01 20:13:58,141 - INFO - Task 3 Iter 280/1200 | lr=0.000436236 | acc=0.9765 | pos_cos=0.274047 | neg_cos=0.238747 | ref_L2=0.000035 | ref_cos=0.991104 | ref_KL=0.007049
2025-10-01 20:13:59,958 - INFO - Task 3 Iter 1150/1200 | lr=2.32462e-06 | acc=0.9995 | pos_cos=0.255066 | neg_cos=0.219764 | ref_L2=0.000034 | ref_cos=0.991296 | ref_KL=0.002996
2025-10-01 20:14:01,054 - INFO - Task 3 Iter 290/1200 | lr=0.000431807 | acc=0.9779 | pos_cos=0.271846 | neg_cos=0.236813 | ref_L2=0.000035 | ref_cos=0.990918 | ref_KL=0.007802
2025-10-01 20:14:04,091 - INFO - Task 3 Iter 1160/1200 | lr=1.5385e-06 | acc=0.9998 | pos_cos=0.255487 | neg_cos=0.220124 | ref_L2=0.000034 | ref_cos=0.991312 | ref_KL=0.003426
2025-10-01 20:14:04,478 - INFO - Task 3 Iter 300/1200 | lr=0.000427253 | acc=0.9844 | pos_cos=0.271495 | neg_cos=0.236179 | ref_L2=0.000035 | ref_cos=0.991125 | ref_KL=0.010479
2025-10-01 20:14:07,273 - INFO - Task 3 Iter 1170/1200 | lr=9.22707e-07 | acc=0.9999 | pos_cos=0.254808 | neg_cos=0.219466 | ref_L2=0.000036 | ref_cos=0.990877 | ref_KL=0.003811
2025-10-01 20:14:07,763 - INFO - Task 3 Iter 310/1200 | lr=0.000422578 | acc=0.9803 | pos_cos=0.269939 | neg_cos=0.235293 | ref_L2=0.000035 | ref_cos=0.990951 | ref_KL=0.007507
2025-10-01 20:14:09,902 - INFO - Task 3 Iter 1180/1200 | lr=4.7765e-07 | acc=1.0000 | pos_cos=0.255493 | neg_cos=0.220215 | ref_L2=0.000034 | ref_cos=0.991229 | ref_KL=0.003182
2025-10-01 20:14:11,649 - INFO - Task 3 Iter 320/1200 | lr=0.000417785 | acc=0.9803 | pos_cos=0.270134 | neg_cos=0.234935 | ref_L2=0.000036 | ref_cos=0.990780 | ref_KL=0.008350
2025-10-01 20:14:12,626 - INFO - Task 3 Iter 1190/1200 | lr=2.03637e-07 | acc=1.0000 | pos_cos=0.255749 | neg_cos=0.220391 | ref_L2=0.000035 | ref_cos=0.991012 | ref_KL=0.003256
2025-10-01 20:14:15,681 - INFO - Task 3 Iter 330/1200 | lr=0.000412877 | acc=0.9871 | pos_cos=0.268558 | neg_cos=0.233297 | ref_L2=0.000036 | ref_cos=0.990663 | ref_KL=0.008022
2025-10-01 20:14:15,848 - INFO - Task 3 Iter 1200/1200 | lr=1.00857e-07 | acc=1.0000 | pos_cos=0.256324 | neg_cos=0.220993 | ref_L2=0.000034 | ref_cos=0.991222 | ref_KL=0.003502
2025-10-01 20:14:16,057 - INFO - Task 3 finished | total: 374.30 s | train: 374.09 s | drift: 0.00 s
2025-10-01 20:14:18,356 - INFO - Task 3 Iter 340/1200 | lr=0.000407857 | acc=0.9955 | pos_cos=0.268827 | neg_cos=0.233666 | ref_L2=0.000035 | ref_cos=0.990923 | ref_KL=0.007542
2025-10-01 20:14:21,543 - INFO - Task 3 Iter 350/1200 | lr=0.000402729 | acc=0.9910 | pos_cos=0.269250 | neg_cos=0.233968 | ref_L2=0.000036 | ref_cos=0.990760 | ref_KL=0.007740
2025-10-01 20:14:24,692 - INFO - Task 3 Iter 360/1200 | lr=0.000397496 | acc=0.9926 | pos_cos=0.268816 | neg_cos=0.233004 | ref_L2=0.000034 | ref_cos=0.991190 | ref_KL=0.007385
2025-10-01 20:14:27,939 - INFO - Task 3 Iter 370/1200 | lr=0.000392162 | acc=0.9937 | pos_cos=0.267296 | neg_cos=0.232130 | ref_L2=0.000035 | ref_cos=0.991129 | ref_KL=0.006538
2025-10-01 20:14:31,079 - INFO - Task 3 Iter 380/1200 | lr=0.000386731 | acc=0.9922 | pos_cos=0.266836 | neg_cos=0.231392 | ref_L2=0.000034 | ref_cos=0.991297 | ref_KL=0.009179
2025-10-01 20:14:34,864 - INFO - Task 3 Iter 390/1200 | lr=0.000381206 | acc=0.9885 | pos_cos=0.265096 | neg_cos=0.230116 | ref_L2=0.000036 | ref_cos=0.990866 | ref_KL=0.008153
2025-10-01 20:14:37,959 - INFO - Task 3 Iter 400/1200 | lr=0.000375591 | acc=0.9943 | pos_cos=0.266575 | neg_cos=0.230994 | ref_L2=0.000035 | ref_cos=0.990947 | ref_KL=0.008537
2025-10-01 20:14:41,106 - INFO - Task 3 Iter 410/1200 | lr=0.00036989 | acc=0.9937 | pos_cos=0.268083 | neg_cos=0.232835 | ref_L2=0.000034 | ref_cos=0.991368 | ref_KL=0.006944
2025-10-01 20:14:44,260 - INFO - Task 3 Iter 420/1200 | lr=0.000364108 | acc=0.9935 | pos_cos=0.268068 | neg_cos=0.232674 | ref_L2=0.000034 | ref_cos=0.991344 | ref_KL=0.005924
2025-10-01 20:14:47,412 - INFO - Task 3 Iter 430/1200 | lr=0.000358247 | acc=0.9952 | pos_cos=0.268748 | neg_cos=0.233222 | ref_L2=0.000034 | ref_cos=0.991352 | ref_KL=0.006425
2025-10-01 20:14:50,627 - INFO - Task 3 Iter 440/1200 | lr=0.000352311 | acc=0.9853 | pos_cos=0.267616 | neg_cos=0.232483 | ref_L2=0.000033 | ref_cos=0.991459 | ref_KL=0.006453
2025-10-01 20:14:54,211 - INFO - Evaluating zeroshot performance after task 4
2025-10-01 20:14:54,389 - INFO - Task 3 Iter 450/1200 | lr=0.000346306 | acc=0.9862 | pos_cos=0.266317 | neg_cos=0.230738 | ref_L2=0.000036 | ref_cos=0.990875 | ref_KL=0.005875
2025-10-01 20:14:56,548 - INFO - Task 3 Iter 460/1200 | lr=0.000340235 | acc=0.9898 | pos_cos=0.264651 | neg_cos=0.229388 | ref_L2=0.000035 | ref_cos=0.991156 | ref_KL=0.004688
2025-10-01 20:14:59,050 - INFO - Task 3 Iter 470/1200 | lr=0.000334102 | acc=0.9845 | pos_cos=0.263843 | neg_cos=0.228470 | ref_L2=0.000033 | ref_cos=0.991440 | ref_KL=0.004973
2025-10-01 20:15:02,240 - INFO - Task 3 Iter 480/1200 | lr=0.000327911 | acc=0.9873 | pos_cos=0.265464 | neg_cos=0.230050 | ref_L2=0.000034 | ref_cos=0.991238 | ref_KL=0.011766
2025-10-01 20:15:04,814 - INFO - Task 3 Iter 490/1200 | lr=0.000321667 | acc=0.9907 | pos_cos=0.265633 | neg_cos=0.230669 | ref_L2=0.000034 | ref_cos=0.991307 | ref_KL=0.006876
2025-10-01 20:15:07,395 - INFO - Task 3 Iter 500/1200 | lr=0.000315374 | acc=0.9935 | pos_cos=0.264818 | neg_cos=0.229317 | ref_L2=0.000034 | ref_cos=0.991344 | ref_KL=0.007249
2025-10-01 20:15:09,954 - INFO - Task 3 Iter 510/1200 | lr=0.000309036 | acc=0.9964 | pos_cos=0.263893 | neg_cos=0.228619 | ref_L2=0.000033 | ref_cos=0.991487 | ref_KL=0.006148
2025-10-01 20:15:12,994 - INFO - Task 3 Iter 520/1200 | lr=0.000302657 | acc=0.9987 | pos_cos=0.262746 | neg_cos=0.227336 | ref_L2=0.000032 | ref_cos=0.991839 | ref_KL=0.005136
2025-10-01 20:15:15,277 - INFO -   fgvc_aircraft: 52.60%
2025-10-01 20:15:15,531 - INFO - Task 3 Iter 530/1200 | lr=0.000296243 | acc=0.9979 | pos_cos=0.262296 | neg_cos=0.226993 | ref_L2=0.000033 | ref_cos=0.991636 | ref_KL=0.005077
2025-10-01 20:15:18,323 - INFO - Task 3 Iter 540/1200 | lr=0.000289797 | acc=0.9978 | pos_cos=0.262061 | neg_cos=0.226763 | ref_L2=0.000033 | ref_cos=0.991639 | ref_KL=0.005262
2025-10-01 20:15:21,699 - INFO - Task 3 Iter 550/1200 | lr=0.000283324 | acc=0.9940 | pos_cos=0.262375 | neg_cos=0.227088 | ref_L2=0.000033 | ref_cos=0.991638 | ref_KL=0.006485
2025-10-01 20:15:25,026 - INFO - Task 3 Iter 560/1200 | lr=0.000276828 | acc=0.9979 | pos_cos=0.262427 | neg_cos=0.226983 | ref_L2=0.000034 | ref_cos=0.991418 | ref_KL=0.004996
2025-10-01 20:15:28,336 - INFO - Task 3 Iter 570/1200 | lr=0.000270313 | acc=0.9937 | pos_cos=0.262324 | neg_cos=0.227247 | ref_L2=0.000034 | ref_cos=0.991327 | ref_KL=0.004622
2025-10-01 20:15:32,263 - INFO - Task 3 Iter 580/1200 | lr=0.000263785 | acc=0.9963 | pos_cos=0.261512 | neg_cos=0.226306 | ref_L2=0.000034 | ref_cos=0.991310 | ref_KL=0.003934
2025-10-01 20:15:35,516 - INFO - Task 3 Iter 590/1200 | lr=0.000257247 | acc=0.9987 | pos_cos=0.259529 | neg_cos=0.224459 | ref_L2=0.000032 | ref_cos=0.991800 | ref_KL=0.003706
2025-10-01 20:15:38,871 - INFO - Task 3 Iter 600/1200 | lr=0.000250704 | acc=0.9979 | pos_cos=0.259692 | neg_cos=0.224636 | ref_L2=0.000032 | ref_cos=0.991735 | ref_KL=0.003595
2025-10-01 20:15:39,264 - INFO -   caltech-101: 93.64%
2025-10-01 20:15:41,527 - INFO - Task 3 Iter 610/1200 | lr=0.000244161 | acc=0.9974 | pos_cos=0.260882 | neg_cos=0.225541 | ref_L2=0.000032 | ref_cos=0.991770 | ref_KL=0.004536
2025-10-01 20:15:44,789 - INFO - Task 3 Iter 620/1200 | lr=0.000237622 | acc=0.9973 | pos_cos=0.261625 | neg_cos=0.226431 | ref_L2=0.000032 | ref_cos=0.991682 | ref_KL=0.005440
2025-10-01 20:15:47,419 - INFO -   dtd: 74.89%
2025-10-01 20:15:48,573 - INFO - Task 3 Iter 630/1200 | lr=0.000231092 | acc=0.9939 | pos_cos=0.262286 | neg_cos=0.226926 | ref_L2=0.000033 | ref_cos=0.991511 | ref_KL=0.004732
2025-10-01 20:15:51,934 - INFO - Task 3 Iter 640/1200 | lr=0.000224574 | acc=0.9952 | pos_cos=0.260008 | neg_cos=0.224941 | ref_L2=0.000034 | ref_cos=0.991323 | ref_KL=0.004056
2025-10-01 20:15:55,940 - INFO - Task 3 Iter 650/1200 | lr=0.000218074 | acc=0.9983 | pos_cos=0.259567 | neg_cos=0.224282 | ref_L2=0.000033 | ref_cos=0.991664 | ref_KL=0.003667
2025-10-01 20:15:59,378 - INFO - Task 3 Iter 660/1200 | lr=0.000211596 | acc=0.9979 | pos_cos=0.259156 | neg_cos=0.223847 | ref_L2=0.000031 | ref_cos=0.991965 | ref_KL=0.004223
2025-10-01 20:16:02,797 - INFO - Task 3 Iter 670/1200 | lr=0.000205144 | acc=0.9993 | pos_cos=0.259966 | neg_cos=0.224792 | ref_L2=0.000032 | ref_cos=0.991687 | ref_KL=0.003734
2025-10-01 20:16:06,172 - INFO - Task 3 Iter 680/1200 | lr=0.000198723 | acc=0.9997 | pos_cos=0.259666 | neg_cos=0.224225 | ref_L2=0.000032 | ref_cos=0.991823 | ref_KL=0.003943
2025-10-01 20:16:06,287 - INFO -   eurosat: 97.84%
2025-10-01 20:16:08,613 - INFO - Task 3 Iter 690/1200 | lr=0.000192337 | acc=0.9981 | pos_cos=0.259711 | neg_cos=0.224518 | ref_L2=0.000031 | ref_cos=0.992042 | ref_KL=0.003796
2025-10-01 20:16:11,980 - INFO - Task 3 Iter 700/1200 | lr=0.00018599 | acc=0.9993 | pos_cos=0.259745 | neg_cos=0.224424 | ref_L2=0.000031 | ref_cos=0.992088 | ref_KL=0.003557
2025-10-01 20:16:16,012 - INFO - Task 3 Iter 710/1200 | lr=0.000179688 | acc=0.9972 | pos_cos=0.259056 | neg_cos=0.223754 | ref_L2=0.000031 | ref_cos=0.992044 | ref_KL=0.003133
2025-10-01 20:16:19,319 - INFO - Task 3 Iter 720/1200 | lr=0.000173434 | acc=0.9962 | pos_cos=0.257757 | neg_cos=0.222550 | ref_L2=0.000030 | ref_cos=0.992227 | ref_KL=0.002900
2025-10-01 20:16:22,766 - INFO - Task 3 Iter 730/1200 | lr=0.000167232 | acc=0.9987 | pos_cos=0.258294 | neg_cos=0.222981 | ref_L2=0.000032 | ref_cos=0.991893 | ref_KL=0.003143
2025-10-01 20:16:26,211 - INFO - Task 3 Iter 740/1200 | lr=0.000161087 | acc=0.9995 | pos_cos=0.258012 | neg_cos=0.222716 | ref_L2=0.000031 | ref_cos=0.992058 | ref_KL=0.003045
2025-10-01 20:16:29,511 - INFO - Task 3 Iter 750/1200 | lr=0.000155003 | acc=0.9954 | pos_cos=0.258528 | neg_cos=0.223314 | ref_L2=0.000030 | ref_cos=0.992254 | ref_KL=0.002958
2025-10-01 20:16:30,773 - INFO -   oxford_flower102: 57.67%
2025-10-01 20:16:32,039 - INFO - Task 3 Iter 760/1200 | lr=0.000148984 | acc=0.9984 | pos_cos=0.257337 | neg_cos=0.221930 | ref_L2=0.000031 | ref_cos=0.992126 | ref_KL=0.003472
2025-10-01 20:16:35,760 - INFO - Task 3 Iter 770/1200 | lr=0.000143035 | acc=0.9969 | pos_cos=0.257665 | neg_cos=0.222504 | ref_L2=0.000031 | ref_cos=0.992150 | ref_KL=0.003507
2025-10-01 20:16:39,140 - INFO - Task 3 Iter 780/1200 | lr=0.000137159 | acc=0.9969 | pos_cos=0.257968 | neg_cos=0.222801 | ref_L2=0.000030 | ref_cos=0.992305 | ref_KL=0.003277
2025-10-01 20:16:42,997 - INFO - Task 3 Iter 790/1200 | lr=0.00013136 | acc=0.9958 | pos_cos=0.259373 | neg_cos=0.224018 | ref_L2=0.000030 | ref_cos=0.992227 | ref_KL=0.003073
2025-10-01 20:16:46,454 - INFO - Task 3 Iter 800/1200 | lr=0.000125642 | acc=0.9985 | pos_cos=0.257100 | neg_cos=0.221877 | ref_L2=0.000032 | ref_cos=0.991855 | ref_KL=0.002959
2025-10-01 20:16:50,010 - INFO - Task 3 Iter 810/1200 | lr=0.00012001 | acc=0.9995 | pos_cos=0.256601 | neg_cos=0.221298 | ref_L2=0.000030 | ref_cos=0.992281 | ref_KL=0.002572
2025-10-01 20:16:53,358 - INFO - Task 3 Iter 820/1200 | lr=0.000114467 | acc=0.9998 | pos_cos=0.257138 | neg_cos=0.221659 | ref_L2=0.000030 | ref_cos=0.992324 | ref_KL=0.002701
2025-10-01 20:16:56,869 - INFO - Task 3 Iter 830/1200 | lr=0.000109017 | acc=0.9999 | pos_cos=0.257112 | neg_cos=0.221698 | ref_L2=0.000031 | ref_cos=0.992054 | ref_KL=0.002891
2025-10-01 20:17:00,902 - INFO - Task 3 Iter 840/1200 | lr=0.000103663 | acc=1.0000 | pos_cos=0.256621 | neg_cos=0.221349 | ref_L2=0.000031 | ref_cos=0.992118 | ref_KL=0.002949
2025-10-01 20:17:04,283 - INFO - Task 3 Iter 850/1200 | lr=9.84097e-05 | acc=1.0000 | pos_cos=0.257936 | neg_cos=0.222600 | ref_L2=0.000031 | ref_cos=0.992121 | ref_KL=0.003052
2025-10-01 20:17:07,734 - INFO - Task 3 Iter 860/1200 | lr=9.32604e-05 | acc=1.0000 | pos_cos=0.256366 | neg_cos=0.221087 | ref_L2=0.000030 | ref_cos=0.992218 | ref_KL=0.003063
2025-10-01 20:17:11,246 - INFO - Task 3 Iter 870/1200 | lr=8.82186e-05 | acc=1.0000 | pos_cos=0.257184 | neg_cos=0.221715 | ref_L2=0.000031 | ref_cos=0.992070 | ref_KL=0.002761
2025-10-01 20:17:14,720 - INFO - Task 3 Iter 880/1200 | lr=8.32877e-05 | acc=0.9929 | pos_cos=0.255989 | neg_cos=0.220819 | ref_L2=0.000030 | ref_cos=0.992274 | ref_KL=0.003008
2025-10-01 20:17:18,196 - INFO - Task 3 Iter 890/1200 | lr=7.8471e-05 | acc=0.9975 | pos_cos=0.255778 | neg_cos=0.220304 | ref_L2=0.000029 | ref_cos=0.992513 | ref_KL=0.002619
2025-10-01 20:17:22,381 - INFO - Task 3 Iter 900/1200 | lr=7.3772e-05 | acc=0.9960 | pos_cos=0.256059 | neg_cos=0.220848 | ref_L2=0.000030 | ref_cos=0.992429 | ref_KL=0.002532
2025-10-01 20:17:25,739 - INFO - Task 3 Iter 910/1200 | lr=6.91937e-05 | acc=0.9955 | pos_cos=0.255052 | neg_cos=0.219807 | ref_L2=0.000030 | ref_cos=0.992407 | ref_KL=0.003366
2025-10-01 20:17:29,098 - INFO - Task 3 Iter 920/1200 | lr=6.47394e-05 | acc=0.9984 | pos_cos=0.256094 | neg_cos=0.220897 | ref_L2=0.000031 | ref_cos=0.992179 | ref_KL=0.002932
2025-10-01 20:17:32,388 - INFO - Task 3 Iter 930/1200 | lr=6.04122e-05 | acc=0.9994 | pos_cos=0.255899 | neg_cos=0.220679 | ref_L2=0.000030 | ref_cos=0.992308 | ref_KL=0.002619
2025-10-01 20:17:35,830 - INFO - Task 3 Iter 940/1200 | lr=5.62148e-05 | acc=0.9980 | pos_cos=0.255801 | neg_cos=0.220531 | ref_L2=0.000030 | ref_cos=0.992420 | ref_KL=0.003004
2025-10-01 20:17:39,609 - INFO - Task 3 Iter 950/1200 | lr=5.21504e-05 | acc=0.9993 | pos_cos=0.254521 | neg_cos=0.219161 | ref_L2=0.000031 | ref_cos=0.992145 | ref_KL=0.002744
2025-10-01 20:17:42,975 - INFO - Task 3 Iter 960/1200 | lr=4.82215e-05 | acc=0.9998 | pos_cos=0.255354 | neg_cos=0.220201 | ref_L2=0.000029 | ref_cos=0.992565 | ref_KL=0.002483
2025-10-01 20:17:47,047 - INFO - Task 3 Iter 970/1200 | lr=4.4431e-05 | acc=0.9999 | pos_cos=0.255801 | neg_cos=0.220450 | ref_L2=0.000030 | ref_cos=0.992415 | ref_KL=0.002539
2025-10-01 20:17:50,447 - INFO - Task 3 Iter 980/1200 | lr=4.07814e-05 | acc=1.0000 | pos_cos=0.256192 | neg_cos=0.220874 | ref_L2=0.000029 | ref_cos=0.992541 | ref_KL=0.002680
2025-10-01 20:17:53,834 - INFO - Task 3 Iter 990/1200 | lr=3.72752e-05 | acc=0.9979 | pos_cos=0.255570 | neg_cos=0.220244 | ref_L2=0.000030 | ref_cos=0.992271 | ref_KL=0.003290
2025-10-01 20:17:57,301 - INFO - Task 3 Iter 1000/1200 | lr=3.39149e-05 | acc=0.9962 | pos_cos=0.255595 | neg_cos=0.220450 | ref_L2=0.000030 | ref_cos=0.992301 | ref_KL=0.002813
2025-10-01 20:18:00,783 - INFO - Task 3 Iter 1010/1200 | lr=3.07027e-05 | acc=0.9987 | pos_cos=0.255551 | neg_cos=0.220340 | ref_L2=0.000030 | ref_cos=0.992209 | ref_KL=0.002450
2025-10-01 20:18:03,643 - INFO -   food101: 84.38%
2025-10-01 20:18:03,968 - INFO - Task 3 Iter 1020/1200 | lr=2.76408e-05 | acc=0.9995 | pos_cos=0.256062 | neg_cos=0.220710 | ref_L2=0.000030 | ref_cos=0.992393 | ref_KL=0.002458
2025-10-01 20:18:07,558 - INFO - Task 3 Iter 1030/1200 | lr=2.47313e-05 | acc=0.9998 | pos_cos=0.256304 | neg_cos=0.220916 | ref_L2=0.000030 | ref_cos=0.992387 | ref_KL=0.002972
2025-10-01 20:18:11,074 - INFO - Task 3 Iter 1040/1200 | lr=2.19763e-05 | acc=0.9999 | pos_cos=0.254665 | neg_cos=0.219378 | ref_L2=0.000029 | ref_cos=0.992613 | ref_KL=0.002713
2025-10-01 20:18:14,537 - INFO - Task 3 Iter 1050/1200 | lr=1.93775e-05 | acc=1.0000 | pos_cos=0.255734 | neg_cos=0.220495 | ref_L2=0.000029 | ref_cos=0.992451 | ref_KL=0.002710
2025-10-01 20:18:17,912 - INFO -   oxford_pets: 87.35%
2025-10-01 20:18:17,982 - INFO - Task 3 Iter 1060/1200 | lr=1.69369e-05 | acc=0.9988 | pos_cos=0.255767 | neg_cos=0.220407 | ref_L2=0.000030 | ref_cos=0.992194 | ref_KL=0.002671
2025-10-01 20:18:20,417 - INFO - Task 3 Iter 1070/1200 | lr=1.4656e-05 | acc=0.9936 | pos_cos=0.255499 | neg_cos=0.220168 | ref_L2=0.000029 | ref_cos=0.992513 | ref_KL=0.002473
2025-10-01 20:18:23,485 - INFO - Task 3 Iter 1080/1200 | lr=1.25364e-05 | acc=0.9978 | pos_cos=0.255226 | neg_cos=0.219963 | ref_L2=0.000030 | ref_cos=0.992313 | ref_KL=0.002865
2025-10-01 20:18:27,507 - INFO - Task 3 Iter 1090/1200 | lr=1.05797e-05 | acc=0.9980 | pos_cos=0.254914 | neg_cos=0.219683 | ref_L2=0.000030 | ref_cos=0.992295 | ref_KL=0.002515
2025-10-01 20:18:31,224 - INFO - Task 3 Iter 1100/1200 | lr=8.78703e-06 | acc=0.9993 | pos_cos=0.255073 | neg_cos=0.219786 | ref_L2=0.000030 | ref_cos=0.992302 | ref_KL=0.002456
2025-10-01 20:18:34,437 - INFO - Task 3 Iter 1110/1200 | lr=7.15973e-06 | acc=0.9998 | pos_cos=0.255159 | neg_cos=0.219942 | ref_L2=0.000029 | ref_cos=0.992469 | ref_KL=0.002322
2025-10-01 20:18:37,774 - INFO - Task 3 Iter 1120/1200 | lr=5.6989e-06 | acc=0.9999 | pos_cos=0.255510 | neg_cos=0.220239 | ref_L2=0.000030 | ref_cos=0.992371 | ref_KL=0.002338
2025-10-01 20:18:41,198 - INFO - Task 3 Iter 1130/1200 | lr=4.40553e-06 | acc=1.0000 | pos_cos=0.255216 | neg_cos=0.219964 | ref_L2=0.000030 | ref_cos=0.992319 | ref_KL=0.003176
2025-10-01 20:18:44,240 - INFO - Task 3 Iter 1140/1200 | lr=3.28051e-06 | acc=0.9973 | pos_cos=0.256216 | neg_cos=0.221015 | ref_L2=0.000029 | ref_cos=0.992668 | ref_KL=0.002590
2025-10-01 20:18:47,208 - INFO - Task 3 Iter 1150/1200 | lr=2.32462e-06 | acc=0.9991 | pos_cos=0.254930 | neg_cos=0.219649 | ref_L2=0.000029 | ref_cos=0.992592 | ref_KL=0.002611
2025-10-01 20:18:50,969 - INFO - Task 3 Iter 1160/1200 | lr=1.5385e-06 | acc=0.9969 | pos_cos=0.254912 | neg_cos=0.219781 | ref_L2=0.000029 | ref_cos=0.992606 | ref_KL=0.002784
2025-10-01 20:18:51,171 - INFO -   stanford_cars: 58.57%
2025-10-01 20:18:51,172 - INFO - Average zeroshot accuracy after task 4: 75.87%
2025-10-01 20:18:51,173 - INFO - Starting task 5/8: oxford_flower102 (train=1020, test=6149, classes=102)
2025-10-01 20:18:53,032 - INFO - Task 3 Iter 1170/1200 | lr=9.22707e-07 | acc=0.9989 | pos_cos=0.254920 | neg_cos=0.219573 | ref_L2=0.000030 | ref_cos=0.992230 | ref_KL=0.003302
2025-10-01 20:18:56,458 - INFO - Task 4 Iter 10/1200 | lr=0.000499931 | acc=0.7650 | pos_cos=0.272929 | neg_cos=0.220369 | ref_L2=0.000037 | ref_cos=0.990615 | ref_KL=0.003716
2025-10-01 20:18:56,582 - INFO - Task 3 Iter 1180/1200 | lr=4.7765e-07 | acc=0.9996 | pos_cos=0.255375 | neg_cos=0.220035 | ref_L2=0.000029 | ref_cos=0.992531 | ref_KL=0.002713
2025-10-01 20:18:59,805 - INFO - Task 4 Iter 20/1200 | lr=0.000499691 | acc=0.6997 | pos_cos=0.277407 | neg_cos=0.218958 | ref_L2=0.000041 | ref_cos=0.989579 | ref_KL=0.005017
2025-10-01 20:19:00,004 - INFO - Task 3 Iter 1190/1200 | lr=2.03637e-07 | acc=0.9999 | pos_cos=0.255309 | neg_cos=0.220002 | ref_L2=0.000029 | ref_cos=0.992516 | ref_KL=0.002888
2025-10-01 20:19:03,187 - INFO - Task 4 Iter 30/1200 | lr=0.00049928 | acc=0.7183 | pos_cos=0.279449 | neg_cos=0.219126 | ref_L2=0.000042 | ref_cos=0.989330 | ref_KL=0.005344
2025-10-01 20:19:03,377 - INFO - Task 3 Iter 1200/1200 | lr=1.00857e-07 | acc=1.0000 | pos_cos=0.255066 | neg_cos=0.219773 | ref_L2=0.000029 | ref_cos=0.992592 | ref_KL=0.003083
2025-10-01 20:19:03,549 - INFO - Task 3 finished | total: 403.98 s | train: 403.81 s | drift: 0.00 s
2025-10-01 20:19:06,536 - INFO - Task 4 Iter 40/1200 | lr=0.000498698 | acc=0.7929 | pos_cos=0.280059 | neg_cos=0.216050 | ref_L2=0.000043 | ref_cos=0.989090 | ref_KL=0.005711
2025-10-01 20:19:09,185 - INFO - Task 4 Iter 50/1200 | lr=0.000497946 | acc=0.8629 | pos_cos=0.283653 | neg_cos=0.216115 | ref_L2=0.000043 | ref_cos=0.988981 | ref_KL=0.006701
2025-10-01 20:19:11,861 - INFO - Task 4 Iter 60/1200 | lr=0.000497024 | acc=0.8914 | pos_cos=0.285511 | neg_cos=0.218188 | ref_L2=0.000045 | ref_cos=0.988422 | ref_KL=0.006330
2025-10-01 20:19:15,768 - INFO - Task 4 Iter 70/1200 | lr=0.000495933 | acc=0.9368 | pos_cos=0.288204 | neg_cos=0.218793 | ref_L2=0.000044 | ref_cos=0.988784 | ref_KL=0.006398
2025-10-01 20:19:18,454 - INFO - Task 4 Iter 80/1200 | lr=0.000494673 | acc=0.9602 | pos_cos=0.287338 | neg_cos=0.219109 | ref_L2=0.000046 | ref_cos=0.988175 | ref_KL=0.006287
2025-10-01 20:19:21,115 - INFO - Task 4 Iter 90/1200 | lr=0.000493246 | acc=0.9671 | pos_cos=0.290281 | neg_cos=0.222000 | ref_L2=0.000044 | ref_cos=0.988718 | ref_KL=0.005420
2025-10-01 20:19:24,330 - INFO - Task 4 Iter 100/1200 | lr=0.000491652 | acc=0.9885 | pos_cos=0.291771 | neg_cos=0.222996 | ref_L2=0.000046 | ref_cos=0.988231 | ref_KL=0.006409
2025-10-01 20:19:27,023 - INFO - Task 4 Iter 110/1200 | lr=0.000489892 | acc=0.9960 | pos_cos=0.291231 | neg_cos=0.223973 | ref_L2=0.000045 | ref_cos=0.988365 | ref_KL=0.006494
2025-10-01 20:19:29,718 - INFO - Task 4 Iter 120/1200 | lr=0.000487968 | acc=0.9973 | pos_cos=0.290044 | neg_cos=0.223278 | ref_L2=0.000046 | ref_cos=0.988253 | ref_KL=0.007259
2025-10-01 20:19:33,825 - INFO - Task 4 Iter 130/1200 | lr=0.000485881 | acc=0.9974 | pos_cos=0.290670 | neg_cos=0.224315 | ref_L2=0.000045 | ref_cos=0.988405 | ref_KL=0.006352
2025-10-01 20:19:35,418 - INFO - Evaluating zeroshot performance after task 4
2025-10-01 20:19:36,355 - INFO - Task 4 Iter 140/1200 | lr=0.000483632 | acc=0.9991 | pos_cos=0.289288 | neg_cos=0.224146 | ref_L2=0.000046 | ref_cos=0.988202 | ref_KL=0.006236
2025-10-01 20:19:38,471 - INFO - Task 4 Iter 150/1200 | lr=0.000481223 | acc=0.9997 | pos_cos=0.290034 | neg_cos=0.224243 | ref_L2=0.000047 | ref_cos=0.988009 | ref_KL=0.009456
2025-10-01 20:19:40,892 - INFO - Task 4 Iter 160/1200 | lr=0.000478656 | acc=0.9999 | pos_cos=0.290423 | neg_cos=0.224877 | ref_L2=0.000047 | ref_cos=0.987923 | ref_KL=0.007361
2025-10-01 20:19:44,023 - INFO - Task 4 Iter 170/1200 | lr=0.000475932 | acc=1.0000 | pos_cos=0.290100 | neg_cos=0.225292 | ref_L2=0.000046 | ref_cos=0.988129 | ref_KL=0.007134
2025-10-01 20:19:46,372 - INFO - Task 4 Iter 180/1200 | lr=0.000473053 | acc=1.0000 | pos_cos=0.289231 | neg_cos=0.224737 | ref_L2=0.000046 | ref_cos=0.988173 | ref_KL=0.007209
2025-10-01 20:19:48,954 - INFO - Task 4 Iter 190/1200 | lr=0.000470022 | acc=1.0000 | pos_cos=0.288775 | neg_cos=0.224184 | ref_L2=0.000046 | ref_cos=0.988308 | ref_KL=0.006789
2025-10-01 20:19:52,631 - INFO - Task 4 Iter 200/1200 | lr=0.000466839 | acc=1.0000 | pos_cos=0.287538 | neg_cos=0.223444 | ref_L2=0.000047 | ref_cos=0.988081 | ref_KL=0.007601
2025-10-01 20:19:55,108 - INFO -   fgvc_aircraft: 53.05%
2025-10-01 20:19:55,245 - INFO - Task 4 Iter 210/1200 | lr=0.000463509 | acc=1.0000 | pos_cos=0.286744 | neg_cos=0.222807 | ref_L2=0.000047 | ref_cos=0.988090 | ref_KL=0.009146
2025-10-01 20:19:57,745 - INFO - Task 4 Iter 220/1200 | lr=0.000460031 | acc=1.0000 | pos_cos=0.285594 | neg_cos=0.221856 | ref_L2=0.000046 | ref_cos=0.988148 | ref_KL=0.008633
2025-10-01 20:20:01,545 - INFO - Task 4 Iter 230/1200 | lr=0.00045641 | acc=1.0000 | pos_cos=0.285382 | neg_cos=0.222026 | ref_L2=0.000046 | ref_cos=0.988150 | ref_KL=0.009221
2025-10-01 20:20:04,625 - INFO - Task 4 Iter 240/1200 | lr=0.000452648 | acc=1.0000 | pos_cos=0.285406 | neg_cos=0.222155 | ref_L2=0.000047 | ref_cos=0.987986 | ref_KL=0.009310
2025-10-01 20:20:07,750 - INFO - Task 4 Iter 250/1200 | lr=0.000448746 | acc=1.0000 | pos_cos=0.284851 | neg_cos=0.221604 | ref_L2=0.000047 | ref_cos=0.988082 | ref_KL=0.009398
2025-10-01 20:20:12,009 - INFO - Task 4 Iter 260/1200 | lr=0.000444709 | acc=1.0000 | pos_cos=0.285117 | neg_cos=0.221728 | ref_L2=0.000047 | ref_cos=0.987904 | ref_KL=0.011044
2025-10-01 20:20:15,060 - INFO - Task 4 Iter 270/1200 | lr=0.000440538 | acc=1.0000 | pos_cos=0.282960 | neg_cos=0.219662 | ref_L2=0.000046 | ref_cos=0.988346 | ref_KL=0.009403
2025-10-01 20:20:17,995 - INFO - Task 4 Iter 280/1200 | lr=0.000436236 | acc=1.0000 | pos_cos=0.283068 | neg_cos=0.220020 | ref_L2=0.000047 | ref_cos=0.988074 | ref_KL=0.009361
2025-10-01 20:20:18,000 - INFO -   caltech-101: 93.69%
2025-10-01 20:20:21,022 - INFO - Task 4 Iter 290/1200 | lr=0.000431807 | acc=1.0000 | pos_cos=0.281238 | neg_cos=0.218214 | ref_L2=0.000048 | ref_cos=0.987733 | ref_KL=0.008962
2025-10-01 20:20:24,081 - INFO - Task 4 Iter 300/1200 | lr=0.000427253 | acc=1.0000 | pos_cos=0.281863 | neg_cos=0.219240 | ref_L2=0.000046 | ref_cos=0.988114 | ref_KL=0.015513
2025-10-01 20:20:25,900 - INFO -   dtd: 74.26%
2025-10-01 20:20:26,570 - INFO - Task 4 Iter 310/1200 | lr=0.000422578 | acc=1.0000 | pos_cos=0.279807 | neg_cos=0.217279 | ref_L2=0.000048 | ref_cos=0.987761 | ref_KL=0.012961
2025-10-01 20:20:29,622 - INFO - Task 4 Iter 320/1200 | lr=0.000417785 | acc=1.0000 | pos_cos=0.280169 | neg_cos=0.218045 | ref_L2=0.000048 | ref_cos=0.987777 | ref_KL=0.013432
2025-10-01 20:20:33,951 - INFO - Task 4 Iter 330/1200 | lr=0.000412877 | acc=1.0000 | pos_cos=0.280034 | neg_cos=0.217642 | ref_L2=0.000047 | ref_cos=0.987995 | ref_KL=0.013368
2025-10-01 20:20:37,042 - INFO - Task 4 Iter 340/1200 | lr=0.000407857 | acc=1.0000 | pos_cos=0.280094 | neg_cos=0.217675 | ref_L2=0.000046 | ref_cos=0.988197 | ref_KL=0.012732
2025-10-01 20:20:40,077 - INFO - Task 4 Iter 350/1200 | lr=0.000402729 | acc=1.0000 | pos_cos=0.279605 | neg_cos=0.217555 | ref_L2=0.000047 | ref_cos=0.987860 | ref_KL=0.011131
2025-10-01 20:20:43,686 - INFO -   eurosat: 97.76%
2025-10-01 20:20:43,747 - INFO - Task 4 Iter 360/1200 | lr=0.000397496 | acc=1.0000 | pos_cos=0.278970 | neg_cos=0.216924 | ref_L2=0.000048 | ref_cos=0.987729 | ref_KL=0.015595
2025-10-01 20:20:45,972 - INFO - Task 4 Iter 370/1200 | lr=0.000392162 | acc=1.0000 | pos_cos=0.278981 | neg_cos=0.216922 | ref_L2=0.000050 | ref_cos=0.987194 | ref_KL=0.015834
2025-10-01 20:20:49,031 - INFO - Task 4 Iter 380/1200 | lr=0.000386731 | acc=1.0000 | pos_cos=0.279286 | neg_cos=0.217421 | ref_L2=0.000050 | ref_cos=0.987318 | ref_KL=0.011653
2025-10-01 20:20:53,420 - INFO - Task 4 Iter 390/1200 | lr=0.000381206 | acc=1.0000 | pos_cos=0.278492 | neg_cos=0.216888 | ref_L2=0.000049 | ref_cos=0.987418 | ref_KL=0.010659
2025-10-01 20:20:56,461 - INFO - Task 4 Iter 400/1200 | lr=0.000375591 | acc=1.0000 | pos_cos=0.278266 | neg_cos=0.216697 | ref_L2=0.000049 | ref_cos=0.987386 | ref_KL=0.012760
2025-10-01 20:20:59,491 - INFO - Task 4 Iter 410/1200 | lr=0.00036989 | acc=1.0000 | pos_cos=0.277020 | neg_cos=0.215293 | ref_L2=0.000050 | ref_cos=0.987300 | ref_KL=0.012730
2025-10-01 20:21:03,232 - INFO - Task 4 Iter 420/1200 | lr=0.000364108 | acc=1.0000 | pos_cos=0.277995 | neg_cos=0.216462 | ref_L2=0.000049 | ref_cos=0.987515 | ref_KL=0.009957
2025-10-01 20:21:06,401 - INFO - Task 4 Iter 430/1200 | lr=0.000358247 | acc=1.0000 | pos_cos=0.277041 | neg_cos=0.215520 | ref_L2=0.000048 | ref_cos=0.987767 | ref_KL=0.011061
2025-10-01 20:21:06,757 - INFO -   oxford_flower102: 60.09%
2025-10-01 20:21:08,459 - INFO - Task 4 Iter 440/1200 | lr=0.000352311 | acc=1.0000 | pos_cos=0.276329 | neg_cos=0.214981 | ref_L2=0.000047 | ref_cos=0.987994 | ref_KL=0.010254
2025-10-01 20:21:12,844 - INFO - Task 4 Iter 450/1200 | lr=0.000346306 | acc=1.0000 | pos_cos=0.277337 | neg_cos=0.215770 | ref_L2=0.000046 | ref_cos=0.988144 | ref_KL=0.008704
2025-10-01 20:21:15,844 - INFO - Task 4 Iter 460/1200 | lr=0.000340235 | acc=1.0000 | pos_cos=0.275759 | neg_cos=0.214248 | ref_L2=0.000048 | ref_cos=0.987684 | ref_KL=0.009301
2025-10-01 20:21:18,947 - INFO - Task 4 Iter 470/1200 | lr=0.000334102 | acc=1.0000 | pos_cos=0.274406 | neg_cos=0.212800 | ref_L2=0.000047 | ref_cos=0.987843 | ref_KL=0.011067
2025-10-01 20:21:22,028 - INFO - Task 4 Iter 480/1200 | lr=0.000327911 | acc=1.0000 | pos_cos=0.275326 | neg_cos=0.213999 | ref_L2=0.000047 | ref_cos=0.987926 | ref_KL=0.009940
2025-10-01 20:21:25,719 - INFO - Task 4 Iter 490/1200 | lr=0.000321667 | acc=1.0000 | pos_cos=0.275448 | neg_cos=0.214355 | ref_L2=0.000047 | ref_cos=0.987961 | ref_KL=0.010957
2025-10-01 20:21:28,812 - INFO - Task 4 Iter 500/1200 | lr=0.000315374 | acc=1.0000 | pos_cos=0.274753 | neg_cos=0.213723 | ref_L2=0.000047 | ref_cos=0.987950 | ref_KL=0.009400
2025-10-01 20:21:31,898 - INFO - Task 4 Iter 510/1200 | lr=0.000309036 | acc=1.0000 | pos_cos=0.274550 | neg_cos=0.213429 | ref_L2=0.000048 | ref_cos=0.987748 | ref_KL=0.010546
2025-10-01 20:21:36,287 - INFO - Task 4 Iter 520/1200 | lr=0.000302657 | acc=1.0000 | pos_cos=0.275780 | neg_cos=0.214682 | ref_L2=0.000047 | ref_cos=0.987957 | ref_KL=0.009040
2025-10-01 20:21:39,343 - INFO - Task 4 Iter 530/1200 | lr=0.000296243 | acc=1.0000 | pos_cos=0.274170 | neg_cos=0.213163 | ref_L2=0.000047 | ref_cos=0.987883 | ref_KL=0.011959
2025-10-01 20:21:42,426 - INFO - Task 4 Iter 540/1200 | lr=0.000289797 | acc=1.0000 | pos_cos=0.273757 | neg_cos=0.212528 | ref_L2=0.000048 | ref_cos=0.987830 | ref_KL=0.009699
2025-10-01 20:21:46,146 - INFO - Task 4 Iter 550/1200 | lr=0.000283324 | acc=1.0000 | pos_cos=0.274056 | neg_cos=0.213012 | ref_L2=0.000048 | ref_cos=0.987768 | ref_KL=0.008182
2025-10-01 20:21:49,221 - INFO - Task 4 Iter 560/1200 | lr=0.000276828 | acc=1.0000 | pos_cos=0.273752 | neg_cos=0.212831 | ref_L2=0.000047 | ref_cos=0.987919 | ref_KL=0.008482
2025-10-01 20:21:52,281 - INFO - Task 4 Iter 570/1200 | lr=0.000270313 | acc=1.0000 | pos_cos=0.274709 | neg_cos=0.213749 | ref_L2=0.000047 | ref_cos=0.987875 | ref_KL=0.009195
2025-10-01 20:21:56,655 - INFO - Task 4 Iter 580/1200 | lr=0.000263785 | acc=1.0000 | pos_cos=0.273873 | neg_cos=0.213025 | ref_L2=0.000047 | ref_cos=0.988033 | ref_KL=0.007474
2025-10-01 20:21:59,690 - INFO - Task 4 Iter 590/1200 | lr=0.000257247 | acc=1.0000 | pos_cos=0.273885 | neg_cos=0.213140 | ref_L2=0.000047 | ref_cos=0.987957 | ref_KL=0.007258
2025-10-01 20:22:02,741 - INFO - Task 4 Iter 600/1200 | lr=0.000250704 | acc=1.0000 | pos_cos=0.273550 | neg_cos=0.212789 | ref_L2=0.000046 | ref_cos=0.988217 | ref_KL=0.006665
2025-10-01 20:22:06,352 - INFO - Task 4 Iter 610/1200 | lr=0.000244161 | acc=1.0000 | pos_cos=0.273503 | neg_cos=0.212662 | ref_L2=0.000045 | ref_cos=0.988426 | ref_KL=0.005788
2025-10-01 20:22:09,398 - INFO - Task 4 Iter 620/1200 | lr=0.000237622 | acc=1.0000 | pos_cos=0.272515 | neg_cos=0.211794 | ref_L2=0.000045 | ref_cos=0.988413 | ref_KL=0.005512
2025-10-01 20:22:12,480 - INFO - Task 4 Iter 630/1200 | lr=0.000231092 | acc=1.0000 | pos_cos=0.274303 | neg_cos=0.213673 | ref_L2=0.000047 | ref_cos=0.987893 | ref_KL=0.006968
2025-10-01 20:22:15,534 - INFO - Task 4 Iter 640/1200 | lr=0.000224574 | acc=1.0000 | pos_cos=0.273045 | neg_cos=0.212404 | ref_L2=0.000046 | ref_cos=0.988279 | ref_KL=0.007392
2025-10-01 20:22:19,735 - INFO - Task 4 Iter 650/1200 | lr=0.000218074 | acc=1.0000 | pos_cos=0.273422 | neg_cos=0.212834 | ref_L2=0.000046 | ref_cos=0.988311 | ref_KL=0.005909
2025-10-01 20:22:22,797 - INFO - Task 4 Iter 660/1200 | lr=0.000211596 | acc=1.0000 | pos_cos=0.272464 | neg_cos=0.211817 | ref_L2=0.000045 | ref_cos=0.988496 | ref_KL=0.005654
2025-10-01 20:22:25,859 - INFO - Task 4 Iter 670/1200 | lr=0.000205144 | acc=1.0000 | pos_cos=0.272228 | neg_cos=0.211614 | ref_L2=0.000047 | ref_cos=0.988047 | ref_KL=0.006002
2025-10-01 20:22:29,521 - INFO - Task 4 Iter 680/1200 | lr=0.000198723 | acc=1.0000 | pos_cos=0.273277 | neg_cos=0.212625 | ref_L2=0.000046 | ref_cos=0.988101 | ref_KL=0.006266
2025-10-01 20:22:32,580 - INFO - Task 4 Iter 690/1200 | lr=0.000192337 | acc=1.0000 | pos_cos=0.273533 | neg_cos=0.212950 | ref_L2=0.000046 | ref_cos=0.988122 | ref_KL=0.004964
2025-10-01 20:22:35,653 - INFO - Task 4 Iter 700/1200 | lr=0.00018599 | acc=1.0000 | pos_cos=0.272210 | neg_cos=0.211698 | ref_L2=0.000046 | ref_cos=0.988311 | ref_KL=0.004982
2025-10-01 20:22:37,615 - INFO -   food101: 84.84%
2025-10-01 20:22:39,894 - INFO - Task 4 Iter 710/1200 | lr=0.000179688 | acc=1.0000 | pos_cos=0.271803 | neg_cos=0.211325 | ref_L2=0.000045 | ref_cos=0.988443 | ref_KL=0.004965
2025-10-01 20:22:42,989 - INFO - Task 4 Iter 720/1200 | lr=0.000173434 | acc=1.0000 | pos_cos=0.272412 | neg_cos=0.211924 | ref_L2=0.000045 | ref_cos=0.988518 | ref_KL=0.005687
2025-10-01 20:22:46,080 - INFO - Task 4 Iter 730/1200 | lr=0.000167232 | acc=1.0000 | pos_cos=0.271949 | neg_cos=0.211499 | ref_L2=0.000045 | ref_cos=0.988408 | ref_KL=0.005578
2025-10-01 20:22:49,851 - INFO - Task 4 Iter 740/1200 | lr=0.000161087 | acc=1.0000 | pos_cos=0.272772 | neg_cos=0.212282 | ref_L2=0.000045 | ref_cos=0.988407 | ref_KL=0.007860
2025-10-01 20:22:51,890 - INFO -   oxford_pets: 88.12%
2025-10-01 20:22:52,470 - INFO - Task 4 Iter 750/1200 | lr=0.000155003 | acc=1.0000 | pos_cos=0.272336 | neg_cos=0.211922 | ref_L2=0.000045 | ref_cos=0.988563 | ref_KL=0.006813
2025-10-01 20:22:54,553 - INFO - Task 4 Iter 760/1200 | lr=0.000148984 | acc=1.0000 | pos_cos=0.271689 | neg_cos=0.211284 | ref_L2=0.000045 | ref_cos=0.988559 | ref_KL=0.005330
2025-10-01 20:22:58,385 - INFO - Task 4 Iter 770/1200 | lr=0.000143035 | acc=1.0000 | pos_cos=0.271936 | neg_cos=0.211529 | ref_L2=0.000046 | ref_cos=0.988313 | ref_KL=0.004455
2025-10-01 20:23:01,441 - INFO - Task 4 Iter 780/1200 | lr=0.000137159 | acc=1.0000 | pos_cos=0.271991 | neg_cos=0.211622 | ref_L2=0.000044 | ref_cos=0.988666 | ref_KL=0.004200
2025-10-01 20:23:04,508 - INFO - Task 4 Iter 790/1200 | lr=0.00013136 | acc=1.0000 | pos_cos=0.271169 | neg_cos=0.210759 | ref_L2=0.000046 | ref_cos=0.988209 | ref_KL=0.004676
2025-10-01 20:23:07,498 - INFO - Task 4 Iter 800/1200 | lr=0.000125642 | acc=1.0000 | pos_cos=0.271823 | neg_cos=0.211479 | ref_L2=0.000045 | ref_cos=0.988437 | ref_KL=0.004484
2025-10-01 20:23:11,183 - INFO - Task 4 Iter 810/1200 | lr=0.00012001 | acc=1.0000 | pos_cos=0.272287 | neg_cos=0.212001 | ref_L2=0.000045 | ref_cos=0.988505 | ref_KL=0.004848
2025-10-01 20:23:14,308 - INFO - Task 4 Iter 820/1200 | lr=0.000114467 | acc=1.0000 | pos_cos=0.272516 | neg_cos=0.212249 | ref_L2=0.000045 | ref_cos=0.988512 | ref_KL=0.004615
2025-10-01 20:23:17,138 - INFO - Task 4 Iter 830/1200 | lr=0.000109017 | acc=1.0000 | pos_cos=0.271123 | neg_cos=0.210804 | ref_L2=0.000046 | ref_cos=0.988323 | ref_KL=0.004902
2025-10-01 20:23:20,818 - INFO - Task 4 Iter 840/1200 | lr=0.000103663 | acc=1.0000 | pos_cos=0.271170 | neg_cos=0.210953 | ref_L2=0.000044 | ref_cos=0.988712 | ref_KL=0.004116
2025-10-01 20:23:23,966 - INFO - Task 4 Iter 850/1200 | lr=9.84097e-05 | acc=1.0000 | pos_cos=0.271161 | neg_cos=0.210891 | ref_L2=0.000045 | ref_cos=0.988365 | ref_KL=0.004850
2025-10-01 20:23:25,134 - INFO -   stanford_cars: 59.59%
2025-10-01 20:23:25,134 - INFO - Average zeroshot accuracy after task 4: 76.42%
2025-10-01 20:23:25,134 - INFO - Starting task 5/8: oxford_flower102 (train=1020, test=6149, classes=102)
2025-10-01 20:23:26,231 - INFO - Task 4 Iter 860/1200 | lr=9.32604e-05 | acc=1.0000 | pos_cos=0.271707 | neg_cos=0.211394 | ref_L2=0.000045 | ref_cos=0.988423 | ref_KL=0.004618
2025-10-01 20:23:29,677 - INFO - Task 4 Iter 870/1200 | lr=8.82186e-05 | acc=1.0000 | pos_cos=0.271832 | neg_cos=0.211596 | ref_L2=0.000044 | ref_cos=0.988824 | ref_KL=0.005097
2025-10-01 20:23:29,860 - INFO - Task 4 Iter 10/1200 | lr=0.000499931 | acc=0.7533 | pos_cos=0.275788 | neg_cos=0.223282 | ref_L2=0.000032 | ref_cos=0.991916 | ref_KL=0.003346
2025-10-01 20:23:33,061 - INFO - Task 4 Iter 880/1200 | lr=8.32877e-05 | acc=1.0000 | pos_cos=0.271763 | neg_cos=0.211500 | ref_L2=0.000045 | ref_cos=0.988473 | ref_KL=0.004458
2025-10-01 20:23:33,226 - INFO - Task 4 Iter 20/1200 | lr=0.000499691 | acc=0.7011 | pos_cos=0.278256 | neg_cos=0.219269 | ref_L2=0.000035 | ref_cos=0.991147 | ref_KL=0.004101
2025-10-01 20:23:36,440 - INFO - Task 4 Iter 890/1200 | lr=7.8471e-05 | acc=1.0000 | pos_cos=0.271533 | neg_cos=0.211279 | ref_L2=0.000044 | ref_cos=0.988689 | ref_KL=0.004301
2025-10-01 20:23:36,641 - INFO - Task 4 Iter 30/1200 | lr=0.00049928 | acc=0.7183 | pos_cos=0.278761 | neg_cos=0.217395 | ref_L2=0.000035 | ref_cos=0.990919 | ref_KL=0.004297
2025-10-01 20:23:39,547 - INFO - Task 4 Iter 40/1200 | lr=0.000498698 | acc=0.7894 | pos_cos=0.278534 | neg_cos=0.214794 | ref_L2=0.000036 | ref_cos=0.990889 | ref_KL=0.004530
2025-10-01 20:23:40,714 - INFO - Task 4 Iter 900/1200 | lr=7.3772e-05 | acc=1.0000 | pos_cos=0.271069 | neg_cos=0.210791 | ref_L2=0.000044 | ref_cos=0.988723 | ref_KL=0.004018
2025-10-01 20:23:42,923 - INFO - Task 4 Iter 50/1200 | lr=0.000497946 | acc=0.8547 | pos_cos=0.283799 | neg_cos=0.215552 | ref_L2=0.000036 | ref_cos=0.990873 | ref_KL=0.005787
2025-10-01 20:23:44,116 - INFO - Task 4 Iter 910/1200 | lr=6.91937e-05 | acc=1.0000 | pos_cos=0.271672 | neg_cos=0.211438 | ref_L2=0.000045 | ref_cos=0.988557 | ref_KL=0.004530
2025-10-01 20:23:46,427 - INFO - Task 4 Iter 60/1200 | lr=0.000497024 | acc=0.8880 | pos_cos=0.285660 | neg_cos=0.217848 | ref_L2=0.000037 | ref_cos=0.990524 | ref_KL=0.005039
2025-10-01 20:23:47,576 - INFO - Task 4 Iter 920/1200 | lr=6.47394e-05 | acc=1.0000 | pos_cos=0.271506 | neg_cos=0.211324 | ref_L2=0.000044 | ref_cos=0.988640 | ref_KL=0.004579
2025-10-01 20:23:50,474 - INFO - Task 4 Iter 930/1200 | lr=6.04122e-05 | acc=1.0000 | pos_cos=0.271759 | neg_cos=0.211563 | ref_L2=0.000045 | ref_cos=0.988482 | ref_KL=0.003930
2025-10-01 20:23:50,846 - INFO - Task 4 Iter 70/1200 | lr=0.000495933 | acc=0.9312 | pos_cos=0.288509 | neg_cos=0.219125 | ref_L2=0.000036 | ref_cos=0.990898 | ref_KL=0.005671
2025-10-01 20:23:54,204 - INFO - Task 4 Iter 940/1200 | lr=5.62148e-05 | acc=1.0000 | pos_cos=0.271889 | neg_cos=0.211704 | ref_L2=0.000044 | ref_cos=0.988735 | ref_KL=0.003950
2025-10-01 20:23:54,599 - INFO - Task 4 Iter 80/1200 | lr=0.000494673 | acc=0.9628 | pos_cos=0.288211 | neg_cos=0.219852 | ref_L2=0.000038 | ref_cos=0.990193 | ref_KL=0.006228
2025-10-01 20:23:57,629 - INFO - Task 4 Iter 950/1200 | lr=5.21504e-05 | acc=1.0000 | pos_cos=0.271375 | neg_cos=0.211142 | ref_L2=0.000044 | ref_cos=0.988661 | ref_KL=0.003741
2025-10-01 20:23:58,141 - INFO - Task 4 Iter 90/1200 | lr=0.000493246 | acc=0.9757 | pos_cos=0.291102 | neg_cos=0.222450 | ref_L2=0.000037 | ref_cos=0.990648 | ref_KL=0.005435
2025-10-01 20:24:00,611 - INFO - Task 4 Iter 960/1200 | lr=4.82215e-05 | acc=1.0000 | pos_cos=0.271067 | neg_cos=0.210862 | ref_L2=0.000045 | ref_cos=0.988486 | ref_KL=0.003842
2025-10-01 20:24:01,604 - INFO - Task 4 Iter 100/1200 | lr=0.000491652 | acc=0.9915 | pos_cos=0.292739 | neg_cos=0.223475 | ref_L2=0.000038 | ref_cos=0.990295 | ref_KL=0.006873
2025-10-01 20:24:04,681 - INFO - Task 4 Iter 110/1200 | lr=0.000489892 | acc=0.9970 | pos_cos=0.291128 | neg_cos=0.223399 | ref_L2=0.000038 | ref_cos=0.990367 | ref_KL=0.005496
2025-10-01 20:24:05,453 - INFO - Task 4 Iter 970/1200 | lr=4.4431e-05 | acc=1.0000 | pos_cos=0.271490 | neg_cos=0.211367 | ref_L2=0.000045 | ref_cos=0.988458 | ref_KL=0.003941
2025-10-01 20:24:08,288 - INFO - Task 4 Iter 120/1200 | lr=0.000487968 | acc=0.9990 | pos_cos=0.289623 | neg_cos=0.222522 | ref_L2=0.000039 | ref_cos=0.990091 | ref_KL=0.007297
2025-10-01 20:24:08,819 - INFO - Task 4 Iter 980/1200 | lr=4.07814e-05 | acc=1.0000 | pos_cos=0.271787 | neg_cos=0.211633 | ref_L2=0.000045 | ref_cos=0.988456 | ref_KL=0.003721
2025-10-01 20:24:11,672 - INFO - Task 4 Iter 990/1200 | lr=3.72752e-05 | acc=1.0000 | pos_cos=0.271373 | neg_cos=0.211207 | ref_L2=0.000044 | ref_cos=0.988786 | ref_KL=0.004089
2025-10-01 20:24:13,075 - INFO - Task 4 Iter 130/1200 | lr=0.000485881 | acc=0.9980 | pos_cos=0.290880 | neg_cos=0.224051 | ref_L2=0.000039 | ref_cos=0.990076 | ref_KL=0.006141
2025-10-01 20:24:15,370 - INFO - Task 4 Iter 1000/1200 | lr=3.39149e-05 | acc=1.0000 | pos_cos=0.271921 | neg_cos=0.211719 | ref_L2=0.000044 | ref_cos=0.988806 | ref_KL=0.003878
2025-10-01 20:24:16,758 - INFO - Task 4 Iter 140/1200 | lr=0.000483632 | acc=0.9993 | pos_cos=0.289580 | neg_cos=0.223913 | ref_L2=0.000039 | ref_cos=0.989986 | ref_KL=0.007082
2025-10-01 20:24:18,715 - INFO - Task 4 Iter 1010/1200 | lr=3.07027e-05 | acc=1.0000 | pos_cos=0.271317 | neg_cos=0.211151 | ref_L2=0.000043 | ref_cos=0.989045 | ref_KL=0.004023
2025-10-01 20:24:20,311 - INFO - Task 4 Iter 150/1200 | lr=0.000481223 | acc=0.9998 | pos_cos=0.289433 | neg_cos=0.223022 | ref_L2=0.000040 | ref_cos=0.989659 | ref_KL=0.010550
2025-10-01 20:24:22,151 - INFO - Task 4 Iter 1020/1200 | lr=2.76408e-05 | acc=1.0000 | pos_cos=0.271456 | neg_cos=0.211289 | ref_L2=0.000044 | ref_cos=0.988769 | ref_KL=0.003607
2025-10-01 20:24:23,802 - INFO - Task 4 Iter 160/1200 | lr=0.000478656 | acc=0.9999 | pos_cos=0.290248 | neg_cos=0.224219 | ref_L2=0.000040 | ref_cos=0.989813 | ref_KL=0.008945
2025-10-01 20:24:26,848 - INFO - Task 4 Iter 1030/1200 | lr=2.47313e-05 | acc=1.0000 | pos_cos=0.271513 | neg_cos=0.211311 | ref_L2=0.000044 | ref_cos=0.988707 | ref_KL=0.003529
2025-10-01 20:24:27,440 - INFO - Task 4 Iter 170/1200 | lr=0.000475932 | acc=1.0000 | pos_cos=0.288950 | neg_cos=0.223705 | ref_L2=0.000039 | ref_cos=0.990017 | ref_KL=0.008217
2025-10-01 20:24:30,085 - INFO - Task 4 Iter 1040/1200 | lr=2.19763e-05 | acc=1.0000 | pos_cos=0.271350 | neg_cos=0.211199 | ref_L2=0.000044 | ref_cos=0.988716 | ref_KL=0.003274
2025-10-01 20:24:30,953 - INFO - Task 4 Iter 180/1200 | lr=0.000473053 | acc=1.0000 | pos_cos=0.288492 | neg_cos=0.223590 | ref_L2=0.000040 | ref_cos=0.989735 | ref_KL=0.008924
2025-10-01 20:24:33,507 - INFO - Task 4 Iter 1050/1200 | lr=1.93775e-05 | acc=1.0000 | pos_cos=0.271540 | neg_cos=0.211329 | ref_L2=0.000045 | ref_cos=0.988458 | ref_KL=0.003369
2025-10-01 20:24:34,646 - INFO - Task 4 Iter 190/1200 | lr=0.000470022 | acc=1.0000 | pos_cos=0.287471 | neg_cos=0.222525 | ref_L2=0.000039 | ref_cos=0.989944 | ref_KL=0.008275
2025-10-01 20:24:37,124 - INFO - Task 4 Iter 1060/1200 | lr=1.69369e-05 | acc=1.0000 | pos_cos=0.271046 | neg_cos=0.210870 | ref_L2=0.000044 | ref_cos=0.988857 | ref_KL=0.003900
2025-10-01 20:24:39,554 - INFO - Task 4 Iter 200/1200 | lr=0.000466839 | acc=1.0000 | pos_cos=0.286749 | neg_cos=0.222409 | ref_L2=0.000040 | ref_cos=0.989742 | ref_KL=0.011362
2025-10-01 20:24:40,412 - INFO - Task 4 Iter 1070/1200 | lr=1.4656e-05 | acc=1.0000 | pos_cos=0.271541 | neg_cos=0.211395 | ref_L2=0.000044 | ref_cos=0.988863 | ref_KL=0.003942
2025-10-01 20:24:42,985 - INFO - Task 4 Iter 210/1200 | lr=0.000463509 | acc=1.0000 | pos_cos=0.286028 | neg_cos=0.221740 | ref_L2=0.000040 | ref_cos=0.989675 | ref_KL=0.010002
2025-10-01 20:24:43,784 - INFO - Task 4 Iter 1080/1200 | lr=1.25364e-05 | acc=1.0000 | pos_cos=0.271162 | neg_cos=0.211004 | ref_L2=0.000045 | ref_cos=0.988485 | ref_KL=0.003794
2025-10-01 20:24:46,411 - INFO - Task 4 Iter 220/1200 | lr=0.000460031 | acc=1.0000 | pos_cos=0.284566 | neg_cos=0.220343 | ref_L2=0.000040 | ref_cos=0.989760 | ref_KL=0.010882
2025-10-01 20:24:48,523 - INFO - Task 4 Iter 1090/1200 | lr=1.05797e-05 | acc=1.0000 | pos_cos=0.271353 | neg_cos=0.211229 | ref_L2=0.000043 | ref_cos=0.988898 | ref_KL=0.003659
2025-10-01 20:24:50,048 - INFO - Task 4 Iter 230/1200 | lr=0.00045641 | acc=1.0000 | pos_cos=0.283951 | neg_cos=0.220092 | ref_L2=0.000040 | ref_cos=0.989761 | ref_KL=0.011692
2025-10-01 20:24:51,775 - INFO - Task 4 Iter 1100/1200 | lr=8.78703e-06 | acc=1.0000 | pos_cos=0.271451 | neg_cos=0.211305 | ref_L2=0.000043 | ref_cos=0.989023 | ref_KL=0.003356
2025-10-01 20:24:53,599 - INFO - Task 4 Iter 240/1200 | lr=0.000452648 | acc=1.0000 | pos_cos=0.284666 | neg_cos=0.220842 | ref_L2=0.000041 | ref_cos=0.989626 | ref_KL=0.011729
2025-10-01 20:24:55,105 - INFO - Task 4 Iter 1110/1200 | lr=7.15973e-06 | acc=1.0000 | pos_cos=0.271151 | neg_cos=0.211050 | ref_L2=0.000044 | ref_cos=0.988765 | ref_KL=0.003924
2025-10-01 20:24:57,049 - INFO - Task 4 Iter 250/1200 | lr=0.000448746 | acc=1.0000 | pos_cos=0.284338 | neg_cos=0.220779 | ref_L2=0.000041 | ref_cos=0.989580 | ref_KL=0.013214
2025-10-01 20:24:58,509 - INFO - Task 4 Iter 1120/1200 | lr=5.6989e-06 | acc=1.0000 | pos_cos=0.271334 | neg_cos=0.211178 | ref_L2=0.000043 | ref_cos=0.988899 | ref_KL=0.003473
2025-10-01 20:25:01,746 - INFO - Task 4 Iter 1130/1200 | lr=4.40553e-06 | acc=1.0000 | pos_cos=0.271667 | neg_cos=0.211497 | ref_L2=0.000045 | ref_cos=0.988558 | ref_KL=0.003467
2025-10-01 20:25:01,761 - INFO - Task 4 Iter 260/1200 | lr=0.000444709 | acc=1.0000 | pos_cos=0.284127 | neg_cos=0.220473 | ref_L2=0.000042 | ref_cos=0.989127 | ref_KL=0.016899
2025-10-01 20:25:05,081 - INFO - Task 4 Iter 1140/1200 | lr=3.28051e-06 | acc=1.0000 | pos_cos=0.271107 | neg_cos=0.210935 | ref_L2=0.000045 | ref_cos=0.988501 | ref_KL=0.003578
2025-10-01 20:25:05,265 - INFO - Task 4 Iter 270/1200 | lr=0.000440538 | acc=1.0000 | pos_cos=0.281633 | neg_cos=0.218213 | ref_L2=0.000040 | ref_cos=0.989669 | ref_KL=0.012106
2025-10-01 20:25:08,367 - INFO - Task 4 Iter 1150/1200 | lr=2.32462e-06 | acc=1.0000 | pos_cos=0.271272 | neg_cos=0.211159 | ref_L2=0.000044 | ref_cos=0.988766 | ref_KL=0.003800
2025-10-01 20:25:08,894 - INFO - Task 4 Iter 280/1200 | lr=0.000436236 | acc=1.0000 | pos_cos=0.280063 | neg_cos=0.216620 | ref_L2=0.000041 | ref_cos=0.989471 | ref_KL=0.012182
2025-10-01 20:25:11,735 - INFO - Task 4 Iter 290/1200 | lr=0.000431807 | acc=1.0000 | pos_cos=0.279674 | neg_cos=0.216284 | ref_L2=0.000043 | ref_cos=0.989115 | ref_KL=0.012415
2025-10-01 20:25:12,584 - INFO - Task 4 Iter 1160/1200 | lr=1.5385e-06 | acc=1.0000 | pos_cos=0.271888 | neg_cos=0.211773 | ref_L2=0.000043 | ref_cos=0.988997 | ref_KL=0.003704
2025-10-01 20:25:15,190 - INFO - Task 4 Iter 300/1200 | lr=0.000427253 | acc=1.0000 | pos_cos=0.280509 | neg_cos=0.217579 | ref_L2=0.000042 | ref_cos=0.989343 | ref_KL=0.015643
2025-10-01 20:25:16,019 - INFO - Task 4 Iter 1170/1200 | lr=9.22707e-07 | acc=1.0000 | pos_cos=0.271263 | neg_cos=0.211105 | ref_L2=0.000045 | ref_cos=0.988483 | ref_KL=0.003641
2025-10-01 20:25:18,805 - INFO - Task 4 Iter 310/1200 | lr=0.000422578 | acc=1.0000 | pos_cos=0.279158 | neg_cos=0.216170 | ref_L2=0.000043 | ref_cos=0.989116 | ref_KL=0.011985
2025-10-01 20:25:19,541 - INFO - Task 4 Iter 1180/1200 | lr=4.7765e-07 | acc=1.0000 | pos_cos=0.270798 | neg_cos=0.210632 | ref_L2=0.000044 | ref_cos=0.988626 | ref_KL=0.003463
2025-10-01 20:25:21,596 - INFO - Task 4 Iter 320/1200 | lr=0.000417785 | acc=1.0000 | pos_cos=0.278877 | neg_cos=0.216163 | ref_L2=0.000043 | ref_cos=0.989111 | ref_KL=0.014631
2025-10-01 20:25:22,854 - INFO - Task 4 Iter 1190/1200 | lr=2.03637e-07 | acc=1.0000 | pos_cos=0.271069 | neg_cos=0.210883 | ref_L2=0.000044 | ref_cos=0.988749 | ref_KL=0.004219
2025-10-01 20:25:26,164 - INFO - Task 4 Iter 1200/1200 | lr=1.00857e-07 | acc=1.0000 | pos_cos=0.271742 | neg_cos=0.211608 | ref_L2=0.000044 | ref_cos=0.988796 | ref_KL=0.003779
2025-10-01 20:25:26,256 - INFO - Task 4 Iter 330/1200 | lr=0.000412877 | acc=1.0000 | pos_cos=0.279358 | neg_cos=0.216417 | ref_L2=0.000042 | ref_cos=0.989253 | ref_KL=0.014264
2025-10-01 20:25:26,317 - INFO - Task 4 finished | total: 394.09 s | train: 393.93 s | drift: 0.00 s
2025-10-01 20:25:28,691 - INFO - Task 4 Iter 340/1200 | lr=0.000407857 | acc=1.0000 | pos_cos=0.278530 | neg_cos=0.215781 | ref_L2=0.000041 | ref_cos=0.989488 | ref_KL=0.015765
2025-10-01 20:25:31,827 - INFO - Task 4 Iter 350/1200 | lr=0.000402729 | acc=1.0000 | pos_cos=0.277501 | neg_cos=0.214859 | ref_L2=0.000041 | ref_cos=0.989459 | ref_KL=0.011928
2025-10-01 20:25:35,848 - INFO - Task 4 Iter 360/1200 | lr=0.000397496 | acc=1.0000 | pos_cos=0.277734 | neg_cos=0.215194 | ref_L2=0.000042 | ref_cos=0.989245 | ref_KL=0.013367
2025-10-01 20:25:36,462 - INFO - Evaluating zeroshot performance after task 5
2025-10-01 20:25:38,212 - INFO - Task 4 Iter 370/1200 | lr=0.000392162 | acc=1.0000 | pos_cos=0.277579 | neg_cos=0.215210 | ref_L2=0.000043 | ref_cos=0.988912 | ref_KL=0.013643
2025-10-01 20:25:40,589 - INFO - Task 4 Iter 380/1200 | lr=0.000386731 | acc=1.0000 | pos_cos=0.277109 | neg_cos=0.214758 | ref_L2=0.000043 | ref_cos=0.989044 | ref_KL=0.011495
2025-10-01 20:25:44,564 - INFO - Task 4 Iter 390/1200 | lr=0.000381206 | acc=1.0000 | pos_cos=0.277230 | neg_cos=0.215134 | ref_L2=0.000042 | ref_cos=0.989170 | ref_KL=0.009899
2025-10-01 20:25:47,271 - INFO - Task 4 Iter 400/1200 | lr=0.000375591 | acc=1.0000 | pos_cos=0.276754 | neg_cos=0.214681 | ref_L2=0.000043 | ref_cos=0.989040 | ref_KL=0.012463
2025-10-01 20:25:50,031 - INFO - Task 4 Iter 410/1200 | lr=0.00036989 | acc=1.0000 | pos_cos=0.277106 | neg_cos=0.215013 | ref_L2=0.000043 | ref_cos=0.989020 | ref_KL=0.011679
2025-10-01 20:25:53,286 - INFO - Task 4 Iter 420/1200 | lr=0.000364108 | acc=1.0000 | pos_cos=0.277912 | neg_cos=0.215841 | ref_L2=0.000042 | ref_cos=0.989256 | ref_KL=0.008251
2025-10-01 20:25:56,016 - INFO - Task 4 Iter 430/1200 | lr=0.000358247 | acc=1.0000 | pos_cos=0.275584 | neg_cos=0.213590 | ref_L2=0.000041 | ref_cos=0.989612 | ref_KL=0.007526
2025-10-01 20:25:56,099 - INFO -   fgvc_aircraft: 50.32%
2025-10-01 20:25:58,643 - INFO - Task 4 Iter 440/1200 | lr=0.000352311 | acc=1.0000 | pos_cos=0.275729 | neg_cos=0.213936 | ref_L2=0.000041 | ref_cos=0.989622 | ref_KL=0.007980
2025-10-01 20:26:04,045 - INFO - Task 4 Iter 450/1200 | lr=0.000346306 | acc=1.0000 | pos_cos=0.276379 | neg_cos=0.214501 | ref_L2=0.000040 | ref_cos=0.989685 | ref_KL=0.008458
2025-10-01 20:26:07,655 - INFO - Task 4 Iter 460/1200 | lr=0.000340235 | acc=1.0000 | pos_cos=0.274886 | neg_cos=0.213146 | ref_L2=0.000041 | ref_cos=0.989540 | ref_KL=0.007218
2025-10-01 20:26:11,202 - INFO - Task 4 Iter 470/1200 | lr=0.000334102 | acc=1.0000 | pos_cos=0.273219 | neg_cos=0.211449 | ref_L2=0.000039 | ref_cos=0.989902 | ref_KL=0.007731
2025-10-01 20:26:14,782 - INFO - Task 4 Iter 480/1200 | lr=0.000327911 | acc=1.0000 | pos_cos=0.273456 | neg_cos=0.211913 | ref_L2=0.000040 | ref_cos=0.989784 | ref_KL=0.007785
2025-10-01 20:26:17,772 - INFO -   caltech-101: 93.26%
2025-10-01 20:26:18,680 - INFO - Task 4 Iter 490/1200 | lr=0.000321667 | acc=1.0000 | pos_cos=0.272918 | neg_cos=0.211473 | ref_L2=0.000040 | ref_cos=0.989686 | ref_KL=0.009610
2025-10-01 20:26:22,234 - INFO - Task 4 Iter 500/1200 | lr=0.000315374 | acc=1.0000 | pos_cos=0.272939 | neg_cos=0.211492 | ref_L2=0.000039 | ref_cos=0.989900 | ref_KL=0.007445
2025-10-01 20:26:25,561 - INFO - Task 4 Iter 510/1200 | lr=0.000309036 | acc=1.0000 | pos_cos=0.273146 | neg_cos=0.211678 | ref_L2=0.000040 | ref_cos=0.989666 | ref_KL=0.007249
2025-10-01 20:26:25,562 - INFO -   dtd: 72.29%
2025-10-01 20:26:30,056 - INFO - Task 4 Iter 520/1200 | lr=0.000302657 | acc=1.0000 | pos_cos=0.274118 | neg_cos=0.212770 | ref_L2=0.000040 | ref_cos=0.989704 | ref_KL=0.006524
2025-10-01 20:26:33,556 - INFO - Task 4 Iter 530/1200 | lr=0.000296243 | acc=1.0000 | pos_cos=0.272824 | neg_cos=0.211293 | ref_L2=0.000040 | ref_cos=0.989716 | ref_KL=0.007744
2025-10-01 20:26:37,051 - INFO - Task 4 Iter 540/1200 | lr=0.000289797 | acc=1.0000 | pos_cos=0.272126 | neg_cos=0.210584 | ref_L2=0.000040 | ref_cos=0.989829 | ref_KL=0.007772
2025-10-01 20:26:41,318 - INFO - Task 4 Iter 550/1200 | lr=0.000283324 | acc=1.0000 | pos_cos=0.272918 | neg_cos=0.211503 | ref_L2=0.000040 | ref_cos=0.989860 | ref_KL=0.006619
2025-10-01 20:26:42,669 - INFO -   eurosat: 97.60%
2025-10-01 20:26:43,940 - INFO - Task 4 Iter 560/1200 | lr=0.000276828 | acc=1.0000 | pos_cos=0.272299 | neg_cos=0.211073 | ref_L2=0.000039 | ref_cos=0.989997 | ref_KL=0.006206
2025-10-01 20:26:47,174 - INFO - Task 4 Iter 570/1200 | lr=0.000270313 | acc=1.0000 | pos_cos=0.272907 | neg_cos=0.211614 | ref_L2=0.000039 | ref_cos=0.990010 | ref_KL=0.006899
2025-10-01 20:26:52,141 - INFO - Task 4 Iter 580/1200 | lr=0.000263785 | acc=1.0000 | pos_cos=0.271605 | neg_cos=0.210334 | ref_L2=0.000039 | ref_cos=0.990114 | ref_KL=0.006065
2025-10-01 20:26:55,732 - INFO - Task 4 Iter 590/1200 | lr=0.000257247 | acc=1.0000 | pos_cos=0.270994 | neg_cos=0.209894 | ref_L2=0.000039 | ref_cos=0.989973 | ref_KL=0.005974
2025-10-01 20:26:59,305 - INFO - Task 4 Iter 600/1200 | lr=0.000250704 | acc=1.0000 | pos_cos=0.271887 | neg_cos=0.210809 | ref_L2=0.000038 | ref_cos=0.990201 | ref_KL=0.005655
2025-10-01 20:27:03,562 - INFO - Task 4 Iter 610/1200 | lr=0.000244161 | acc=1.0000 | pos_cos=0.271381 | neg_cos=0.210203 | ref_L2=0.000038 | ref_cos=0.990236 | ref_KL=0.004983
2025-10-01 20:27:05,170 - INFO -   oxford_flower102: 93.51%
2025-10-01 20:27:06,375 - INFO - Task 4 Iter 620/1200 | lr=0.000237622 | acc=1.0000 | pos_cos=0.270975 | neg_cos=0.209861 | ref_L2=0.000038 | ref_cos=0.990214 | ref_KL=0.004595
2025-10-01 20:27:09,757 - INFO - Task 4 Iter 630/1200 | lr=0.000231092 | acc=1.0000 | pos_cos=0.271452 | neg_cos=0.210405 | ref_L2=0.000040 | ref_cos=0.989666 | ref_KL=0.005676
2025-10-01 20:27:13,314 - INFO - Task 4 Iter 640/1200 | lr=0.000224574 | acc=1.0000 | pos_cos=0.270672 | neg_cos=0.209672 | ref_L2=0.000038 | ref_cos=0.990159 | ref_KL=0.005776
2025-10-01 20:27:18,220 - INFO - Task 4 Iter 650/1200 | lr=0.000218074 | acc=1.0000 | pos_cos=0.271444 | neg_cos=0.210457 | ref_L2=0.000038 | ref_cos=0.990191 | ref_KL=0.004765
2025-10-01 20:27:21,860 - INFO - Task 4 Iter 660/1200 | lr=0.000211596 | acc=1.0000 | pos_cos=0.270317 | neg_cos=0.209339 | ref_L2=0.000038 | ref_cos=0.990378 | ref_KL=0.004461
2025-10-01 20:27:25,462 - INFO - Task 4 Iter 670/1200 | lr=0.000205144 | acc=1.0000 | pos_cos=0.271212 | neg_cos=0.210150 | ref_L2=0.000039 | ref_cos=0.989992 | ref_KL=0.005264
2025-10-01 20:27:29,756 - INFO - Task 4 Iter 680/1200 | lr=0.000198723 | acc=1.0000 | pos_cos=0.271048 | neg_cos=0.210117 | ref_L2=0.000040 | ref_cos=0.989754 | ref_KL=0.005084
2025-10-01 20:27:33,396 - INFO - Task 4 Iter 690/1200 | lr=0.000192337 | acc=1.0000 | pos_cos=0.270973 | neg_cos=0.210129 | ref_L2=0.000039 | ref_cos=0.989971 | ref_KL=0.004250
2025-10-01 20:27:37,000 - INFO - Task 4 Iter 700/1200 | lr=0.00018599 | acc=1.0000 | pos_cos=0.269556 | neg_cos=0.208728 | ref_L2=0.000038 | ref_cos=0.990166 | ref_KL=0.004561
2025-10-01 20:27:41,917 - INFO - Task 4 Iter 710/1200 | lr=0.000179688 | acc=1.0000 | pos_cos=0.269908 | neg_cos=0.209107 | ref_L2=0.000038 | ref_cos=0.990320 | ref_KL=0.004805
2025-10-01 20:27:45,537 - INFO - Task 4 Iter 720/1200 | lr=0.000173434 | acc=1.0000 | pos_cos=0.270260 | neg_cos=0.209465 | ref_L2=0.000037 | ref_cos=0.990518 | ref_KL=0.004430
2025-10-01 20:27:49,139 - INFO - Task 4 Iter 730/1200 | lr=0.000167232 | acc=1.0000 | pos_cos=0.269925 | neg_cos=0.209148 | ref_L2=0.000038 | ref_cos=0.990257 | ref_KL=0.004744
2025-10-01 20:27:53,402 - INFO - Task 4 Iter 740/1200 | lr=0.000161087 | acc=1.0000 | pos_cos=0.270394 | neg_cos=0.209500 | ref_L2=0.000038 | ref_cos=0.990291 | ref_KL=0.006481
2025-10-01 20:27:57,010 - INFO - Task 4 Iter 750/1200 | lr=0.000155003 | acc=1.0000 | pos_cos=0.269988 | neg_cos=0.209260 | ref_L2=0.000037 | ref_cos=0.990463 | ref_KL=0.006415
2025-10-01 20:28:00,602 - INFO - Task 4 Iter 760/1200 | lr=0.000148984 | acc=1.0000 | pos_cos=0.269423 | neg_cos=0.208631 | ref_L2=0.000038 | ref_cos=0.990200 | ref_KL=0.005066
2025-10-01 20:28:05,512 - INFO - Task 4 Iter 770/1200 | lr=0.000143035 | acc=1.0000 | pos_cos=0.269568 | neg_cos=0.208769 | ref_L2=0.000038 | ref_cos=0.990255 | ref_KL=0.003912
2025-10-01 20:28:09,022 - INFO - Task 4 Iter 780/1200 | lr=0.000137159 | acc=1.0000 | pos_cos=0.269420 | neg_cos=0.208709 | ref_L2=0.000037 | ref_cos=0.990605 | ref_KL=0.003648
2025-10-01 20:28:12,595 - INFO - Task 4 Iter 790/1200 | lr=0.00013136 | acc=1.0000 | pos_cos=0.268797 | neg_cos=0.208089 | ref_L2=0.000039 | ref_cos=0.990015 | ref_KL=0.003747
2025-10-01 20:28:16,147 - INFO - Task 4 Iter 800/1200 | lr=0.000125642 | acc=1.0000 | pos_cos=0.268801 | neg_cos=0.208127 | ref_L2=0.000038 | ref_cos=0.990389 | ref_KL=0.003767
2025-10-01 20:28:20,351 - INFO - Task 4 Iter 810/1200 | lr=0.00012001 | acc=1.0000 | pos_cos=0.270203 | neg_cos=0.209580 | ref_L2=0.000038 | ref_cos=0.990351 | ref_KL=0.004119
2025-10-01 20:28:23,943 - INFO - Task 4 Iter 820/1200 | lr=0.000114467 | acc=1.0000 | pos_cos=0.269934 | neg_cos=0.209315 | ref_L2=0.000037 | ref_cos=0.990448 | ref_KL=0.003639
2025-10-01 20:28:27,492 - INFO - Task 4 Iter 830/1200 | lr=0.000109017 | acc=1.0000 | pos_cos=0.269030 | neg_cos=0.208389 | ref_L2=0.000038 | ref_cos=0.990293 | ref_KL=0.003759
2025-10-01 20:28:32,391 - INFO - Task 4 Iter 840/1200 | lr=0.000103663 | acc=1.0000 | pos_cos=0.268786 | neg_cos=0.208236 | ref_L2=0.000037 | ref_cos=0.990585 | ref_KL=0.003287
2025-10-01 20:28:33,406 - INFO -   food101: 81.85%
2025-10-01 20:28:34,916 - INFO - Task 4 Iter 850/1200 | lr=9.84097e-05 | acc=1.0000 | pos_cos=0.269289 | neg_cos=0.208724 | ref_L2=0.000037 | ref_cos=0.990448 | ref_KL=0.003497
2025-10-01 20:28:38,415 - INFO - Task 4 Iter 860/1200 | lr=9.32604e-05 | acc=1.0000 | pos_cos=0.269401 | neg_cos=0.208792 | ref_L2=0.000038 | ref_cos=0.990383 | ref_KL=0.003570
2025-10-01 20:28:42,631 - INFO - Task 4 Iter 870/1200 | lr=8.82186e-05 | acc=1.0000 | pos_cos=0.269822 | neg_cos=0.209278 | ref_L2=0.000037 | ref_cos=0.990629 | ref_KL=0.004092
2025-10-01 20:28:46,103 - INFO - Task 4 Iter 880/1200 | lr=8.32877e-05 | acc=1.0000 | pos_cos=0.269574 | neg_cos=0.208905 | ref_L2=0.000037 | ref_cos=0.990428 | ref_KL=0.004021
2025-10-01 20:28:47,538 - INFO -   oxford_pets: 87.00%
2025-10-01 20:28:49,075 - INFO - Task 4 Iter 890/1200 | lr=7.8471e-05 | acc=1.0000 | pos_cos=0.269328 | neg_cos=0.208708 | ref_L2=0.000037 | ref_cos=0.990654 | ref_KL=0.003815
2025-10-01 20:28:53,022 - INFO - Task 4 Iter 900/1200 | lr=7.3772e-05 | acc=1.0000 | pos_cos=0.268862 | neg_cos=0.208214 | ref_L2=0.000036 | ref_cos=0.990687 | ref_KL=0.003474
2025-10-01 20:28:56,568 - INFO - Task 4 Iter 910/1200 | lr=6.91937e-05 | acc=1.0000 | pos_cos=0.269295 | neg_cos=0.208756 | ref_L2=0.000038 | ref_cos=0.990373 | ref_KL=0.004901
2025-10-01 20:29:00,067 - INFO - Task 4 Iter 920/1200 | lr=6.47394e-05 | acc=1.0000 | pos_cos=0.269280 | neg_cos=0.208753 | ref_L2=0.000037 | ref_cos=0.990418 | ref_KL=0.004199
2025-10-01 20:29:04,023 - INFO - Task 4 Iter 930/1200 | lr=6.04122e-05 | acc=1.0000 | pos_cos=0.269910 | neg_cos=0.209374 | ref_L2=0.000038 | ref_cos=0.990294 | ref_KL=0.003609
2025-10-01 20:29:07,304 - INFO - Task 4 Iter 940/1200 | lr=5.62148e-05 | acc=1.0000 | pos_cos=0.270093 | neg_cos=0.209573 | ref_L2=0.000037 | ref_cos=0.990542 | ref_KL=0.003828
2025-10-01 20:29:10,504 - INFO - Task 4 Iter 950/1200 | lr=5.21504e-05 | acc=1.0000 | pos_cos=0.269019 | neg_cos=0.208496 | ref_L2=0.000037 | ref_cos=0.990573 | ref_KL=0.003528
2025-10-01 20:29:13,457 - INFO - Task 4 Iter 960/1200 | lr=4.82215e-05 | acc=1.0000 | pos_cos=0.269018 | neg_cos=0.208497 | ref_L2=0.000037 | ref_cos=0.990635 | ref_KL=0.003195
2025-10-01 20:29:17,762 - INFO - Task 4 Iter 970/1200 | lr=4.4431e-05 | acc=1.0000 | pos_cos=0.269230 | neg_cos=0.208736 | ref_L2=0.000037 | ref_cos=0.990457 | ref_KL=0.003952
2025-10-01 20:29:20,565 - INFO -   stanford_cars: 56.96%
2025-10-01 20:29:20,566 - INFO - Average zeroshot accuracy after task 5: 79.10%
2025-10-01 20:29:20,566 - INFO - Starting task 6/8: food101 (train=75750, test=25250, classes=101)
2025-10-01 20:29:20,819 - INFO - Task 4 Iter 980/1200 | lr=4.07814e-05 | acc=1.0000 | pos_cos=0.269438 | neg_cos=0.208951 | ref_L2=0.000037 | ref_cos=0.990407 | ref_KL=0.003438
2025-10-01 20:29:23,037 - INFO - Task 4 Iter 990/1200 | lr=3.72752e-05 | acc=1.0000 | pos_cos=0.269452 | neg_cos=0.208935 | ref_L2=0.000036 | ref_cos=0.990660 | ref_KL=0.003553
2025-10-01 20:29:25,428 - INFO - Task 5 Iter 10/1200 | lr=0.000499931 | acc=0.8715 | pos_cos=0.281483 | neg_cos=0.217088 | ref_L2=0.000045 | ref_cos=0.988474 | ref_KL=0.004121
2025-10-01 20:29:27,244 - INFO - Task 4 Iter 1000/1200 | lr=3.39149e-05 | acc=1.0000 | pos_cos=0.269926 | neg_cos=0.209464 | ref_L2=0.000037 | ref_cos=0.990570 | ref_KL=0.003657
2025-10-01 20:29:28,742 - INFO - Task 5 Iter 20/1200 | lr=0.000499691 | acc=0.8675 | pos_cos=0.285284 | neg_cos=0.221183 | ref_L2=0.000048 | ref_cos=0.987682 | ref_KL=0.004766
2025-10-01 20:29:30,621 - INFO - Task 4 Iter 1010/1200 | lr=3.07027e-05 | acc=1.0000 | pos_cos=0.269147 | neg_cos=0.208632 | ref_L2=0.000035 | ref_cos=0.990964 | ref_KL=0.003423
2025-10-01 20:29:32,151 - INFO - Task 5 Iter 30/1200 | lr=0.00049928 | acc=0.8379 | pos_cos=0.287203 | neg_cos=0.222115 | ref_L2=0.000048 | ref_cos=0.987585 | ref_KL=0.005667
2025-10-01 20:29:34,019 - INFO - Task 4 Iter 1020/1200 | lr=2.76408e-05 | acc=1.0000 | pos_cos=0.268938 | neg_cos=0.208491 | ref_L2=0.000036 | ref_cos=0.990826 | ref_KL=0.003014
2025-10-01 20:29:35,480 - INFO - Task 5 Iter 40/1200 | lr=0.000498698 | acc=0.8259 | pos_cos=0.288012 | neg_cos=0.225382 | ref_L2=0.000049 | ref_cos=0.987403 | ref_KL=0.005666
2025-10-01 20:29:37,470 - INFO - Task 5 Iter 50/1200 | lr=0.000497946 | acc=0.8142 | pos_cos=0.287169 | neg_cos=0.225457 | ref_L2=0.000051 | ref_cos=0.986989 | ref_KL=0.005816
2025-10-01 20:29:39,025 - INFO - Task 4 Iter 1030/1200 | lr=2.47313e-05 | acc=1.0000 | pos_cos=0.269407 | neg_cos=0.208872 | ref_L2=0.000036 | ref_cos=0.990692 | ref_KL=0.003256
2025-10-01 20:29:40,855 - INFO - Task 5 Iter 60/1200 | lr=0.000497024 | acc=0.8337 | pos_cos=0.286675 | neg_cos=0.223994 | ref_L2=0.000051 | ref_cos=0.986838 | ref_KL=0.006128
2025-10-01 20:29:42,271 - INFO - Task 4 Iter 1040/1200 | lr=2.19763e-05 | acc=1.0000 | pos_cos=0.268576 | neg_cos=0.208129 | ref_L2=0.000036 | ref_cos=0.990774 | ref_KL=0.002840
2025-10-01 20:29:45,089 - INFO - Task 5 Iter 70/1200 | lr=0.000495933 | acc=0.8372 | pos_cos=0.286898 | neg_cos=0.224114 | ref_L2=0.000051 | ref_cos=0.986962 | ref_KL=0.005323
2025-10-01 20:29:45,474 - INFO - Task 4 Iter 1050/1200 | lr=1.93775e-05 | acc=1.0000 | pos_cos=0.269414 | neg_cos=0.208946 | ref_L2=0.000038 | ref_cos=0.990372 | ref_KL=0.002700
2025-10-01 20:29:48,190 - INFO - Task 5 Iter 80/1200 | lr=0.000494673 | acc=0.8352 | pos_cos=0.287464 | neg_cos=0.224636 | ref_L2=0.000050 | ref_cos=0.987234 | ref_KL=0.005704
2025-10-01 20:29:49,789 - INFO - Task 4 Iter 1060/1200 | lr=1.69369e-05 | acc=1.0000 | pos_cos=0.269053 | neg_cos=0.208535 | ref_L2=0.000036 | ref_cos=0.990760 | ref_KL=0.003408
2025-10-01 20:29:51,297 - INFO - Task 5 Iter 90/1200 | lr=0.000493246 | acc=0.8311 | pos_cos=0.285707 | neg_cos=0.223428 | ref_L2=0.000050 | ref_cos=0.987145 | ref_KL=0.006326
2025-10-01 20:29:53,166 - INFO - Task 4 Iter 1070/1200 | lr=1.4656e-05 | acc=1.0000 | pos_cos=0.269490 | neg_cos=0.209023 | ref_L2=0.000037 | ref_cos=0.990571 | ref_KL=0.003249
2025-10-01 20:29:54,604 - INFO - Task 5 Iter 100/1200 | lr=0.000491652 | acc=0.8517 | pos_cos=0.285833 | neg_cos=0.223898 | ref_L2=0.000051 | ref_cos=0.986939 | ref_KL=0.006132
2025-10-01 20:29:56,805 - INFO - Task 4 Iter 1080/1200 | lr=1.25364e-05 | acc=1.0000 | pos_cos=0.269052 | neg_cos=0.208577 | ref_L2=0.000037 | ref_cos=0.990419 | ref_KL=0.003223
2025-10-01 20:29:58,298 - INFO - Task 5 Iter 110/1200 | lr=0.000489892 | acc=0.8566 | pos_cos=0.284790 | neg_cos=0.223418 | ref_L2=0.000052 | ref_cos=0.986745 | ref_KL=0.006242
2025-10-01 20:30:00,832 - INFO - Task 5 Iter 120/1200 | lr=0.000487968 | acc=0.8301 | pos_cos=0.283990 | neg_cos=0.222504 | ref_L2=0.000052 | ref_cos=0.986644 | ref_KL=0.006588
2025-10-01 20:30:01,943 - INFO - Task 4 Iter 1090/1200 | lr=1.05797e-05 | acc=1.0000 | pos_cos=0.269036 | neg_cos=0.208569 | ref_L2=0.000036 | ref_cos=0.990759 | ref_KL=0.003078
2025-10-01 20:30:04,449 - INFO - Task 5 Iter 130/1200 | lr=0.000485881 | acc=0.8507 | pos_cos=0.283840 | neg_cos=0.222400 | ref_L2=0.000052 | ref_cos=0.986614 | ref_KL=0.006034
2025-10-01 20:30:04,811 - INFO - Task 4 Iter 1100/1200 | lr=8.78703e-06 | acc=1.0000 | pos_cos=0.269324 | neg_cos=0.208801 | ref_L2=0.000036 | ref_cos=0.990769 | ref_KL=0.002816
2025-10-01 20:30:08,164 - INFO - Task 5 Iter 140/1200 | lr=0.000483632 | acc=0.8460 | pos_cos=0.285463 | neg_cos=0.223099 | ref_L2=0.000052 | ref_cos=0.986771 | ref_KL=0.005750
2025-10-01 20:30:08,558 - INFO - Task 4 Iter 1110/1200 | lr=7.15973e-06 | acc=1.0000 | pos_cos=0.269151 | neg_cos=0.208744 | ref_L2=0.000036 | ref_cos=0.990696 | ref_KL=0.003232
2025-10-01 20:30:11,760 - INFO - Task 5 Iter 150/1200 | lr=0.000481223 | acc=0.8396 | pos_cos=0.284519 | neg_cos=0.223239 | ref_L2=0.000052 | ref_cos=0.986581 | ref_KL=0.006270
2025-10-01 20:30:12,188 - INFO - Task 4 Iter 1120/1200 | lr=5.6989e-06 | acc=1.0000 | pos_cos=0.268724 | neg_cos=0.208278 | ref_L2=0.000036 | ref_cos=0.990858 | ref_KL=0.002967
2025-10-01 20:30:14,395 - INFO - Task 5 Iter 160/1200 | lr=0.000478656 | acc=0.8580 | pos_cos=0.283646 | neg_cos=0.222620 | ref_L2=0.000050 | ref_cos=0.987153 | ref_KL=0.006202
2025-10-01 20:30:16,240 - INFO - Task 4 Iter 1130/1200 | lr=4.40553e-06 | acc=1.0000 | pos_cos=0.269797 | neg_cos=0.209308 | ref_L2=0.000037 | ref_cos=0.990493 | ref_KL=0.002966
2025-10-01 20:30:17,750 - INFO - Task 5 Iter 170/1200 | lr=0.000475932 | acc=0.8926 | pos_cos=0.283949 | neg_cos=0.221912 | ref_L2=0.000052 | ref_cos=0.986685 | ref_KL=0.006430
2025-10-01 20:30:19,565 - INFO - Task 4 Iter 1140/1200 | lr=3.28051e-06 | acc=1.0000 | pos_cos=0.268961 | neg_cos=0.208482 | ref_L2=0.000037 | ref_cos=0.990490 | ref_KL=0.002787
2025-10-01 20:30:21,075 - INFO - Task 5 Iter 180/1200 | lr=0.000473053 | acc=0.8576 | pos_cos=0.283522 | neg_cos=0.222214 | ref_L2=0.000055 | ref_cos=0.985967 | ref_KL=0.006974
2025-10-01 20:30:22,907 - INFO - Task 4 Iter 1150/1200 | lr=2.32462e-06 | acc=1.0000 | pos_cos=0.268905 | neg_cos=0.208457 | ref_L2=0.000036 | ref_cos=0.990737 | ref_KL=0.003960
2025-10-01 20:30:23,996 - INFO - Task 5 Iter 190/1200 | lr=0.000470022 | acc=0.8569 | pos_cos=0.281999 | neg_cos=0.222412 | ref_L2=0.000053 | ref_cos=0.986544 | ref_KL=0.007155
2025-10-01 20:30:27,565 - INFO - Task 5 Iter 200/1200 | lr=0.000466839 | acc=0.8505 | pos_cos=0.282920 | neg_cos=0.221271 | ref_L2=0.000052 | ref_cos=0.986699 | ref_KL=0.006374
2025-10-01 20:30:27,745 - INFO - Task 4 Iter 1160/1200 | lr=1.5385e-06 | acc=1.0000 | pos_cos=0.269470 | neg_cos=0.208978 | ref_L2=0.000036 | ref_cos=0.990868 | ref_KL=0.003358
2025-10-01 20:30:30,955 - INFO - Task 5 Iter 210/1200 | lr=0.000463509 | acc=0.8384 | pos_cos=0.282145 | neg_cos=0.220352 | ref_L2=0.000051 | ref_cos=0.987029 | ref_KL=0.006323
2025-10-01 20:30:31,147 - INFO - Task 4 Iter 1170/1200 | lr=9.22707e-07 | acc=1.0000 | pos_cos=0.269012 | neg_cos=0.208535 | ref_L2=0.000037 | ref_cos=0.990509 | ref_KL=0.003107
2025-10-01 20:30:34,301 - INFO - Task 5 Iter 220/1200 | lr=0.000460031 | acc=0.8397 | pos_cos=0.279531 | neg_cos=0.220418 | ref_L2=0.000052 | ref_cos=0.986663 | ref_KL=0.006153
2025-10-01 20:30:34,506 - INFO - Task 4 Iter 1180/1200 | lr=4.7765e-07 | acc=1.0000 | pos_cos=0.268446 | neg_cos=0.207961 | ref_L2=0.000037 | ref_cos=0.990517 | ref_KL=0.002874
2025-10-01 20:30:36,983 - INFO - Task 5 Iter 230/1200 | lr=0.00045641 | acc=0.8596 | pos_cos=0.280127 | neg_cos=0.218900 | ref_L2=0.000053 | ref_cos=0.986496 | ref_KL=0.005669
2025-10-01 20:30:38,730 - INFO - Task 4 Iter 1190/1200 | lr=2.03637e-07 | acc=1.0000 | pos_cos=0.267995 | neg_cos=0.207565 | ref_L2=0.000036 | ref_cos=0.990671 | ref_KL=0.003277
2025-10-01 20:30:40,216 - INFO - Task 5 Iter 240/1200 | lr=0.000452648 | acc=0.8427 | pos_cos=0.278174 | neg_cos=0.217987 | ref_L2=0.000052 | ref_cos=0.986687 | ref_KL=0.006345
2025-10-01 20:30:42,082 - INFO - Task 4 Iter 1200/1200 | lr=1.00857e-07 | acc=1.0000 | pos_cos=0.269091 | neg_cos=0.208624 | ref_L2=0.000036 | ref_cos=0.990782 | ref_KL=0.002975
2025-10-01 20:30:42,237 - INFO - Task 4 finished | total: 436.12 s | train: 435.96 s | drift: 0.00 s
2025-10-01 20:30:42,872 - INFO - Task 5 Iter 250/1200 | lr=0.000448746 | acc=0.8398 | pos_cos=0.280251 | neg_cos=0.218297 | ref_L2=0.000052 | ref_cos=0.986612 | ref_KL=0.006011
2025-10-01 20:30:46,067 - INFO - Task 5 Iter 260/1200 | lr=0.000444709 | acc=0.8674 | pos_cos=0.279669 | neg_cos=0.218434 | ref_L2=0.000053 | ref_cos=0.986416 | ref_KL=0.006438
2025-10-01 20:30:48,736 - INFO - Task 5 Iter 270/1200 | lr=0.000440538 | acc=0.8724 | pos_cos=0.278446 | neg_cos=0.217980 | ref_L2=0.000054 | ref_cos=0.986290 | ref_KL=0.006330
2025-10-01 20:30:51,430 - INFO - Evaluating zeroshot performance after task 5
2025-10-01 20:30:51,571 - INFO - Task 5 Iter 280/1200 | lr=0.000436236 | acc=0.8794 | pos_cos=0.279587 | neg_cos=0.217532 | ref_L2=0.000053 | ref_cos=0.986348 | ref_KL=0.007125
2025-10-01 20:30:53,568 - INFO - Task 5 Iter 290/1200 | lr=0.000431807 | acc=0.8931 | pos_cos=0.278966 | neg_cos=0.217262 | ref_L2=0.000053 | ref_cos=0.986497 | ref_KL=0.006849
2025-10-01 20:30:56,099 - INFO - Task 5 Iter 300/1200 | lr=0.000427253 | acc=0.8757 | pos_cos=0.279329 | neg_cos=0.217240 | ref_L2=0.000054 | ref_cos=0.986259 | ref_KL=0.007324
2025-10-01 20:30:58,542 - INFO - Task 5 Iter 310/1200 | lr=0.000422578 | acc=0.8448 | pos_cos=0.278539 | neg_cos=0.217647 | ref_L2=0.000054 | ref_cos=0.986083 | ref_KL=0.007071
2025-10-01 20:31:01,072 - INFO - Task 5 Iter 320/1200 | lr=0.000417785 | acc=0.8598 | pos_cos=0.279101 | neg_cos=0.218000 | ref_L2=0.000053 | ref_cos=0.986545 | ref_KL=0.007674
2025-10-01 20:31:04,043 - INFO - Task 5 Iter 330/1200 | lr=0.000412877 | acc=0.8780 | pos_cos=0.278769 | neg_cos=0.217688 | ref_L2=0.000053 | ref_cos=0.986447 | ref_KL=0.006638
2025-10-01 20:31:06,664 - INFO - Task 5 Iter 340/1200 | lr=0.000407857 | acc=0.8789 | pos_cos=0.279243 | neg_cos=0.218163 | ref_L2=0.000054 | ref_cos=0.986264 | ref_KL=0.006755
2025-10-01 20:31:09,241 - INFO - Task 5 Iter 350/1200 | lr=0.000402729 | acc=0.8640 | pos_cos=0.277712 | neg_cos=0.217203 | ref_L2=0.000053 | ref_cos=0.986554 | ref_KL=0.006118
2025-10-01 20:31:11,292 - INFO -   fgvc_aircraft: 50.92%
2025-10-01 20:31:11,859 - INFO - Task 5 Iter 360/1200 | lr=0.000397496 | acc=0.8783 | pos_cos=0.277546 | neg_cos=0.216758 | ref_L2=0.000053 | ref_cos=0.986526 | ref_KL=0.006295
2025-10-01 20:31:14,524 - INFO - Task 5 Iter 370/1200 | lr=0.000392162 | acc=0.8401 | pos_cos=0.276650 | neg_cos=0.216597 | ref_L2=0.000054 | ref_cos=0.986189 | ref_KL=0.006433
2025-10-01 20:31:17,678 - INFO - Task 5 Iter 380/1200 | lr=0.000386731 | acc=0.8505 | pos_cos=0.275775 | neg_cos=0.216528 | ref_L2=0.000054 | ref_cos=0.986159 | ref_KL=0.006991
2025-10-01 20:31:21,378 - INFO - Task 5 Iter 390/1200 | lr=0.000381206 | acc=0.8749 | pos_cos=0.278314 | neg_cos=0.217497 | ref_L2=0.000053 | ref_cos=0.986413 | ref_KL=0.005793
2025-10-01 20:31:24,592 - INFO - Task 5 Iter 400/1200 | lr=0.000375591 | acc=0.8573 | pos_cos=0.277057 | neg_cos=0.216653 | ref_L2=0.000052 | ref_cos=0.986638 | ref_KL=0.005268
2025-10-01 20:31:27,775 - INFO - Task 5 Iter 410/1200 | lr=0.00036989 | acc=0.8496 | pos_cos=0.276775 | neg_cos=0.216378 | ref_L2=0.000053 | ref_cos=0.986420 | ref_KL=0.005478
2025-10-01 20:31:30,986 - INFO - Task 5 Iter 420/1200 | lr=0.000364108 | acc=0.8713 | pos_cos=0.277071 | neg_cos=0.216424 | ref_L2=0.000053 | ref_cos=0.986422 | ref_KL=0.006053
2025-10-01 20:31:34,174 - INFO - Task 5 Iter 430/1200 | lr=0.000358247 | acc=0.8881 | pos_cos=0.279141 | neg_cos=0.217200 | ref_L2=0.000055 | ref_cos=0.985909 | ref_KL=0.006222
2025-10-01 20:31:35,510 - INFO -   caltech-101: 93.03%
2025-10-01 20:31:36,546 - INFO - Task 5 Iter 440/1200 | lr=0.000352311 | acc=0.8762 | pos_cos=0.278812 | neg_cos=0.218348 | ref_L2=0.000053 | ref_cos=0.986464 | ref_KL=0.005894
2025-10-01 20:31:40,273 - INFO - Task 5 Iter 450/1200 | lr=0.000346306 | acc=0.8708 | pos_cos=0.278557 | neg_cos=0.218761 | ref_L2=0.000056 | ref_cos=0.985683 | ref_KL=0.005777
2025-10-01 20:31:43,299 - INFO -   dtd: 71.44%
2025-10-01 20:31:43,335 - INFO - Task 5 Iter 460/1200 | lr=0.000340235 | acc=0.8667 | pos_cos=0.280457 | neg_cos=0.218684 | ref_L2=0.000054 | ref_cos=0.986129 | ref_KL=0.005510
2025-10-01 20:31:46,175 - INFO - Task 5 Iter 470/1200 | lr=0.000334102 | acc=0.8530 | pos_cos=0.277298 | neg_cos=0.218446 | ref_L2=0.000054 | ref_cos=0.986166 | ref_KL=0.005629
2025-10-01 20:31:49,349 - INFO - Task 5 Iter 480/1200 | lr=0.000327911 | acc=0.8694 | pos_cos=0.279290 | neg_cos=0.219188 | ref_L2=0.000054 | ref_cos=0.986127 | ref_KL=0.005792
2025-10-01 20:31:52,515 - INFO - Task 5 Iter 490/1200 | lr=0.000321667 | acc=0.8547 | pos_cos=0.280361 | neg_cos=0.219680 | ref_L2=0.000053 | ref_cos=0.986514 | ref_KL=0.006081
2025-10-01 20:31:55,743 - INFO - Task 5 Iter 500/1200 | lr=0.000315374 | acc=0.8452 | pos_cos=0.280100 | neg_cos=0.220628 | ref_L2=0.000054 | ref_cos=0.986270 | ref_KL=0.005876
2025-10-01 20:31:58,969 - INFO - Task 5 Iter 510/1200 | lr=0.000309036 | acc=0.8557 | pos_cos=0.279359 | neg_cos=0.219698 | ref_L2=0.000053 | ref_cos=0.986422 | ref_KL=0.005715
2025-10-01 20:32:02,204 - INFO -   eurosat: 97.64%
2025-10-01 20:32:02,456 - INFO - Task 5 Iter 520/1200 | lr=0.000302657 | acc=0.8630 | pos_cos=0.280602 | neg_cos=0.220475 | ref_L2=0.000054 | ref_cos=0.986070 | ref_KL=0.005087
2025-10-01 20:32:04,695 - INFO - Task 5 Iter 530/1200 | lr=0.000296243 | acc=0.8538 | pos_cos=0.279381 | neg_cos=0.219545 | ref_L2=0.000053 | ref_cos=0.986354 | ref_KL=0.005164
2025-10-01 20:32:07,822 - INFO - Task 5 Iter 540/1200 | lr=0.000289797 | acc=0.8700 | pos_cos=0.278247 | neg_cos=0.217973 | ref_L2=0.000054 | ref_cos=0.986090 | ref_KL=0.005449
2025-10-01 20:32:10,892 - INFO - Task 5 Iter 550/1200 | lr=0.000283324 | acc=0.8674 | pos_cos=0.277536 | neg_cos=0.217372 | ref_L2=0.000053 | ref_cos=0.986541 | ref_KL=0.005744
2025-10-01 20:32:13,932 - INFO - Task 5 Iter 560/1200 | lr=0.000276828 | acc=0.8516 | pos_cos=0.277781 | neg_cos=0.217687 | ref_L2=0.000053 | ref_cos=0.986469 | ref_KL=0.006060
2025-10-01 20:32:17,003 - INFO - Task 5 Iter 570/1200 | lr=0.000270313 | acc=0.8564 | pos_cos=0.278477 | neg_cos=0.217755 | ref_L2=0.000052 | ref_cos=0.986602 | ref_KL=0.005737
2025-10-01 20:32:20,698 - INFO - Task 5 Iter 580/1200 | lr=0.000263785 | acc=0.8710 | pos_cos=0.277054 | neg_cos=0.217228 | ref_L2=0.000054 | ref_cos=0.986299 | ref_KL=0.005648
2025-10-01 20:32:23,803 - INFO - Task 5 Iter 590/1200 | lr=0.000257247 | acc=0.8880 | pos_cos=0.279027 | neg_cos=0.217743 | ref_L2=0.000052 | ref_cos=0.986596 | ref_KL=0.004853
2025-10-01 20:32:26,734 - INFO - Task 5 Iter 600/1200 | lr=0.000250704 | acc=0.8881 | pos_cos=0.278348 | neg_cos=0.217439 | ref_L2=0.000053 | ref_cos=0.986373 | ref_KL=0.005331
2025-10-01 20:32:26,749 - INFO -   oxford_flower102: 92.71%
2025-10-01 20:32:28,783 - INFO - Task 5 Iter 610/1200 | lr=0.000244161 | acc=0.8687 | pos_cos=0.276479 | neg_cos=0.216868 | ref_L2=0.000052 | ref_cos=0.986693 | ref_KL=0.005097
2025-10-01 20:32:32,059 - INFO - Task 5 Iter 620/1200 | lr=0.000237622 | acc=0.8855 | pos_cos=0.276906 | neg_cos=0.216738 | ref_L2=0.000051 | ref_cos=0.986952 | ref_KL=0.005765
2025-10-01 20:32:35,367 - INFO - Task 5 Iter 630/1200 | lr=0.000231092 | acc=0.8710 | pos_cos=0.276192 | neg_cos=0.216394 | ref_L2=0.000055 | ref_cos=0.986010 | ref_KL=0.005541
2025-10-01 20:32:38,581 - INFO - Task 5 Iter 640/1200 | lr=0.000224574 | acc=0.8815 | pos_cos=0.276075 | neg_cos=0.216089 | ref_L2=0.000053 | ref_cos=0.986343 | ref_KL=0.005652
2025-10-01 20:32:42,477 - INFO - Task 5 Iter 650/1200 | lr=0.000218074 | acc=0.9003 | pos_cos=0.276404 | neg_cos=0.216511 | ref_L2=0.000053 | ref_cos=0.986426 | ref_KL=0.005186
2025-10-01 20:32:45,657 - INFO - Task 5 Iter 660/1200 | lr=0.000211596 | acc=0.8708 | pos_cos=0.276670 | neg_cos=0.216040 | ref_L2=0.000053 | ref_cos=0.986402 | ref_KL=0.005098
2025-10-01 20:32:48,868 - INFO - Task 5 Iter 670/1200 | lr=0.000205144 | acc=0.8492 | pos_cos=0.276564 | neg_cos=0.216032 | ref_L2=0.000052 | ref_cos=0.986651 | ref_KL=0.004942
2025-10-01 20:32:52,075 - INFO - Task 5 Iter 680/1200 | lr=0.000198723 | acc=0.8754 | pos_cos=0.277147 | neg_cos=0.216180 | ref_L2=0.000052 | ref_cos=0.986631 | ref_KL=0.005191
2025-10-01 20:32:55,297 - INFO - Task 5 Iter 690/1200 | lr=0.000192337 | acc=0.8558 | pos_cos=0.276839 | neg_cos=0.216689 | ref_L2=0.000052 | ref_cos=0.986755 | ref_KL=0.005023
2025-10-01 20:32:58,497 - INFO - Task 5 Iter 700/1200 | lr=0.00018599 | acc=0.8716 | pos_cos=0.275534 | neg_cos=0.216951 | ref_L2=0.000053 | ref_cos=0.986413 | ref_KL=0.004921
2025-10-01 20:33:02,300 - INFO - Task 5 Iter 710/1200 | lr=0.000179688 | acc=0.8663 | pos_cos=0.277298 | neg_cos=0.217386 | ref_L2=0.000053 | ref_cos=0.986419 | ref_KL=0.004784
2025-10-01 20:33:05,544 - INFO - Task 5 Iter 720/1200 | lr=0.000173434 | acc=0.8744 | pos_cos=0.277619 | neg_cos=0.217683 | ref_L2=0.000053 | ref_cos=0.986471 | ref_KL=0.004937
2025-10-01 20:33:08,796 - INFO - Task 5 Iter 730/1200 | lr=0.000167232 | acc=0.8760 | pos_cos=0.277843 | neg_cos=0.217670 | ref_L2=0.000054 | ref_cos=0.986294 | ref_KL=0.004525
2025-10-01 20:33:12,021 - INFO - Task 5 Iter 740/1200 | lr=0.000161087 | acc=0.8647 | pos_cos=0.276616 | neg_cos=0.217624 | ref_L2=0.000053 | ref_cos=0.986312 | ref_KL=0.004484
2025-10-01 20:33:15,259 - INFO - Task 5 Iter 750/1200 | lr=0.000155003 | acc=0.8867 | pos_cos=0.277267 | neg_cos=0.217077 | ref_L2=0.000053 | ref_cos=0.986322 | ref_KL=0.004752
2025-10-01 20:33:18,536 - INFO - Task 5 Iter 760/1200 | lr=0.000148984 | acc=0.8835 | pos_cos=0.277044 | neg_cos=0.216607 | ref_L2=0.000053 | ref_cos=0.986438 | ref_KL=0.004906
2025-10-01 20:33:22,482 - INFO - Task 5 Iter 770/1200 | lr=0.000143035 | acc=0.8511 | pos_cos=0.276163 | neg_cos=0.217067 | ref_L2=0.000052 | ref_cos=0.986627 | ref_KL=0.004734
2025-10-01 20:33:25,757 - INFO - Task 5 Iter 780/1200 | lr=0.000137159 | acc=0.8540 | pos_cos=0.276239 | neg_cos=0.216610 | ref_L2=0.000051 | ref_cos=0.986883 | ref_KL=0.004741
2025-10-01 20:33:29,003 - INFO - Task 5 Iter 790/1200 | lr=0.00013136 | acc=0.8875 | pos_cos=0.278202 | neg_cos=0.216617 | ref_L2=0.000052 | ref_cos=0.986619 | ref_KL=0.004745
2025-10-01 20:33:32,257 - INFO - Task 5 Iter 800/1200 | lr=0.000125642 | acc=0.8577 | pos_cos=0.277238 | neg_cos=0.216825 | ref_L2=0.000051 | ref_cos=0.986958 | ref_KL=0.004457
2025-10-01 20:33:35,521 - INFO - Task 5 Iter 810/1200 | lr=0.00012001 | acc=0.8709 | pos_cos=0.276370 | neg_cos=0.217022 | ref_L2=0.000052 | ref_cos=0.986639 | ref_KL=0.004666
2025-10-01 20:33:38,784 - INFO - Task 5 Iter 820/1200 | lr=0.000114467 | acc=0.8942 | pos_cos=0.278216 | neg_cos=0.217207 | ref_L2=0.000052 | ref_cos=0.986665 | ref_KL=0.004374
2025-10-01 20:33:42,052 - INFO - Task 5 Iter 830/1200 | lr=0.000109017 | acc=0.8791 | pos_cos=0.278793 | neg_cos=0.217215 | ref_L2=0.000054 | ref_cos=0.986217 | ref_KL=0.004632
2025-10-01 20:33:45,888 - INFO - Task 5 Iter 840/1200 | lr=0.000103663 | acc=0.8908 | pos_cos=0.278502 | neg_cos=0.217362 | ref_L2=0.000051 | ref_cos=0.986959 | ref_KL=0.004974
2025-10-01 20:33:49,119 - INFO - Task 5 Iter 850/1200 | lr=9.84097e-05 | acc=0.8651 | pos_cos=0.278003 | neg_cos=0.217483 | ref_L2=0.000050 | ref_cos=0.987113 | ref_KL=0.004729
2025-10-01 20:33:52,372 - INFO - Task 5 Iter 860/1200 | lr=9.32604e-05 | acc=0.8905 | pos_cos=0.277759 | neg_cos=0.216929 | ref_L2=0.000052 | ref_cos=0.986699 | ref_KL=0.004309
2025-10-01 20:33:55,590 - INFO - Task 5 Iter 870/1200 | lr=8.82186e-05 | acc=0.8884 | pos_cos=0.277580 | neg_cos=0.217005 | ref_L2=0.000054 | ref_cos=0.986231 | ref_KL=0.004677
2025-10-01 20:33:58,832 - INFO - Task 5 Iter 880/1200 | lr=8.32877e-05 | acc=0.8811 | pos_cos=0.277042 | neg_cos=0.217177 | ref_L2=0.000054 | ref_cos=0.986203 | ref_KL=0.005128
2025-10-01 20:34:00,538 - INFO -   food101: 83.09%
2025-10-01 20:34:01,331 - INFO - Task 5 Iter 890/1200 | lr=7.8471e-05 | acc=0.8745 | pos_cos=0.277006 | neg_cos=0.216707 | ref_L2=0.000052 | ref_cos=0.986738 | ref_KL=0.004744
2025-10-01 20:34:04,973 - INFO - Task 5 Iter 900/1200 | lr=7.3772e-05 | acc=0.8456 | pos_cos=0.277047 | neg_cos=0.216288 | ref_L2=0.000050 | ref_cos=0.987168 | ref_KL=0.004631
2025-10-01 20:34:08,221 - INFO - Task 5 Iter 910/1200 | lr=6.91937e-05 | acc=0.8696 | pos_cos=0.277416 | neg_cos=0.217078 | ref_L2=0.000049 | ref_cos=0.987342 | ref_KL=0.004287
2025-10-01 20:34:11,482 - INFO - Task 5 Iter 920/1200 | lr=6.47394e-05 | acc=0.8906 | pos_cos=0.277676 | neg_cos=0.217145 | ref_L2=0.000052 | ref_cos=0.986755 | ref_KL=0.004703
2025-10-01 20:34:14,670 - INFO - Task 5 Iter 930/1200 | lr=6.04122e-05 | acc=0.8463 | pos_cos=0.276319 | neg_cos=0.217240 | ref_L2=0.000053 | ref_cos=0.986505 | ref_KL=0.004534
2025-10-01 20:34:14,826 - INFO -   oxford_pets: 87.63%
2025-10-01 20:34:16,766 - INFO - Task 5 Iter 940/1200 | lr=5.62148e-05 | acc=0.8543 | pos_cos=0.276313 | neg_cos=0.217019 | ref_L2=0.000053 | ref_cos=0.986461 | ref_KL=0.004064
2025-10-01 20:34:18,997 - INFO - Task 5 Iter 950/1200 | lr=5.21504e-05 | acc=0.8817 | pos_cos=0.276142 | neg_cos=0.216522 | ref_L2=0.000053 | ref_cos=0.986394 | ref_KL=0.004415
2025-10-01 20:34:22,182 - INFO - Task 5 Iter 960/1200 | lr=4.82215e-05 | acc=0.8968 | pos_cos=0.277269 | neg_cos=0.217442 | ref_L2=0.000052 | ref_cos=0.986670 | ref_KL=0.004560
2025-10-01 20:34:25,769 - INFO - Task 5 Iter 970/1200 | lr=4.4431e-05 | acc=0.8839 | pos_cos=0.277090 | neg_cos=0.217105 | ref_L2=0.000052 | ref_cos=0.986815 | ref_KL=0.004444
2025-10-01 20:34:29,074 - INFO - Task 5 Iter 980/1200 | lr=4.07814e-05 | acc=0.8893 | pos_cos=0.277451 | neg_cos=0.216976 | ref_L2=0.000053 | ref_cos=0.986499 | ref_KL=0.004807
2025-10-01 20:34:32,358 - INFO - Task 5 Iter 990/1200 | lr=3.72752e-05 | acc=0.8932 | pos_cos=0.277985 | neg_cos=0.217170 | ref_L2=0.000053 | ref_cos=0.986426 | ref_KL=0.004705
2025-10-01 20:34:35,611 - INFO - Task 5 Iter 1000/1200 | lr=3.39149e-05 | acc=0.8941 | pos_cos=0.277646 | neg_cos=0.216523 | ref_L2=0.000051 | ref_cos=0.986906 | ref_KL=0.004894
2025-10-01 20:34:38,848 - INFO - Task 5 Iter 1010/1200 | lr=3.07027e-05 | acc=0.8622 | pos_cos=0.276608 | neg_cos=0.216382 | ref_L2=0.000050 | ref_cos=0.987124 | ref_KL=0.004509
2025-10-01 20:34:41,816 - INFO - Task 5 Iter 1020/1200 | lr=2.76408e-05 | acc=0.8811 | pos_cos=0.276599 | neg_cos=0.216836 | ref_L2=0.000052 | ref_cos=0.986743 | ref_KL=0.004536
2025-10-01 20:34:45,223 - INFO - Task 5 Iter 1030/1200 | lr=2.47313e-05 | acc=0.8793 | pos_cos=0.276790 | neg_cos=0.216860 | ref_L2=0.000051 | ref_cos=0.986861 | ref_KL=0.004192
2025-10-01 20:34:48,478 - INFO - Task 5 Iter 1040/1200 | lr=2.19763e-05 | acc=0.8623 | pos_cos=0.275735 | neg_cos=0.216028 | ref_L2=0.000051 | ref_cos=0.986906 | ref_KL=0.004417
2025-10-01 20:34:48,725 - INFO -   stanford_cars: 58.59%
2025-10-01 20:34:48,726 - INFO - Average zeroshot accuracy after task 5: 79.38%
2025-10-01 20:34:48,726 - INFO - Starting task 6/8: food101 (train=75750, test=25250, classes=101)
2025-10-01 20:34:50,353 - INFO - Task 5 Iter 1050/1200 | lr=1.93775e-05 | acc=0.8821 | pos_cos=0.276649 | neg_cos=0.216493 | ref_L2=0.000052 | ref_cos=0.986709 | ref_KL=0.003971
2025-10-01 20:34:53,485 - INFO - Task 5 Iter 1060/1200 | lr=1.69369e-05 | acc=0.8849 | pos_cos=0.277767 | neg_cos=0.217029 | ref_L2=0.000052 | ref_cos=0.986724 | ref_KL=0.003908
2025-10-01 20:34:54,001 - INFO - Task 5 Iter 10/1200 | lr=0.000499931 | acc=0.8804 | pos_cos=0.278039 | neg_cos=0.212714 | ref_L2=0.000037 | ref_cos=0.990468 | ref_KL=0.003241
2025-10-01 20:34:56,891 - INFO - Task 5 Iter 1070/1200 | lr=1.4656e-05 | acc=0.8836 | pos_cos=0.276865 | neg_cos=0.216013 | ref_L2=0.000051 | ref_cos=0.986888 | ref_KL=0.004073
2025-10-01 20:34:57,397 - INFO - Task 5 Iter 20/1200 | lr=0.000499691 | acc=0.8749 | pos_cos=0.282062 | neg_cos=0.218043 | ref_L2=0.000040 | ref_cos=0.989667 | ref_KL=0.003853
2025-10-01 20:35:00,296 - INFO - Task 5 Iter 1080/1200 | lr=1.25364e-05 | acc=0.9014 | pos_cos=0.276962 | neg_cos=0.216148 | ref_L2=0.000051 | ref_cos=0.986845 | ref_KL=0.004793
2025-10-01 20:35:00,796 - INFO - Task 5 Iter 30/1200 | lr=0.00049928 | acc=0.8532 | pos_cos=0.285892 | neg_cos=0.219834 | ref_L2=0.000040 | ref_cos=0.989735 | ref_KL=0.004719
2025-10-01 20:35:03,617 - INFO - Task 5 Iter 40/1200 | lr=0.000498698 | acc=0.8361 | pos_cos=0.286640 | neg_cos=0.223516 | ref_L2=0.000041 | ref_cos=0.989536 | ref_KL=0.004373
2025-10-01 20:35:04,437 - INFO - Task 5 Iter 1090/1200 | lr=1.05797e-05 | acc=0.8894 | pos_cos=0.276811 | neg_cos=0.216297 | ref_L2=0.000050 | ref_cos=0.987095 | ref_KL=0.004530
2025-10-01 20:35:07,051 - INFO - Task 5 Iter 50/1200 | lr=0.000497946 | acc=0.8271 | pos_cos=0.284674 | neg_cos=0.223242 | ref_L2=0.000042 | ref_cos=0.989279 | ref_KL=0.004216
2025-10-01 20:35:08,171 - INFO - Task 5 Iter 1100/1200 | lr=8.78703e-06 | acc=0.8798 | pos_cos=0.277257 | neg_cos=0.216047 | ref_L2=0.000051 | ref_cos=0.986911 | ref_KL=0.004378
2025-10-01 20:35:10,816 - INFO - Task 5 Iter 60/1200 | lr=0.000497024 | acc=0.8349 | pos_cos=0.285368 | neg_cos=0.221918 | ref_L2=0.000042 | ref_cos=0.989223 | ref_KL=0.004772
2025-10-01 20:35:11,938 - INFO - Task 5 Iter 1110/1200 | lr=7.15973e-06 | acc=0.8866 | pos_cos=0.277538 | neg_cos=0.216203 | ref_L2=0.000051 | ref_cos=0.986931 | ref_KL=0.004210
2025-10-01 20:35:14,867 - INFO - Task 5 Iter 1120/1200 | lr=5.6989e-06 | acc=0.8765 | pos_cos=0.276657 | neg_cos=0.216379 | ref_L2=0.000052 | ref_cos=0.986775 | ref_KL=0.004387
2025-10-01 20:35:15,247 - INFO - Task 5 Iter 70/1200 | lr=0.000495933 | acc=0.8297 | pos_cos=0.285291 | neg_cos=0.222869 | ref_L2=0.000042 | ref_cos=0.989306 | ref_KL=0.004603
2025-10-01 20:35:18,590 - INFO - Task 5 Iter 1130/1200 | lr=4.40553e-06 | acc=0.8655 | pos_cos=0.275900 | neg_cos=0.216920 | ref_L2=0.000052 | ref_cos=0.986653 | ref_KL=0.004149
2025-10-01 20:35:18,957 - INFO - Task 5 Iter 80/1200 | lr=0.000494673 | acc=0.8332 | pos_cos=0.286756 | neg_cos=0.223917 | ref_L2=0.000041 | ref_cos=0.989422 | ref_KL=0.005320
2025-10-01 20:35:22,301 - INFO - Task 5 Iter 1140/1200 | lr=3.28051e-06 | acc=0.8596 | pos_cos=0.276272 | neg_cos=0.216779 | ref_L2=0.000052 | ref_cos=0.986580 | ref_KL=0.004549
2025-10-01 20:35:22,671 - INFO - Task 5 Iter 90/1200 | lr=0.000493246 | acc=0.8412 | pos_cos=0.285370 | neg_cos=0.223028 | ref_L2=0.000042 | ref_cos=0.989353 | ref_KL=0.006251
2025-10-01 20:35:26,050 - INFO - Task 5 Iter 1150/1200 | lr=2.32462e-06 | acc=0.8749 | pos_cos=0.276138 | neg_cos=0.215952 | ref_L2=0.000052 | ref_cos=0.986641 | ref_KL=0.004234
2025-10-01 20:35:26,430 - INFO - Task 5 Iter 100/1200 | lr=0.000491652 | acc=0.8568 | pos_cos=0.285535 | neg_cos=0.223704 | ref_L2=0.000043 | ref_cos=0.988980 | ref_KL=0.005809
2025-10-01 20:35:29,255 - INFO - Task 5 Iter 110/1200 | lr=0.000489892 | acc=0.8506 | pos_cos=0.284580 | neg_cos=0.222680 | ref_L2=0.000043 | ref_cos=0.988956 | ref_KL=0.005968
2025-10-01 20:35:30,112 - INFO - Task 5 Iter 1160/1200 | lr=1.5385e-06 | acc=0.8970 | pos_cos=0.277051 | neg_cos=0.216230 | ref_L2=0.000053 | ref_cos=0.986417 | ref_KL=0.003829
2025-10-01 20:35:32,594 - INFO - Task 5 Iter 120/1200 | lr=0.000487968 | acc=0.8132 | pos_cos=0.283007 | neg_cos=0.221777 | ref_L2=0.000044 | ref_cos=0.988800 | ref_KL=0.005566
2025-10-01 20:35:33,448 - INFO - Task 5 Iter 1170/1200 | lr=9.22707e-07 | acc=0.8664 | pos_cos=0.276780 | neg_cos=0.216536 | ref_L2=0.000053 | ref_cos=0.986466 | ref_KL=0.004270
2025-10-01 20:35:36,228 - INFO - Task 5 Iter 1180/1200 | lr=4.7765e-07 | acc=0.8567 | pos_cos=0.276335 | neg_cos=0.216746 | ref_L2=0.000053 | ref_cos=0.986497 | ref_KL=0.004043
2025-10-01 20:35:36,645 - INFO - Task 5 Iter 130/1200 | lr=0.000485881 | acc=0.8453 | pos_cos=0.283226 | neg_cos=0.221790 | ref_L2=0.000044 | ref_cos=0.988833 | ref_KL=0.005283
2025-10-01 20:35:39,535 - INFO - Task 5 Iter 1190/1200 | lr=2.03637e-07 | acc=0.8584 | pos_cos=0.276077 | neg_cos=0.216662 | ref_L2=0.000052 | ref_cos=0.986766 | ref_KL=0.004623
2025-10-01 20:35:40,061 - INFO - Task 5 Iter 140/1200 | lr=0.000483632 | acc=0.8482 | pos_cos=0.285034 | neg_cos=0.222680 | ref_L2=0.000043 | ref_cos=0.988883 | ref_KL=0.005387
2025-10-01 20:35:42,937 - INFO - Task 5 Iter 1200/1200 | lr=1.00857e-07 | acc=0.8621 | pos_cos=0.276250 | neg_cos=0.216467 | ref_L2=0.000051 | ref_cos=0.987016 | ref_KL=0.004344
2025-10-01 20:35:43,186 - INFO - Task 5 Iter 150/1200 | lr=0.000481223 | acc=0.8351 | pos_cos=0.284827 | neg_cos=0.223548 | ref_L2=0.000043 | ref_cos=0.988864 | ref_KL=0.005887
2025-10-01 20:35:43,249 - INFO - Task 5 finished | total: 381.55 s | train: 381.23 s | drift: 0.00 s
2025-10-01 20:35:45,751 - INFO - Task 5 Iter 160/1200 | lr=0.000478656 | acc=0.8484 | pos_cos=0.284290 | neg_cos=0.223255 | ref_L2=0.000042 | ref_cos=0.989340 | ref_KL=0.006070
2025-10-01 20:35:48,969 - INFO - Task 5 Iter 170/1200 | lr=0.000475932 | acc=0.8776 | pos_cos=0.284211 | neg_cos=0.221798 | ref_L2=0.000044 | ref_cos=0.988775 | ref_KL=0.006364
2025-10-01 20:35:52,188 - INFO - Task 5 Iter 180/1200 | lr=0.000473053 | acc=0.8537 | pos_cos=0.283037 | neg_cos=0.221797 | ref_L2=0.000046 | ref_cos=0.988210 | ref_KL=0.006376
2025-10-01 20:35:55,389 - INFO - Task 5 Iter 190/1200 | lr=0.000470022 | acc=0.8437 | pos_cos=0.281935 | neg_cos=0.222032 | ref_L2=0.000044 | ref_cos=0.988732 | ref_KL=0.008702
2025-10-01 20:35:59,214 - INFO - Task 5 Iter 200/1200 | lr=0.000466839 | acc=0.8475 | pos_cos=0.282931 | neg_cos=0.221475 | ref_L2=0.000043 | ref_cos=0.988930 | ref_KL=0.006517
2025-10-01 20:36:02,404 - INFO - Task 5 Iter 210/1200 | lr=0.000463509 | acc=0.8399 | pos_cos=0.282812 | neg_cos=0.220720 | ref_L2=0.000042 | ref_cos=0.989126 | ref_KL=0.007199
2025-10-01 20:36:05,578 - INFO - Task 5 Iter 220/1200 | lr=0.000460031 | acc=0.8431 | pos_cos=0.280520 | neg_cos=0.220913 | ref_L2=0.000043 | ref_cos=0.988899 | ref_KL=0.006752
2025-10-01 20:36:08,722 - INFO - Task 5 Iter 230/1200 | lr=0.00045641 | acc=0.8551 | pos_cos=0.280843 | neg_cos=0.219522 | ref_L2=0.000044 | ref_cos=0.988706 | ref_KL=0.005695
2025-10-01 20:36:11,831 - INFO - Task 5 Iter 240/1200 | lr=0.000452648 | acc=0.8539 | pos_cos=0.279063 | neg_cos=0.218542 | ref_L2=0.000043 | ref_cos=0.989018 | ref_KL=0.006118
2025-10-01 20:36:14,910 - INFO - Task 5 Iter 250/1200 | lr=0.000448746 | acc=0.8513 | pos_cos=0.280482 | neg_cos=0.218861 | ref_L2=0.000044 | ref_cos=0.988734 | ref_KL=0.006103
2025-10-01 20:36:18,636 - INFO - Task 5 Iter 260/1200 | lr=0.000444709 | acc=0.8708 | pos_cos=0.279961 | neg_cos=0.218878 | ref_L2=0.000046 | ref_cos=0.988301 | ref_KL=0.006170
2025-10-01 20:36:21,766 - INFO - Task 5 Iter 270/1200 | lr=0.000440538 | acc=0.8786 | pos_cos=0.278829 | neg_cos=0.218096 | ref_L2=0.000045 | ref_cos=0.988368 | ref_KL=0.006016
2025-10-01 20:36:24,996 - INFO - Task 5 Iter 280/1200 | lr=0.000436236 | acc=0.8922 | pos_cos=0.279648 | neg_cos=0.217809 | ref_L2=0.000046 | ref_cos=0.988308 | ref_KL=0.006144
2025-10-01 20:36:28,210 - INFO - Task 5 Iter 290/1200 | lr=0.000431807 | acc=0.9097 | pos_cos=0.279934 | neg_cos=0.217922 | ref_L2=0.000044 | ref_cos=0.988702 | ref_KL=0.006159
2025-10-01 20:36:31,414 - INFO - Task 5 Iter 300/1200 | lr=0.000427253 | acc=0.8803 | pos_cos=0.280377 | neg_cos=0.218499 | ref_L2=0.000044 | ref_cos=0.988610 | ref_KL=0.006821
2025-10-01 20:36:34,610 - INFO - Task 5 Iter 310/1200 | lr=0.000422578 | acc=0.8530 | pos_cos=0.280448 | neg_cos=0.219078 | ref_L2=0.000045 | ref_cos=0.988567 | ref_KL=0.006361
2025-10-01 20:36:37,821 - INFO - Task 5 Iter 320/1200 | lr=0.000417785 | acc=0.8541 | pos_cos=0.280992 | neg_cos=0.219468 | ref_L2=0.000044 | ref_cos=0.988784 | ref_KL=0.009519
2025-10-01 20:36:41,733 - INFO - Task 5 Iter 330/1200 | lr=0.000412877 | acc=0.8759 | pos_cos=0.280498 | neg_cos=0.219462 | ref_L2=0.000044 | ref_cos=0.988772 | ref_KL=0.007171
2025-10-01 20:36:44,955 - INFO - Task 5 Iter 340/1200 | lr=0.000407857 | acc=0.8787 | pos_cos=0.281162 | neg_cos=0.220047 | ref_L2=0.000044 | ref_cos=0.988681 | ref_KL=0.007382
2025-10-01 20:36:48,201 - INFO - Task 5 Iter 350/1200 | lr=0.000402729 | acc=0.8620 | pos_cos=0.279977 | neg_cos=0.219291 | ref_L2=0.000044 | ref_cos=0.988733 | ref_KL=0.005957
2025-10-01 20:36:51,471 - INFO - Task 5 Iter 360/1200 | lr=0.000397496 | acc=0.8733 | pos_cos=0.279702 | neg_cos=0.219009 | ref_L2=0.000044 | ref_cos=0.988767 | ref_KL=0.005724
2025-10-01 20:36:54,688 - INFO - Task 5 Iter 370/1200 | lr=0.000392162 | acc=0.8386 | pos_cos=0.278707 | neg_cos=0.218647 | ref_L2=0.000045 | ref_cos=0.988516 | ref_KL=0.005322
2025-10-01 20:36:57,903 - INFO - Task 5 Iter 380/1200 | lr=0.000386731 | acc=0.8486 | pos_cos=0.277605 | neg_cos=0.218093 | ref_L2=0.000045 | ref_cos=0.988516 | ref_KL=0.006846
2025-10-01 20:37:01,745 - INFO - Task 5 Iter 390/1200 | lr=0.000381206 | acc=0.8705 | pos_cos=0.279919 | neg_cos=0.218940 | ref_L2=0.000044 | ref_cos=0.988791 | ref_KL=0.005459
2025-10-01 20:37:04,974 - INFO - Task 5 Iter 400/1200 | lr=0.000375591 | acc=0.8696 | pos_cos=0.278379 | neg_cos=0.217983 | ref_L2=0.000043 | ref_cos=0.988948 | ref_KL=0.004948
2025-10-01 20:37:08,181 - INFO - Task 5 Iter 410/1200 | lr=0.00036989 | acc=0.8534 | pos_cos=0.278639 | neg_cos=0.217916 | ref_L2=0.000044 | ref_cos=0.988655 | ref_KL=0.005179
2025-10-01 20:37:11,345 - INFO - Task 5 Iter 420/1200 | lr=0.000364108 | acc=0.8778 | pos_cos=0.279087 | neg_cos=0.218251 | ref_L2=0.000044 | ref_cos=0.988810 | ref_KL=0.005922
2025-10-01 20:37:14,557 - INFO - Task 5 Iter 430/1200 | lr=0.000358247 | acc=0.8869 | pos_cos=0.281156 | neg_cos=0.219178 | ref_L2=0.000045 | ref_cos=0.988480 | ref_KL=0.006046
2025-10-01 20:37:17,735 - INFO - Task 5 Iter 440/1200 | lr=0.000352311 | acc=0.8729 | pos_cos=0.280923 | neg_cos=0.220244 | ref_L2=0.000043 | ref_cos=0.988957 | ref_KL=0.005518
2025-10-01 20:37:21,577 - INFO - Task 5 Iter 450/1200 | lr=0.000346306 | acc=0.8615 | pos_cos=0.280295 | neg_cos=0.220638 | ref_L2=0.000046 | ref_cos=0.988263 | ref_KL=0.005029
2025-10-01 20:37:24,714 - INFO - Task 5 Iter 460/1200 | lr=0.000340235 | acc=0.8624 | pos_cos=0.282130 | neg_cos=0.220153 | ref_L2=0.000045 | ref_cos=0.988558 | ref_KL=0.004626
2025-10-01 20:37:27,901 - INFO - Task 5 Iter 470/1200 | lr=0.000334102 | acc=0.8591 | pos_cos=0.278990 | neg_cos=0.219802 | ref_L2=0.000044 | ref_cos=0.988668 | ref_KL=0.005077
2025-10-01 20:37:31,122 - INFO - Task 5 Iter 480/1200 | lr=0.000327911 | acc=0.8775 | pos_cos=0.280428 | neg_cos=0.220467 | ref_L2=0.000045 | ref_cos=0.988535 | ref_KL=0.004824
2025-10-01 20:37:34,348 - INFO - Task 5 Iter 490/1200 | lr=0.000321667 | acc=0.8568 | pos_cos=0.281585 | neg_cos=0.220826 | ref_L2=0.000043 | ref_cos=0.988940 | ref_KL=0.005187
2025-10-01 20:37:37,505 - INFO - Task 5 Iter 500/1200 | lr=0.000315374 | acc=0.8504 | pos_cos=0.281229 | neg_cos=0.221540 | ref_L2=0.000044 | ref_cos=0.988824 | ref_KL=0.005130
2025-10-01 20:37:40,664 - INFO - Task 5 Iter 510/1200 | lr=0.000309036 | acc=0.8622 | pos_cos=0.280152 | neg_cos=0.220417 | ref_L2=0.000044 | ref_cos=0.988852 | ref_KL=0.004602
2025-10-01 20:37:44,450 - INFO - Task 5 Iter 520/1200 | lr=0.000302657 | acc=0.8647 | pos_cos=0.281057 | neg_cos=0.221164 | ref_L2=0.000044 | ref_cos=0.988667 | ref_KL=0.004115
2025-10-01 20:37:47,678 - INFO - Task 5 Iter 530/1200 | lr=0.000296243 | acc=0.8539 | pos_cos=0.280239 | neg_cos=0.220238 | ref_L2=0.000044 | ref_cos=0.988782 | ref_KL=0.004735
2025-10-01 20:37:50,872 - INFO - Task 5 Iter 540/1200 | lr=0.000289797 | acc=0.8812 | pos_cos=0.279586 | neg_cos=0.219158 | ref_L2=0.000044 | ref_cos=0.988652 | ref_KL=0.004791
2025-10-01 20:37:54,054 - INFO - Task 5 Iter 550/1200 | lr=0.000283324 | acc=0.8667 | pos_cos=0.278600 | neg_cos=0.218397 | ref_L2=0.000043 | ref_cos=0.989034 | ref_KL=0.004583
2025-10-01 20:37:57,143 - INFO - Task 5 Iter 560/1200 | lr=0.000276828 | acc=0.8573 | pos_cos=0.278653 | neg_cos=0.218653 | ref_L2=0.000043 | ref_cos=0.988931 | ref_KL=0.005064
2025-10-01 20:38:00,358 - INFO - Task 5 Iter 570/1200 | lr=0.000270313 | acc=0.8628 | pos_cos=0.279563 | neg_cos=0.218710 | ref_L2=0.000043 | ref_cos=0.989069 | ref_KL=0.005173
2025-10-01 20:38:04,126 - INFO - Task 5 Iter 580/1200 | lr=0.000263785 | acc=0.8817 | pos_cos=0.278147 | neg_cos=0.218279 | ref_L2=0.000044 | ref_cos=0.988843 | ref_KL=0.004605
2025-10-01 20:38:07,251 - INFO - Task 5 Iter 590/1200 | lr=0.000257247 | acc=0.8947 | pos_cos=0.279910 | neg_cos=0.218698 | ref_L2=0.000043 | ref_cos=0.989065 | ref_KL=0.004189
2025-10-01 20:38:10,422 - INFO - Task 5 Iter 600/1200 | lr=0.000250704 | acc=0.8927 | pos_cos=0.279272 | neg_cos=0.218168 | ref_L2=0.000043 | ref_cos=0.988982 | ref_KL=0.004519
2025-10-01 20:38:13,603 - INFO - Task 5 Iter 610/1200 | lr=0.000244161 | acc=0.8706 | pos_cos=0.277160 | neg_cos=0.217419 | ref_L2=0.000042 | ref_cos=0.989192 | ref_KL=0.004275
2025-10-01 20:38:16,722 - INFO - Task 5 Iter 620/1200 | lr=0.000237622 | acc=0.8785 | pos_cos=0.277386 | neg_cos=0.217200 | ref_L2=0.000042 | ref_cos=0.989306 | ref_KL=0.004997
2025-10-01 20:38:19,826 - INFO - Task 5 Iter 630/1200 | lr=0.000231092 | acc=0.8615 | pos_cos=0.277088 | neg_cos=0.217128 | ref_L2=0.000045 | ref_cos=0.988569 | ref_KL=0.004861
2025-10-01 20:38:22,961 - INFO - Task 5 Iter 640/1200 | lr=0.000224574 | acc=0.8716 | pos_cos=0.277188 | neg_cos=0.216993 | ref_L2=0.000043 | ref_cos=0.988877 | ref_KL=0.004398
2025-10-01 20:38:26,769 - INFO - Task 5 Iter 650/1200 | lr=0.000218074 | acc=0.8931 | pos_cos=0.277542 | neg_cos=0.217507 | ref_L2=0.000043 | ref_cos=0.988975 | ref_KL=0.003906
2025-10-01 20:38:30,013 - INFO - Task 5 Iter 660/1200 | lr=0.000211596 | acc=0.8792 | pos_cos=0.277917 | neg_cos=0.217066 | ref_L2=0.000043 | ref_cos=0.988961 | ref_KL=0.003796
2025-10-01 20:38:33,178 - INFO - Task 5 Iter 670/1200 | lr=0.000205144 | acc=0.8479 | pos_cos=0.277693 | neg_cos=0.217039 | ref_L2=0.000042 | ref_cos=0.989278 | ref_KL=0.003980
2025-10-01 20:38:36,384 - INFO - Task 5 Iter 680/1200 | lr=0.000198723 | acc=0.8694 | pos_cos=0.278092 | neg_cos=0.217278 | ref_L2=0.000042 | ref_cos=0.989231 | ref_KL=0.004222
2025-10-01 20:38:39,568 - INFO - Task 5 Iter 690/1200 | lr=0.000192337 | acc=0.8550 | pos_cos=0.278096 | neg_cos=0.217807 | ref_L2=0.000042 | ref_cos=0.989361 | ref_KL=0.004233
2025-10-01 20:38:42,750 - INFO - Task 5 Iter 700/1200 | lr=0.00018599 | acc=0.8761 | pos_cos=0.276656 | neg_cos=0.217873 | ref_L2=0.000043 | ref_cos=0.988939 | ref_KL=0.004287
2025-10-01 20:38:46,614 - INFO - Task 5 Iter 710/1200 | lr=0.000179688 | acc=0.8656 | pos_cos=0.278133 | neg_cos=0.218211 | ref_L2=0.000043 | ref_cos=0.988951 | ref_KL=0.004229
2025-10-01 20:38:49,903 - INFO - Task 5 Iter 720/1200 | lr=0.000173434 | acc=0.8742 | pos_cos=0.278480 | neg_cos=0.218660 | ref_L2=0.000043 | ref_cos=0.988981 | ref_KL=0.004160
2025-10-01 20:38:53,103 - INFO - Task 5 Iter 730/1200 | lr=0.000167232 | acc=0.8730 | pos_cos=0.278857 | neg_cos=0.218693 | ref_L2=0.000043 | ref_cos=0.988967 | ref_KL=0.003923
2025-10-01 20:38:56,325 - INFO - Task 5 Iter 740/1200 | lr=0.000161087 | acc=0.8726 | pos_cos=0.277732 | neg_cos=0.218511 | ref_L2=0.000043 | ref_cos=0.989055 | ref_KL=0.003771
2025-10-01 20:38:59,565 - INFO - Task 5 Iter 750/1200 | lr=0.000155003 | acc=0.8870 | pos_cos=0.278579 | neg_cos=0.218164 | ref_L2=0.000043 | ref_cos=0.989082 | ref_KL=0.003837
2025-10-01 20:39:02,770 - INFO - Task 5 Iter 760/1200 | lr=0.000148984 | acc=0.8774 | pos_cos=0.278083 | neg_cos=0.217695 | ref_L2=0.000043 | ref_cos=0.989108 | ref_KL=0.003932
2025-10-01 20:39:06,597 - INFO - Task 5 Iter 770/1200 | lr=0.000143035 | acc=0.8567 | pos_cos=0.276941 | neg_cos=0.218014 | ref_L2=0.000043 | ref_cos=0.989072 | ref_KL=0.003887
2025-10-01 20:39:09,785 - INFO - Task 5 Iter 780/1200 | lr=0.000137159 | acc=0.8555 | pos_cos=0.276985 | neg_cos=0.217615 | ref_L2=0.000042 | ref_cos=0.989348 | ref_KL=0.003858
2025-10-01 20:39:12,979 - INFO - Task 5 Iter 790/1200 | lr=0.00013136 | acc=0.8927 | pos_cos=0.279214 | neg_cos=0.217549 | ref_L2=0.000042 | ref_cos=0.989294 | ref_KL=0.003724
2025-10-01 20:39:16,150 - INFO - Task 5 Iter 800/1200 | lr=0.000125642 | acc=0.8700 | pos_cos=0.278335 | neg_cos=0.217739 | ref_L2=0.000041 | ref_cos=0.989501 | ref_KL=0.003601
2025-10-01 20:39:19,365 - INFO - Task 5 Iter 810/1200 | lr=0.00012001 | acc=0.8774 | pos_cos=0.277634 | neg_cos=0.217993 | ref_L2=0.000042 | ref_cos=0.989145 | ref_KL=0.003946
2025-10-01 20:39:22,551 - INFO - Task 5 Iter 820/1200 | lr=0.000114467 | acc=0.8927 | pos_cos=0.279159 | neg_cos=0.218353 | ref_L2=0.000042 | ref_cos=0.989219 | ref_KL=0.003485
2025-10-01 20:39:25,731 - INFO - Task 5 Iter 830/1200 | lr=0.000109017 | acc=0.8845 | pos_cos=0.279820 | neg_cos=0.218411 | ref_L2=0.000043 | ref_cos=0.988997 | ref_KL=0.003465
2025-10-01 20:39:29,569 - INFO - Task 5 Iter 840/1200 | lr=0.000103663 | acc=0.8946 | pos_cos=0.279746 | neg_cos=0.218483 | ref_L2=0.000041 | ref_cos=0.989562 | ref_KL=0.003743
2025-10-01 20:39:32,849 - INFO - Task 5 Iter 850/1200 | lr=9.84097e-05 | acc=0.8678 | pos_cos=0.279232 | neg_cos=0.218561 | ref_L2=0.000040 | ref_cos=0.989670 | ref_KL=0.003746
2025-10-01 20:39:36,073 - INFO - Task 5 Iter 860/1200 | lr=9.32604e-05 | acc=0.8853 | pos_cos=0.279098 | neg_cos=0.218107 | ref_L2=0.000042 | ref_cos=0.989334 | ref_KL=0.003402
2025-10-01 20:39:39,330 - INFO - Task 5 Iter 870/1200 | lr=8.82186e-05 | acc=0.8905 | pos_cos=0.279093 | neg_cos=0.218203 | ref_L2=0.000043 | ref_cos=0.988918 | ref_KL=0.003669
2025-10-01 20:39:42,570 - INFO - Task 5 Iter 880/1200 | lr=8.32877e-05 | acc=0.8750 | pos_cos=0.278415 | neg_cos=0.218558 | ref_L2=0.000043 | ref_cos=0.988934 | ref_KL=0.003838
2025-10-01 20:39:45,812 - INFO - Task 5 Iter 890/1200 | lr=7.8471e-05 | acc=0.8728 | pos_cos=0.278345 | neg_cos=0.217988 | ref_L2=0.000042 | ref_cos=0.989369 | ref_KL=0.003700
2025-10-01 20:39:49,776 - INFO - Task 5 Iter 900/1200 | lr=7.3772e-05 | acc=0.8431 | pos_cos=0.278514 | neg_cos=0.217610 | ref_L2=0.000040 | ref_cos=0.989724 | ref_KL=0.004005
2025-10-01 20:39:53,025 - INFO - Task 5 Iter 910/1200 | lr=6.91937e-05 | acc=0.8592 | pos_cos=0.278944 | neg_cos=0.218375 | ref_L2=0.000040 | ref_cos=0.989794 | ref_KL=0.003620
2025-10-01 20:39:56,281 - INFO - Task 5 Iter 920/1200 | lr=6.47394e-05 | acc=0.8816 | pos_cos=0.278626 | neg_cos=0.218259 | ref_L2=0.000042 | ref_cos=0.989361 | ref_KL=0.003348
2025-10-01 20:39:59,428 - INFO - Task 5 Iter 930/1200 | lr=6.04122e-05 | acc=0.8504 | pos_cos=0.277211 | neg_cos=0.218283 | ref_L2=0.000043 | ref_cos=0.989108 | ref_KL=0.003345
2025-10-01 20:40:02,693 - INFO - Task 5 Iter 940/1200 | lr=5.62148e-05 | acc=0.8587 | pos_cos=0.277257 | neg_cos=0.217946 | ref_L2=0.000043 | ref_cos=0.989109 | ref_KL=0.003030
2025-10-01 20:40:05,851 - INFO - Task 5 Iter 950/1200 | lr=5.21504e-05 | acc=0.8729 | pos_cos=0.277013 | neg_cos=0.217269 | ref_L2=0.000043 | ref_cos=0.989096 | ref_KL=0.003330
2025-10-01 20:40:09,034 - INFO - Task 5 Iter 960/1200 | lr=4.82215e-05 | acc=0.8818 | pos_cos=0.277830 | neg_cos=0.218119 | ref_L2=0.000041 | ref_cos=0.989377 | ref_KL=0.003423
2025-10-01 20:40:12,909 - INFO - Task 5 Iter 970/1200 | lr=4.4431e-05 | acc=0.8903 | pos_cos=0.278026 | neg_cos=0.217930 | ref_L2=0.000041 | ref_cos=0.989426 | ref_KL=0.004235
2025-10-01 20:40:16,054 - INFO - Task 5 Iter 980/1200 | lr=4.07814e-05 | acc=0.8923 | pos_cos=0.278360 | neg_cos=0.217814 | ref_L2=0.000042 | ref_cos=0.989286 | ref_KL=0.003908
2025-10-01 20:40:19,243 - INFO - Task 5 Iter 990/1200 | lr=3.72752e-05 | acc=0.8882 | pos_cos=0.278622 | neg_cos=0.217932 | ref_L2=0.000042 | ref_cos=0.989141 | ref_KL=0.003545
2025-10-01 20:40:22,398 - INFO - Task 5 Iter 1000/1200 | lr=3.39149e-05 | acc=0.8957 | pos_cos=0.278278 | neg_cos=0.217363 | ref_L2=0.000041 | ref_cos=0.989442 | ref_KL=0.003277
2025-10-01 20:40:25,551 - INFO - Task 5 Iter 1010/1200 | lr=3.07027e-05 | acc=0.8613 | pos_cos=0.277458 | neg_cos=0.217334 | ref_L2=0.000040 | ref_cos=0.989710 | ref_KL=0.003214
2025-10-01 20:40:28,732 - INFO - Task 5 Iter 1020/1200 | lr=2.76408e-05 | acc=0.8821 | pos_cos=0.277648 | neg_cos=0.217778 | ref_L2=0.000042 | ref_cos=0.989240 | ref_KL=0.003101
2025-10-01 20:40:32,454 - INFO - Task 5 Iter 1030/1200 | lr=2.47313e-05 | acc=0.8778 | pos_cos=0.277707 | neg_cos=0.217803 | ref_L2=0.000041 | ref_cos=0.989436 | ref_KL=0.003423
2025-10-01 20:40:35,585 - INFO - Task 5 Iter 1040/1200 | lr=2.19763e-05 | acc=0.8649 | pos_cos=0.276635 | neg_cos=0.216942 | ref_L2=0.000041 | ref_cos=0.989496 | ref_KL=0.003261
2025-10-01 20:40:38,672 - INFO - Task 5 Iter 1050/1200 | lr=1.93775e-05 | acc=0.8824 | pos_cos=0.277563 | neg_cos=0.217359 | ref_L2=0.000042 | ref_cos=0.989300 | ref_KL=0.003181
2025-10-01 20:40:41,769 - INFO - Task 5 Iter 1060/1200 | lr=1.69369e-05 | acc=0.8888 | pos_cos=0.278512 | neg_cos=0.217786 | ref_L2=0.000042 | ref_cos=0.989290 | ref_KL=0.002997
2025-10-01 20:40:44,834 - INFO - Task 5 Iter 1070/1200 | lr=1.4656e-05 | acc=0.8870 | pos_cos=0.277744 | neg_cos=0.216786 | ref_L2=0.000041 | ref_cos=0.989387 | ref_KL=0.003285
2025-10-01 20:40:47,881 - INFO - Task 5 Iter 1080/1200 | lr=1.25364e-05 | acc=0.9040 | pos_cos=0.277790 | neg_cos=0.216941 | ref_L2=0.000041 | ref_cos=0.989476 | ref_KL=0.003479
2025-10-01 20:40:51,581 - INFO - Task 5 Iter 1090/1200 | lr=1.05797e-05 | acc=0.8870 | pos_cos=0.277758 | neg_cos=0.217128 | ref_L2=0.000040 | ref_cos=0.989658 | ref_KL=0.003386
2025-10-01 20:40:54,731 - INFO - Task 5 Iter 1100/1200 | lr=8.78703e-06 | acc=0.8787 | pos_cos=0.278107 | neg_cos=0.216849 | ref_L2=0.000041 | ref_cos=0.989487 | ref_KL=0.003261
2025-10-01 20:40:57,859 - INFO - Task 5 Iter 1110/1200 | lr=7.15973e-06 | acc=0.8809 | pos_cos=0.278400 | neg_cos=0.217075 | ref_L2=0.000041 | ref_cos=0.989507 | ref_KL=0.003239
2025-10-01 20:41:00,965 - INFO - Task 5 Iter 1120/1200 | lr=5.6989e-06 | acc=0.8819 | pos_cos=0.277479 | neg_cos=0.217268 | ref_L2=0.000041 | ref_cos=0.989400 | ref_KL=0.003302
2025-10-01 20:41:04,110 - INFO - Task 5 Iter 1130/1200 | lr=4.40553e-06 | acc=0.8613 | pos_cos=0.276893 | neg_cos=0.217956 | ref_L2=0.000042 | ref_cos=0.989327 | ref_KL=0.002970
2025-10-01 20:41:07,276 - INFO - Task 5 Iter 1140/1200 | lr=3.28051e-06 | acc=0.8591 | pos_cos=0.277124 | neg_cos=0.217692 | ref_L2=0.000042 | ref_cos=0.989253 | ref_KL=0.003181
2025-10-01 20:41:10,431 - INFO - Task 5 Iter 1150/1200 | lr=2.32462e-06 | acc=0.8697 | pos_cos=0.277015 | neg_cos=0.216856 | ref_L2=0.000042 | ref_cos=0.989318 | ref_KL=0.002911
2025-10-01 20:41:14,242 - INFO - Task 5 Iter 1160/1200 | lr=1.5385e-06 | acc=0.8920 | pos_cos=0.278133 | neg_cos=0.217263 | ref_L2=0.000043 | ref_cos=0.989080 | ref_KL=0.002897
2025-10-01 20:41:17,402 - INFO - Task 5 Iter 1170/1200 | lr=9.22707e-07 | acc=0.8643 | pos_cos=0.277609 | neg_cos=0.217341 | ref_L2=0.000043 | ref_cos=0.989092 | ref_KL=0.003316
2025-10-01 20:41:20,554 - INFO - Task 5 Iter 1180/1200 | lr=4.7765e-07 | acc=0.8634 | pos_cos=0.277195 | neg_cos=0.217602 | ref_L2=0.000042 | ref_cos=0.989207 | ref_KL=0.003176
2025-10-01 20:41:23,682 - INFO - Task 5 Iter 1190/1200 | lr=2.03637e-07 | acc=0.8634 | pos_cos=0.277202 | neg_cos=0.217589 | ref_L2=0.000041 | ref_cos=0.989467 | ref_KL=0.003371
2025-10-01 20:41:26,847 - INFO - Task 5 Iter 1200/1200 | lr=1.00857e-07 | acc=0.8671 | pos_cos=0.277420 | neg_cos=0.217422 | ref_L2=0.000041 | ref_cos=0.989599 | ref_KL=0.003050
2025-10-01 20:41:27,095 - INFO - Task 5 finished | total: 397.43 s | train: 397.18 s | drift: 0.00 s
2025-10-01 20:44:07,394 - INFO - Evaluating zeroshot performance after task 6
2025-10-01 20:44:24,419 - INFO -   fgvc_aircraft: 49.80%
2025-10-01 20:44:44,113 - INFO -   caltech-101: 93.21%
2025-10-01 20:44:50,699 - INFO -   dtd: 72.23%
2025-10-01 20:45:05,825 - INFO -   eurosat: 96.64%
2025-10-01 20:45:25,233 - INFO -   oxford_flower102: 92.55%
2025-10-01 20:46:40,767 - INFO -   food101: 91.65%
2025-10-01 20:46:52,764 - INFO -   oxford_pets: 87.41%
2025-10-01 20:47:20,626 - INFO -   stanford_cars: 57.89%
2025-10-01 20:47:20,626 - INFO - Average zeroshot accuracy after task 6: 80.17%
2025-10-01 20:47:20,627 - INFO - Starting task 7/8: oxford_pets (train=3680, test=3669, classes=37)
2025-10-01 20:47:24,299 - INFO - Task 6 Iter 10/1200 | lr=0.000499931 | acc=0.8334 | pos_cos=0.297018 | neg_cos=0.224050 | ref_L2=0.000064 | ref_cos=0.983627 | ref_KL=0.010602
2025-10-01 20:47:26,893 - INFO - Task 6 Iter 20/1200 | lr=0.000499691 | acc=0.8614 | pos_cos=0.295035 | neg_cos=0.230238 | ref_L2=0.000075 | ref_cos=0.980901 | ref_KL=0.014489
2025-10-01 20:47:29,486 - INFO - Task 6 Iter 30/1200 | lr=0.00049928 | acc=0.8768 | pos_cos=0.292875 | neg_cos=0.231338 | ref_L2=0.000078 | ref_cos=0.980137 | ref_KL=0.013772
2025-10-01 20:47:32,069 - INFO - Task 6 Iter 40/1200 | lr=0.000498698 | acc=0.8696 | pos_cos=0.291326 | neg_cos=0.232306 | ref_L2=0.000082 | ref_cos=0.979066 | ref_KL=0.014586
2025-10-01 20:47:34,623 - INFO - Task 6 Iter 50/1200 | lr=0.000497946 | acc=0.9038 | pos_cos=0.290142 | neg_cos=0.233347 | ref_L2=0.000077 | ref_cos=0.980191 | ref_KL=0.012753
2025-10-01 20:47:37,198 - INFO - Task 6 Iter 60/1200 | lr=0.000497024 | acc=0.9211 | pos_cos=0.288819 | neg_cos=0.233843 | ref_L2=0.000076 | ref_cos=0.980513 | ref_KL=0.012282
2025-10-01 20:47:40,722 - INFO - Task 6 Iter 70/1200 | lr=0.000495933 | acc=0.9280 | pos_cos=0.291279 | neg_cos=0.235333 | ref_L2=0.000076 | ref_cos=0.980513 | ref_KL=0.013181
2025-10-01 20:47:43,300 - INFO - Task 6 Iter 80/1200 | lr=0.000494673 | acc=0.9270 | pos_cos=0.289963 | neg_cos=0.235553 | ref_L2=0.000078 | ref_cos=0.979928 | ref_KL=0.017809
2025-10-01 20:47:45,862 - INFO - Task 6 Iter 90/1200 | lr=0.000493246 | acc=0.9325 | pos_cos=0.290447 | neg_cos=0.236079 | ref_L2=0.000076 | ref_cos=0.980454 | ref_KL=0.016764
2025-10-01 20:47:48,919 - INFO - Task 6 Iter 100/1200 | lr=0.000491652 | acc=0.9383 | pos_cos=0.290113 | neg_cos=0.235827 | ref_L2=0.000077 | ref_cos=0.980364 | ref_KL=0.014110
2025-10-01 20:47:51,502 - INFO - Task 6 Iter 110/1200 | lr=0.000489892 | acc=0.9326 | pos_cos=0.290902 | neg_cos=0.235719 | ref_L2=0.000075 | ref_cos=0.980869 | ref_KL=0.014219
2025-10-01 20:47:54,769 - INFO - Task 6 Iter 120/1200 | lr=0.000487968 | acc=0.9483 | pos_cos=0.289553 | neg_cos=0.234777 | ref_L2=0.000078 | ref_cos=0.980028 | ref_KL=0.015374
2025-10-01 20:47:58,051 - INFO - Task 6 Iter 130/1200 | lr=0.000485881 | acc=0.9537 | pos_cos=0.289151 | neg_cos=0.235553 | ref_L2=0.000077 | ref_cos=0.980268 | ref_KL=0.014543
2025-10-01 20:48:00,650 - INFO - Task 6 Iter 140/1200 | lr=0.000483632 | acc=0.9644 | pos_cos=0.289813 | neg_cos=0.236333 | ref_L2=0.000076 | ref_cos=0.980445 | ref_KL=0.015381
2025-10-01 20:48:03,236 - INFO - Task 6 Iter 150/1200 | lr=0.000481223 | acc=0.9779 | pos_cos=0.289350 | neg_cos=0.235903 | ref_L2=0.000077 | ref_cos=0.980286 | ref_KL=0.014126
2025-10-01 20:48:05,824 - INFO - Task 6 Iter 160/1200 | lr=0.000478656 | acc=0.9761 | pos_cos=0.289903 | neg_cos=0.236686 | ref_L2=0.000075 | ref_cos=0.980883 | ref_KL=0.016497
2025-10-01 20:48:08,405 - INFO - Task 6 Iter 170/1200 | lr=0.000475932 | acc=0.9797 | pos_cos=0.291762 | neg_cos=0.238256 | ref_L2=0.000076 | ref_cos=0.980600 | ref_KL=0.017753
2025-10-01 20:48:10,982 - INFO - Task 6 Iter 180/1200 | lr=0.000473053 | acc=0.9836 | pos_cos=0.293581 | neg_cos=0.239145 | ref_L2=0.000077 | ref_cos=0.980386 | ref_KL=0.016498
2025-10-01 20:48:13,600 - INFO - Task 6 Iter 190/1200 | lr=0.000470022 | acc=0.9806 | pos_cos=0.290870 | neg_cos=0.238261 | ref_L2=0.000076 | ref_cos=0.980421 | ref_KL=0.015291
2025-10-01 20:48:16,863 - INFO - Task 6 Iter 200/1200 | lr=0.000466839 | acc=0.9696 | pos_cos=0.289660 | neg_cos=0.236675 | ref_L2=0.000079 | ref_cos=0.979823 | ref_KL=0.018994
2025-10-01 20:48:19,450 - INFO - Task 6 Iter 210/1200 | lr=0.000463509 | acc=0.9779 | pos_cos=0.288376 | neg_cos=0.235930 | ref_L2=0.000078 | ref_cos=0.979992 | ref_KL=0.016100
2025-10-01 20:48:22,007 - INFO - Task 6 Iter 220/1200 | lr=0.000460031 | acc=0.9804 | pos_cos=0.289397 | neg_cos=0.236393 | ref_L2=0.000078 | ref_cos=0.979990 | ref_KL=0.014797
2025-10-01 20:48:24,563 - INFO - Task 6 Iter 230/1200 | lr=0.00045641 | acc=0.9697 | pos_cos=0.289783 | neg_cos=0.236659 | ref_L2=0.000075 | ref_cos=0.980851 | ref_KL=0.015345
2025-10-01 20:48:27,780 - INFO - Task 6 Iter 240/1200 | lr=0.000452648 | acc=0.9894 | pos_cos=0.289521 | neg_cos=0.236850 | ref_L2=0.000076 | ref_cos=0.980433 | ref_KL=0.017232
2025-10-01 20:48:30,339 - INFO - Task 6 Iter 250/1200 | lr=0.000448746 | acc=0.9910 | pos_cos=0.289788 | neg_cos=0.236525 | ref_L2=0.000076 | ref_cos=0.980487 | ref_KL=0.017795
2025-10-01 20:48:33,542 - INFO - Task 6 Iter 260/1200 | lr=0.000444709 | acc=0.9863 | pos_cos=0.289553 | neg_cos=0.237603 | ref_L2=0.000076 | ref_cos=0.980501 | ref_KL=0.017230
2025-10-01 20:48:36,159 - INFO - Task 6 Iter 270/1200 | lr=0.000440538 | acc=0.9905 | pos_cos=0.289116 | neg_cos=0.236742 | ref_L2=0.000076 | ref_cos=0.980568 | ref_KL=0.018477
2025-10-01 20:48:38,764 - INFO - Task 6 Iter 280/1200 | lr=0.000436236 | acc=0.9904 | pos_cos=0.289054 | neg_cos=0.236732 | ref_L2=0.000078 | ref_cos=0.980135 | ref_KL=0.026736
2025-10-01 20:48:41,362 - INFO - Task 6 Iter 290/1200 | lr=0.000431807 | acc=0.9913 | pos_cos=0.288926 | neg_cos=0.236549 | ref_L2=0.000079 | ref_cos=0.979837 | ref_KL=0.020101
2025-10-01 20:48:43,968 - INFO - Task 6 Iter 300/1200 | lr=0.000427253 | acc=0.9884 | pos_cos=0.290592 | neg_cos=0.238153 | ref_L2=0.000077 | ref_cos=0.980191 | ref_KL=0.015117
2025-10-01 20:48:46,537 - INFO - Task 6 Iter 310/1200 | lr=0.000422578 | acc=0.9934 | pos_cos=0.290147 | neg_cos=0.238028 | ref_L2=0.000077 | ref_cos=0.980356 | ref_KL=0.013217
2025-10-01 20:48:49,100 - INFO - Task 6 Iter 320/1200 | lr=0.000417785 | acc=0.9917 | pos_cos=0.289718 | neg_cos=0.237364 | ref_L2=0.000076 | ref_cos=0.980508 | ref_KL=0.014492
2025-10-01 20:48:52,390 - INFO - Task 6 Iter 330/1200 | lr=0.000412877 | acc=0.9906 | pos_cos=0.288393 | neg_cos=0.236653 | ref_L2=0.000078 | ref_cos=0.980000 | ref_KL=0.013593
2025-10-01 20:48:54,947 - INFO - Task 6 Iter 340/1200 | lr=0.000407857 | acc=0.9900 | pos_cos=0.287299 | neg_cos=0.235020 | ref_L2=0.000079 | ref_cos=0.979729 | ref_KL=0.013732
2025-10-01 20:48:56,713 - INFO - Evaluating zeroshot performance after task 6
2025-10-01 20:48:58,166 - INFO - Task 6 Iter 350/1200 | lr=0.000402729 | acc=0.9948 | pos_cos=0.287831 | neg_cos=0.235477 | ref_L2=0.000076 | ref_cos=0.980505 | ref_KL=0.019141
2025-10-01 20:49:00,591 - INFO - Task 6 Iter 360/1200 | lr=0.000397496 | acc=0.9982 | pos_cos=0.288377 | neg_cos=0.236640 | ref_L2=0.000077 | ref_cos=0.980298 | ref_KL=0.018365
2025-10-01 20:49:03,133 - INFO - Task 6 Iter 370/1200 | lr=0.000392162 | acc=0.9962 | pos_cos=0.288569 | neg_cos=0.236886 | ref_L2=0.000078 | ref_cos=0.980108 | ref_KL=0.017526
2025-10-01 20:49:05,637 - INFO - Task 6 Iter 380/1200 | lr=0.000386731 | acc=0.9987 | pos_cos=0.287919 | neg_cos=0.236134 | ref_L2=0.000076 | ref_cos=0.980431 | ref_KL=0.014959
2025-10-01 20:49:08,679 - INFO - Task 6 Iter 390/1200 | lr=0.000381206 | acc=0.9995 | pos_cos=0.286772 | neg_cos=0.235099 | ref_L2=0.000078 | ref_cos=0.979963 | ref_KL=0.012481
2025-10-01 20:49:11,013 - INFO - Task 6 Iter 400/1200 | lr=0.000375591 | acc=0.9966 | pos_cos=0.287641 | neg_cos=0.235863 | ref_L2=0.000078 | ref_cos=0.980045 | ref_KL=0.011384
2025-10-01 20:49:13,361 - INFO - Task 6 Iter 410/1200 | lr=0.00036989 | acc=0.9976 | pos_cos=0.288147 | neg_cos=0.236642 | ref_L2=0.000078 | ref_cos=0.979964 | ref_KL=0.016554
2025-10-01 20:49:15,728 - INFO - Task 6 Iter 420/1200 | lr=0.000364108 | acc=0.9992 | pos_cos=0.286686 | neg_cos=0.234984 | ref_L2=0.000075 | ref_cos=0.980679 | ref_KL=0.014257
2025-10-01 20:49:17,719 - INFO -   fgvc_aircraft: 51.04%
2025-10-01 20:49:18,158 - INFO - Task 6 Iter 430/1200 | lr=0.000358247 | acc=0.9957 | pos_cos=0.287538 | neg_cos=0.236148 | ref_L2=0.000077 | ref_cos=0.980180 | ref_KL=0.012759
2025-10-01 20:49:20,618 - INFO - Task 6 Iter 440/1200 | lr=0.000352311 | acc=0.9985 | pos_cos=0.288054 | neg_cos=0.236827 | ref_L2=0.000079 | ref_cos=0.979872 | ref_KL=0.012146
2025-10-01 20:49:24,505 - INFO - Task 6 Iter 450/1200 | lr=0.000346306 | acc=0.9969 | pos_cos=0.288465 | neg_cos=0.236820 | ref_L2=0.000080 | ref_cos=0.979507 | ref_KL=0.011990
2025-10-01 20:49:27,680 - INFO - Task 6 Iter 460/1200 | lr=0.000340235 | acc=0.9989 | pos_cos=0.288599 | neg_cos=0.237069 | ref_L2=0.000077 | ref_cos=0.980348 | ref_KL=0.010631
2025-10-01 20:49:31,518 - INFO - Task 6 Iter 470/1200 | lr=0.000334102 | acc=0.9996 | pos_cos=0.287536 | neg_cos=0.236338 | ref_L2=0.000079 | ref_cos=0.979869 | ref_KL=0.011371
2025-10-01 20:49:34,714 - INFO - Task 6 Iter 480/1200 | lr=0.000327911 | acc=0.9999 | pos_cos=0.286802 | neg_cos=0.235391 | ref_L2=0.000079 | ref_cos=0.979777 | ref_KL=0.010657
2025-10-01 20:49:37,962 - INFO - Task 6 Iter 490/1200 | lr=0.000321667 | acc=1.0000 | pos_cos=0.285819 | neg_cos=0.234886 | ref_L2=0.000077 | ref_cos=0.980191 | ref_KL=0.013496
2025-10-01 20:49:41,120 - INFO - Task 6 Iter 500/1200 | lr=0.000315374 | acc=1.0000 | pos_cos=0.286298 | neg_cos=0.234709 | ref_L2=0.000078 | ref_cos=0.979949 | ref_KL=0.011701
2025-10-01 20:49:41,191 - INFO -   caltech-101: 93.15%
2025-10-01 20:49:43,546 - INFO - Task 6 Iter 510/1200 | lr=0.000309036 | acc=1.0000 | pos_cos=0.285829 | neg_cos=0.234576 | ref_L2=0.000077 | ref_cos=0.980234 | ref_KL=0.012198
2025-10-01 20:49:47,271 - INFO - Task 6 Iter 520/1200 | lr=0.000302657 | acc=1.0000 | pos_cos=0.284498 | neg_cos=0.233677 | ref_L2=0.000078 | ref_cos=0.979941 | ref_KL=0.011385
2025-10-01 20:49:48,921 - INFO -   dtd: 72.34%
2025-10-01 20:49:49,869 - INFO - Task 6 Iter 530/1200 | lr=0.000296243 | acc=1.0000 | pos_cos=0.285089 | neg_cos=0.234204 | ref_L2=0.000078 | ref_cos=0.980048 | ref_KL=0.011314
2025-10-01 20:49:53,017 - INFO - Task 6 Iter 540/1200 | lr=0.000289797 | acc=0.9985 | pos_cos=0.285592 | neg_cos=0.234792 | ref_L2=0.000075 | ref_cos=0.980776 | ref_KL=0.010699
2025-10-01 20:49:56,240 - INFO - Task 6 Iter 550/1200 | lr=0.000283324 | acc=0.9995 | pos_cos=0.286277 | neg_cos=0.235150 | ref_L2=0.000075 | ref_cos=0.980699 | ref_KL=0.010609
2025-10-01 20:49:59,397 - INFO - Task 6 Iter 560/1200 | lr=0.000276828 | acc=0.9998 | pos_cos=0.284943 | neg_cos=0.234269 | ref_L2=0.000077 | ref_cos=0.980243 | ref_KL=0.010762
2025-10-01 20:50:02,537 - INFO - Task 6 Iter 570/1200 | lr=0.000270313 | acc=0.9999 | pos_cos=0.284873 | neg_cos=0.233722 | ref_L2=0.000076 | ref_cos=0.980450 | ref_KL=0.010221
2025-10-01 20:50:07,142 - INFO - Task 6 Iter 580/1200 | lr=0.000263785 | acc=1.0000 | pos_cos=0.286078 | neg_cos=0.235034 | ref_L2=0.000076 | ref_cos=0.980472 | ref_KL=0.009076
2025-10-01 20:50:07,488 - INFO -   eurosat: 97.34%
2025-10-01 20:50:09,004 - INFO - Task 6 Iter 590/1200 | lr=0.000257247 | acc=1.0000 | pos_cos=0.286041 | neg_cos=0.234929 | ref_L2=0.000076 | ref_cos=0.980427 | ref_KL=0.009339
2025-10-01 20:50:12,034 - INFO - Task 6 Iter 600/1200 | lr=0.000250704 | acc=1.0000 | pos_cos=0.285830 | neg_cos=0.234893 | ref_L2=0.000075 | ref_cos=0.980722 | ref_KL=0.011022
2025-10-01 20:50:15,179 - INFO - Task 6 Iter 610/1200 | lr=0.000244161 | acc=1.0000 | pos_cos=0.285144 | neg_cos=0.234367 | ref_L2=0.000076 | ref_cos=0.980512 | ref_KL=0.009297
2025-10-01 20:50:18,352 - INFO - Task 6 Iter 620/1200 | lr=0.000237622 | acc=1.0000 | pos_cos=0.284276 | neg_cos=0.233390 | ref_L2=0.000078 | ref_cos=0.979998 | ref_KL=0.009786
2025-10-01 20:50:21,568 - INFO - Task 6 Iter 630/1200 | lr=0.000231092 | acc=1.0000 | pos_cos=0.283445 | neg_cos=0.233003 | ref_L2=0.000075 | ref_cos=0.980894 | ref_KL=0.010074
2025-10-01 20:50:24,727 - INFO - Task 6 Iter 640/1200 | lr=0.000224574 | acc=1.0000 | pos_cos=0.285092 | neg_cos=0.234280 | ref_L2=0.000075 | ref_cos=0.980831 | ref_KL=0.009852
2025-10-01 20:50:28,602 - INFO - Task 6 Iter 650/1200 | lr=0.000218074 | acc=1.0000 | pos_cos=0.284800 | neg_cos=0.234087 | ref_L2=0.000076 | ref_cos=0.980517 | ref_KL=0.009081
2025-10-01 20:50:31,810 - INFO - Task 6 Iter 660/1200 | lr=0.000211596 | acc=1.0000 | pos_cos=0.284145 | neg_cos=0.233506 | ref_L2=0.000077 | ref_cos=0.980357 | ref_KL=0.007918
2025-10-01 20:50:32,239 - INFO -   oxford_flower102: 91.58%
2025-10-01 20:50:33,820 - INFO - Task 6 Iter 670/1200 | lr=0.000205144 | acc=1.0000 | pos_cos=0.284067 | neg_cos=0.233422 | ref_L2=0.000075 | ref_cos=0.980860 | ref_KL=0.008393
2025-10-01 20:50:36,899 - INFO - Task 6 Iter 680/1200 | lr=0.000198723 | acc=1.0000 | pos_cos=0.284281 | neg_cos=0.233670 | ref_L2=0.000076 | ref_cos=0.980625 | ref_KL=0.007473
2025-10-01 20:50:40,035 - INFO - Task 6 Iter 690/1200 | lr=0.000192337 | acc=1.0000 | pos_cos=0.283733 | neg_cos=0.233145 | ref_L2=0.000075 | ref_cos=0.980832 | ref_KL=0.008808
2025-10-01 20:50:43,863 - INFO - Task 6 Iter 700/1200 | lr=0.00018599 | acc=1.0000 | pos_cos=0.283706 | neg_cos=0.233059 | ref_L2=0.000075 | ref_cos=0.980706 | ref_KL=0.008728
2025-10-01 20:50:47,696 - INFO - Task 6 Iter 710/1200 | lr=0.000179688 | acc=1.0000 | pos_cos=0.283595 | neg_cos=0.233174 | ref_L2=0.000075 | ref_cos=0.980704 | ref_KL=0.008475
2025-10-01 20:50:50,886 - INFO - Task 6 Iter 720/1200 | lr=0.000173434 | acc=1.0000 | pos_cos=0.283834 | neg_cos=0.233402 | ref_L2=0.000074 | ref_cos=0.980989 | ref_KL=0.007794
2025-10-01 20:50:54,088 - INFO - Task 6 Iter 730/1200 | lr=0.000167232 | acc=1.0000 | pos_cos=0.282885 | neg_cos=0.232392 | ref_L2=0.000074 | ref_cos=0.980971 | ref_KL=0.007544
2025-10-01 20:50:57,299 - INFO - Task 6 Iter 740/1200 | lr=0.000161087 | acc=1.0000 | pos_cos=0.283637 | neg_cos=0.233172 | ref_L2=0.000075 | ref_cos=0.980764 | ref_KL=0.007920
2025-10-01 20:51:00,485 - INFO - Task 6 Iter 750/1200 | lr=0.000155003 | acc=1.0000 | pos_cos=0.283860 | neg_cos=0.233411 | ref_L2=0.000074 | ref_cos=0.981005 | ref_KL=0.008246
2025-10-01 20:51:03,603 - INFO - Task 6 Iter 760/1200 | lr=0.000148984 | acc=1.0000 | pos_cos=0.284014 | neg_cos=0.233527 | ref_L2=0.000075 | ref_cos=0.980700 | ref_KL=0.007324
2025-10-01 20:51:07,496 - INFO - Task 6 Iter 770/1200 | lr=0.000143035 | acc=1.0000 | pos_cos=0.284371 | neg_cos=0.233936 | ref_L2=0.000078 | ref_cos=0.980083 | ref_KL=0.007682
2025-10-01 20:51:10,648 - INFO - Task 6 Iter 780/1200 | lr=0.000137159 | acc=1.0000 | pos_cos=0.284305 | neg_cos=0.233525 | ref_L2=0.000077 | ref_cos=0.980273 | ref_KL=0.007669
2025-10-01 20:51:13,775 - INFO - Task 6 Iter 790/1200 | lr=0.00013136 | acc=1.0000 | pos_cos=0.283993 | neg_cos=0.233713 | ref_L2=0.000075 | ref_cos=0.980717 | ref_KL=0.007371
2025-10-01 20:51:16,961 - INFO - Task 6 Iter 800/1200 | lr=0.000125642 | acc=1.0000 | pos_cos=0.284031 | neg_cos=0.233587 | ref_L2=0.000077 | ref_cos=0.980303 | ref_KL=0.007162
2025-10-01 20:51:20,864 - INFO - Task 6 Iter 810/1200 | lr=0.00012001 | acc=1.0000 | pos_cos=0.284084 | neg_cos=0.233751 | ref_L2=0.000076 | ref_cos=0.980425 | ref_KL=0.007272
2025-10-01 20:51:24,072 - INFO - Task 6 Iter 820/1200 | lr=0.000114467 | acc=1.0000 | pos_cos=0.282745 | neg_cos=0.232590 | ref_L2=0.000073 | ref_cos=0.981298 | ref_KL=0.006519
2025-10-01 20:51:27,276 - INFO - Task 6 Iter 830/1200 | lr=0.000109017 | acc=1.0000 | pos_cos=0.284332 | neg_cos=0.233899 | ref_L2=0.000073 | ref_cos=0.981419 | ref_KL=0.007101
2025-10-01 20:51:31,125 - INFO - Task 6 Iter 840/1200 | lr=0.000103663 | acc=1.0000 | pos_cos=0.284131 | neg_cos=0.233859 | ref_L2=0.000073 | ref_cos=0.981318 | ref_KL=0.007383
2025-10-01 20:51:34,321 - INFO - Task 6 Iter 850/1200 | lr=9.84097e-05 | acc=1.0000 | pos_cos=0.282777 | neg_cos=0.232421 | ref_L2=0.000074 | ref_cos=0.980981 | ref_KL=0.006652
2025-10-01 20:51:37,497 - INFO - Task 6 Iter 860/1200 | lr=9.32604e-05 | acc=1.0000 | pos_cos=0.283583 | neg_cos=0.233295 | ref_L2=0.000072 | ref_cos=0.981638 | ref_KL=0.006331
2025-10-01 20:51:40,644 - INFO - Task 6 Iter 870/1200 | lr=8.82186e-05 | acc=1.0000 | pos_cos=0.283837 | neg_cos=0.233523 | ref_L2=0.000073 | ref_cos=0.981225 | ref_KL=0.006254
2025-10-01 20:51:43,779 - INFO - Task 6 Iter 880/1200 | lr=8.32877e-05 | acc=1.0000 | pos_cos=0.283863 | neg_cos=0.233494 | ref_L2=0.000075 | ref_cos=0.980728 | ref_KL=0.007568
2025-10-01 20:51:46,897 - INFO - Task 6 Iter 890/1200 | lr=7.8471e-05 | acc=1.0000 | pos_cos=0.285090 | neg_cos=0.234755 | ref_L2=0.000073 | ref_cos=0.981310 | ref_KL=0.012245
2025-10-01 20:51:50,662 - INFO - Task 6 Iter 900/1200 | lr=7.3772e-05 | acc=1.0000 | pos_cos=0.284363 | neg_cos=0.233996 | ref_L2=0.000075 | ref_cos=0.980782 | ref_KL=0.009263
2025-10-01 20:51:53,842 - INFO - Task 6 Iter 910/1200 | lr=6.91937e-05 | acc=1.0000 | pos_cos=0.283980 | neg_cos=0.233704 | ref_L2=0.000076 | ref_cos=0.980519 | ref_KL=0.007086
2025-10-01 20:51:57,005 - INFO - Task 6 Iter 920/1200 | lr=6.47394e-05 | acc=1.0000 | pos_cos=0.283163 | neg_cos=0.233040 | ref_L2=0.000073 | ref_cos=0.981403 | ref_KL=0.006695
2025-10-01 20:52:00,861 - INFO - Task 6 Iter 930/1200 | lr=6.04122e-05 | acc=1.0000 | pos_cos=0.283455 | neg_cos=0.233208 | ref_L2=0.000076 | ref_cos=0.980465 | ref_KL=0.008427
2025-10-01 20:52:04,044 - INFO - Task 6 Iter 940/1200 | lr=5.62148e-05 | acc=1.0000 | pos_cos=0.282981 | neg_cos=0.232639 | ref_L2=0.000075 | ref_cos=0.980800 | ref_KL=0.007415
2025-10-01 20:52:05,764 - INFO -   food101: 91.60%
2025-10-01 20:52:06,448 - INFO - Task 6 Iter 950/1200 | lr=5.21504e-05 | acc=1.0000 | pos_cos=0.283056 | neg_cos=0.232905 | ref_L2=0.000075 | ref_cos=0.980702 | ref_KL=0.006789
2025-10-01 20:52:09,385 - INFO - Task 6 Iter 960/1200 | lr=4.82215e-05 | acc=1.0000 | pos_cos=0.283436 | neg_cos=0.233236 | ref_L2=0.000075 | ref_cos=0.980688 | ref_KL=0.006069
2025-10-01 20:52:13,217 - INFO - Task 6 Iter 970/1200 | lr=4.4431e-05 | acc=1.0000 | pos_cos=0.282962 | neg_cos=0.232839 | ref_L2=0.000075 | ref_cos=0.980692 | ref_KL=0.006426
2025-10-01 20:52:16,334 - INFO - Task 6 Iter 980/1200 | lr=4.07814e-05 | acc=1.0000 | pos_cos=0.283526 | neg_cos=0.233217 | ref_L2=0.000076 | ref_cos=0.980442 | ref_KL=0.006765
2025-10-01 20:52:19,492 - INFO - Task 6 Iter 990/1200 | lr=3.72752e-05 | acc=1.0000 | pos_cos=0.282172 | neg_cos=0.231873 | ref_L2=0.000073 | ref_cos=0.981374 | ref_KL=0.006215
2025-10-01 20:52:20,191 - INFO -   oxford_pets: 88.14%
2025-10-01 20:52:21,822 - INFO - Task 6 Iter 1000/1200 | lr=3.39149e-05 | acc=1.0000 | pos_cos=0.282580 | neg_cos=0.232731 | ref_L2=0.000075 | ref_cos=0.980696 | ref_KL=0.006321
2025-10-01 20:52:24,070 - INFO - Task 6 Iter 1010/1200 | lr=3.07027e-05 | acc=1.0000 | pos_cos=0.283298 | neg_cos=0.233075 | ref_L2=0.000074 | ref_cos=0.980938 | ref_KL=0.005786
2025-10-01 20:52:27,314 - INFO - Task 6 Iter 1020/1200 | lr=2.76408e-05 | acc=1.0000 | pos_cos=0.283097 | neg_cos=0.232911 | ref_L2=0.000073 | ref_cos=0.981192 | ref_KL=0.006568
2025-10-01 20:52:31,154 - INFO - Task 6 Iter 1030/1200 | lr=2.47313e-05 | acc=1.0000 | pos_cos=0.283571 | neg_cos=0.233260 | ref_L2=0.000073 | ref_cos=0.981319 | ref_KL=0.006005
2025-10-01 20:52:34,866 - INFO - Task 6 Iter 1040/1200 | lr=2.19763e-05 | acc=1.0000 | pos_cos=0.283395 | neg_cos=0.233235 | ref_L2=0.000071 | ref_cos=0.981750 | ref_KL=0.007493
2025-10-01 20:52:38,070 - INFO - Task 6 Iter 1050/1200 | lr=1.93775e-05 | acc=1.0000 | pos_cos=0.282839 | neg_cos=0.232628 | ref_L2=0.000072 | ref_cos=0.981503 | ref_KL=0.006362
2025-10-01 20:52:41,254 - INFO - Task 6 Iter 1060/1200 | lr=1.69369e-05 | acc=1.0000 | pos_cos=0.282203 | neg_cos=0.232163 | ref_L2=0.000077 | ref_cos=0.980188 | ref_KL=0.005987
2025-10-01 20:52:44,430 - INFO - Task 6 Iter 1070/1200 | lr=1.4656e-05 | acc=1.0000 | pos_cos=0.282390 | neg_cos=0.232236 | ref_L2=0.000075 | ref_cos=0.980795 | ref_KL=0.006131
2025-10-01 20:52:47,403 - INFO - Task 6 Iter 1080/1200 | lr=1.25364e-05 | acc=1.0000 | pos_cos=0.282182 | neg_cos=0.231993 | ref_L2=0.000076 | ref_cos=0.980595 | ref_KL=0.006102
2025-10-01 20:52:50,803 - INFO - Task 6 Iter 1090/1200 | lr=1.05797e-05 | acc=1.0000 | pos_cos=0.282221 | neg_cos=0.232193 | ref_L2=0.000074 | ref_cos=0.981066 | ref_KL=0.006016
2025-10-01 20:52:53,182 - INFO -   stanford_cars: 59.35%
2025-10-01 20:52:53,182 - INFO - Average zeroshot accuracy after task 6: 80.57%
2025-10-01 20:52:53,183 - INFO - Starting task 7/8: oxford_pets (train=3680, test=3669, classes=37)
2025-10-01 20:52:53,555 - INFO - Task 6 Iter 1100/1200 | lr=8.78703e-06 | acc=1.0000 | pos_cos=0.282865 | neg_cos=0.232707 | ref_L2=0.000076 | ref_cos=0.980467 | ref_KL=0.007371
2025-10-01 20:52:56,110 - INFO - Task 6 Iter 1110/1200 | lr=7.15973e-06 | acc=1.0000 | pos_cos=0.284015 | neg_cos=0.233851 | ref_L2=0.000073 | ref_cos=0.981222 | ref_KL=0.006748
2025-10-01 20:52:57,992 - INFO - Task 6 Iter 10/1200 | lr=0.000499931 | acc=0.8419 | pos_cos=0.299340 | neg_cos=0.223336 | ref_L2=0.000050 | ref_cos=0.987106 | ref_KL=0.007200
2025-10-01 20:52:59,445 - INFO - Task 6 Iter 1120/1200 | lr=5.6989e-06 | acc=1.0000 | pos_cos=0.284190 | neg_cos=0.233984 | ref_L2=0.000074 | ref_cos=0.981082 | ref_KL=0.005826
2025-10-01 20:53:01,650 - INFO - Task 6 Iter 20/1200 | lr=0.000499691 | acc=0.8596 | pos_cos=0.297573 | neg_cos=0.230240 | ref_L2=0.000058 | ref_cos=0.985095 | ref_KL=0.009688
2025-10-01 20:53:03,050 - INFO - Task 6 Iter 1130/1200 | lr=4.40553e-06 | acc=1.0000 | pos_cos=0.283797 | neg_cos=0.233539 | ref_L2=0.000073 | ref_cos=0.981237 | ref_KL=0.005988
2025-10-01 20:53:05,231 - INFO - Task 6 Iter 30/1200 | lr=0.00049928 | acc=0.8662 | pos_cos=0.295700 | neg_cos=0.233313 | ref_L2=0.000060 | ref_cos=0.984537 | ref_KL=0.009626
2025-10-01 20:53:06,351 - INFO - Task 6 Iter 1140/1200 | lr=3.28051e-06 | acc=1.0000 | pos_cos=0.283010 | neg_cos=0.232828 | ref_L2=0.000074 | ref_cos=0.980930 | ref_KL=0.005957
2025-10-01 20:53:08,650 - INFO - Task 6 Iter 40/1200 | lr=0.000498698 | acc=0.8822 | pos_cos=0.295103 | neg_cos=0.234384 | ref_L2=0.000062 | ref_cos=0.984032 | ref_KL=0.009886
2025-10-01 20:53:09,794 - INFO - Task 6 Iter 1150/1200 | lr=2.32462e-06 | acc=1.0000 | pos_cos=0.282261 | neg_cos=0.232363 | ref_L2=0.000075 | ref_cos=0.980781 | ref_KL=0.005840
2025-10-01 20:53:11,265 - INFO - Task 6 Iter 50/1200 | lr=0.000497946 | acc=0.9111 | pos_cos=0.293892 | neg_cos=0.236391 | ref_L2=0.000060 | ref_cos=0.984744 | ref_KL=0.008976
2025-10-01 20:53:14,177 - INFO - Task 6 Iter 60/1200 | lr=0.000497024 | acc=0.9177 | pos_cos=0.293623 | neg_cos=0.237820 | ref_L2=0.000059 | ref_cos=0.984781 | ref_KL=0.008840
2025-10-01 20:53:14,887 - INFO - Task 6 Iter 1160/1200 | lr=1.5385e-06 | acc=1.0000 | pos_cos=0.282724 | neg_cos=0.232742 | ref_L2=0.000074 | ref_cos=0.981037 | ref_KL=0.006278
2025-10-01 20:53:17,750 - INFO - Task 6 Iter 1170/1200 | lr=9.22707e-07 | acc=1.0000 | pos_cos=0.282797 | neg_cos=0.232758 | ref_L2=0.000072 | ref_cos=0.981540 | ref_KL=0.006079
2025-10-01 20:53:18,498 - INFO - Task 6 Iter 70/1200 | lr=0.000495933 | acc=0.9308 | pos_cos=0.295337 | neg_cos=0.238656 | ref_L2=0.000060 | ref_cos=0.984625 | ref_KL=0.009692
2025-10-01 20:53:21,342 - INFO - Task 6 Iter 1180/1200 | lr=4.7765e-07 | acc=1.0000 | pos_cos=0.282649 | neg_cos=0.232645 | ref_L2=0.000075 | ref_cos=0.980816 | ref_KL=0.006178
2025-10-01 20:53:22,098 - INFO - Task 6 Iter 80/1200 | lr=0.000494673 | acc=0.9218 | pos_cos=0.293707 | neg_cos=0.238539 | ref_L2=0.000061 | ref_cos=0.984301 | ref_KL=0.013438
2025-10-01 20:53:25,050 - INFO - Task 6 Iter 1190/1200 | lr=2.03637e-07 | acc=1.0000 | pos_cos=0.282793 | neg_cos=0.232575 | ref_L2=0.000075 | ref_cos=0.980737 | ref_KL=0.006635
2025-10-01 20:53:25,793 - INFO - Task 6 Iter 90/1200 | lr=0.000493246 | acc=0.9315 | pos_cos=0.293837 | neg_cos=0.238983 | ref_L2=0.000060 | ref_cos=0.984518 | ref_KL=0.012925
2025-10-01 20:53:28,542 - INFO - Task 6 Iter 1200/1200 | lr=1.00857e-07 | acc=1.0000 | pos_cos=0.282558 | neg_cos=0.232282 | ref_L2=0.000074 | ref_cos=0.981101 | ref_KL=0.006209
2025-10-01 20:53:28,737 - INFO - Task 6 finished | total: 367.78 s | train: 367.58 s | drift: 0.00 s
2025-10-01 20:53:28,993 - INFO - Task 6 Iter 100/1200 | lr=0.000491652 | acc=0.9375 | pos_cos=0.293429 | neg_cos=0.238660 | ref_L2=0.000060 | ref_cos=0.984548 | ref_KL=0.011186
2025-10-01 20:53:31,559 - INFO - Task 6 Iter 110/1200 | lr=0.000489892 | acc=0.9259 | pos_cos=0.294053 | neg_cos=0.238693 | ref_L2=0.000060 | ref_cos=0.984636 | ref_KL=0.012913
2025-10-01 20:53:35,447 - INFO - Task 6 Iter 120/1200 | lr=0.000487968 | acc=0.9552 | pos_cos=0.293314 | neg_cos=0.238180 | ref_L2=0.000063 | ref_cos=0.983863 | ref_KL=0.012749
2025-10-01 20:53:39,333 - INFO - Task 6 Iter 130/1200 | lr=0.000485881 | acc=0.9542 | pos_cos=0.293159 | neg_cos=0.239170 | ref_L2=0.000062 | ref_cos=0.984004 | ref_KL=0.013411
2025-10-01 20:53:42,694 - INFO - Task 6 Iter 140/1200 | lr=0.000483632 | acc=0.9646 | pos_cos=0.293450 | neg_cos=0.239687 | ref_L2=0.000062 | ref_cos=0.984137 | ref_KL=0.013969
2025-10-01 20:53:46,081 - INFO - Task 6 Iter 150/1200 | lr=0.000481223 | acc=0.9711 | pos_cos=0.292825 | neg_cos=0.238799 | ref_L2=0.000063 | ref_cos=0.983837 | ref_KL=0.012604
2025-10-01 20:53:49,402 - INFO - Task 6 Iter 160/1200 | lr=0.000478656 | acc=0.9648 | pos_cos=0.293476 | neg_cos=0.239757 | ref_L2=0.000061 | ref_cos=0.984304 | ref_KL=0.016696
2025-10-01 20:53:52,723 - INFO - Task 6 Iter 170/1200 | lr=0.000475932 | acc=0.9708 | pos_cos=0.294352 | neg_cos=0.240529 | ref_L2=0.000061 | ref_cos=0.984322 | ref_KL=0.015846
2025-10-01 20:53:56,200 - INFO - Task 6 Iter 180/1200 | lr=0.000473053 | acc=0.9778 | pos_cos=0.296529 | neg_cos=0.241793 | ref_L2=0.000064 | ref_cos=0.983723 | ref_KL=0.013110
2025-10-01 20:53:56,964 - INFO - Evaluating zeroshot performance after task 7
2025-10-01 20:53:58,695 - INFO - Task 6 Iter 190/1200 | lr=0.000470022 | acc=0.9741 | pos_cos=0.294312 | neg_cos=0.241163 | ref_L2=0.000063 | ref_cos=0.983920 | ref_KL=0.013759
2025-10-01 20:54:01,812 - INFO - Task 6 Iter 200/1200 | lr=0.000466839 | acc=0.9659 | pos_cos=0.292963 | neg_cos=0.239498 | ref_L2=0.000065 | ref_cos=0.983297 | ref_KL=0.017807
2025-10-01 20:54:04,416 - INFO - Task 6 Iter 210/1200 | lr=0.000463509 | acc=0.9747 | pos_cos=0.291651 | neg_cos=0.238610 | ref_L2=0.000064 | ref_cos=0.983647 | ref_KL=0.015774
2025-10-01 20:54:06,871 - INFO - Task 6 Iter 220/1200 | lr=0.000460031 | acc=0.9800 | pos_cos=0.291914 | neg_cos=0.238770 | ref_L2=0.000064 | ref_cos=0.983614 | ref_KL=0.013784
2025-10-01 20:54:09,448 - INFO - Task 6 Iter 230/1200 | lr=0.00045641 | acc=0.9662 | pos_cos=0.292282 | neg_cos=0.238788 | ref_L2=0.000061 | ref_cos=0.984427 | ref_KL=0.014247
2025-10-01 20:54:12,632 - INFO - Task 6 Iter 240/1200 | lr=0.000452648 | acc=0.9829 | pos_cos=0.292294 | neg_cos=0.238736 | ref_L2=0.000062 | ref_cos=0.984049 | ref_KL=0.014268
2025-10-01 20:54:15,179 - INFO - Task 6 Iter 250/1200 | lr=0.000448746 | acc=0.9887 | pos_cos=0.291415 | neg_cos=0.237858 | ref_L2=0.000062 | ref_cos=0.984114 | ref_KL=0.013654
2025-10-01 20:54:17,750 - INFO -   fgvc_aircraft: 50.32%
2025-10-01 20:54:18,395 - INFO - Task 6 Iter 260/1200 | lr=0.000444709 | acc=0.9828 | pos_cos=0.291089 | neg_cos=0.238789 | ref_L2=0.000061 | ref_cos=0.984290 | ref_KL=0.015901
2025-10-01 20:54:21,070 - INFO - Task 6 Iter 270/1200 | lr=0.000440538 | acc=0.9846 | pos_cos=0.290896 | neg_cos=0.237772 | ref_L2=0.000062 | ref_cos=0.984231 | ref_KL=0.017601
2025-10-01 20:54:24,371 - INFO - Task 6 Iter 280/1200 | lr=0.000436236 | acc=0.9883 | pos_cos=0.290752 | neg_cos=0.237940 | ref_L2=0.000064 | ref_cos=0.983560 | ref_KL=0.024697
2025-10-01 20:54:27,731 - INFO - Task 6 Iter 290/1200 | lr=0.000431807 | acc=0.9874 | pos_cos=0.291124 | neg_cos=0.237893 | ref_L2=0.000066 | ref_cos=0.983167 | ref_KL=0.017518
2025-10-01 20:54:31,048 - INFO - Task 6 Iter 300/1200 | lr=0.000427253 | acc=0.9785 | pos_cos=0.292391 | neg_cos=0.239538 | ref_L2=0.000064 | ref_cos=0.983662 | ref_KL=0.012731
2025-10-01 20:54:34,412 - INFO - Task 6 Iter 310/1200 | lr=0.000422578 | acc=0.9877 | pos_cos=0.292409 | neg_cos=0.239665 | ref_L2=0.000062 | ref_cos=0.984054 | ref_KL=0.011312
2025-10-01 20:54:37,807 - INFO - Task 6 Iter 320/1200 | lr=0.000417785 | acc=0.9914 | pos_cos=0.292619 | neg_cos=0.239924 | ref_L2=0.000062 | ref_cos=0.984090 | ref_KL=0.013678
2025-10-01 20:54:41,803 - INFO - Task 6 Iter 330/1200 | lr=0.000412877 | acc=0.9892 | pos_cos=0.291296 | neg_cos=0.239062 | ref_L2=0.000064 | ref_cos=0.983696 | ref_KL=0.011908
2025-10-01 20:54:42,122 - INFO -   caltech-101: 90.66%
2025-10-01 20:54:44,065 - INFO - Task 6 Iter 340/1200 | lr=0.000407857 | acc=0.9915 | pos_cos=0.290150 | neg_cos=0.237293 | ref_L2=0.000064 | ref_cos=0.983501 | ref_KL=0.010912
2025-10-01 20:54:48,187 - INFO - Task 6 Iter 350/1200 | lr=0.000402729 | acc=0.9880 | pos_cos=0.290293 | neg_cos=0.237345 | ref_L2=0.000062 | ref_cos=0.984201 | ref_KL=0.016974
2025-10-01 20:54:50,191 - INFO -   dtd: 71.12%
2025-10-01 20:54:50,864 - INFO - Task 6 Iter 360/1200 | lr=0.000397496 | acc=0.9913 | pos_cos=0.290590 | neg_cos=0.238453 | ref_L2=0.000063 | ref_cos=0.983959 | ref_KL=0.014847
2025-10-01 20:54:54,345 - INFO - Task 6 Iter 370/1200 | lr=0.000392162 | acc=0.9886 | pos_cos=0.290770 | neg_cos=0.238613 | ref_L2=0.000063 | ref_cos=0.983837 | ref_KL=0.015368
2025-10-01 20:54:57,558 - INFO - Task 6 Iter 380/1200 | lr=0.000386731 | acc=0.9945 | pos_cos=0.290496 | neg_cos=0.238219 | ref_L2=0.000062 | ref_cos=0.984196 | ref_KL=0.012490
2025-10-01 20:55:01,467 - INFO - Task 6 Iter 390/1200 | lr=0.000381206 | acc=0.9981 | pos_cos=0.289035 | neg_cos=0.236744 | ref_L2=0.000063 | ref_cos=0.983850 | ref_KL=0.011122
2025-10-01 20:55:04,756 - INFO - Task 6 Iter 400/1200 | lr=0.000375591 | acc=0.9947 | pos_cos=0.289629 | neg_cos=0.237260 | ref_L2=0.000063 | ref_cos=0.983910 | ref_KL=0.009083
2025-10-01 20:55:08,247 - INFO - Task 6 Iter 410/1200 | lr=0.00036989 | acc=0.9926 | pos_cos=0.290140 | neg_cos=0.238226 | ref_L2=0.000064 | ref_cos=0.983693 | ref_KL=0.014832
2025-10-01 20:55:09,367 - INFO -   eurosat: 96.90%
2025-10-01 20:55:10,774 - INFO - Task 6 Iter 420/1200 | lr=0.000364108 | acc=0.9939 | pos_cos=0.289372 | neg_cos=0.236908 | ref_L2=0.000061 | ref_cos=0.984262 | ref_KL=0.011393
2025-10-01 20:55:14,164 - INFO - Task 6 Iter 430/1200 | lr=0.000358247 | acc=0.9939 | pos_cos=0.290112 | neg_cos=0.238189 | ref_L2=0.000063 | ref_cos=0.983803 | ref_KL=0.010936
2025-10-01 20:55:17,791 - INFO - Task 6 Iter 440/1200 | lr=0.000352311 | acc=0.9960 | pos_cos=0.290662 | neg_cos=0.238756 | ref_L2=0.000063 | ref_cos=0.983842 | ref_KL=0.009460
2025-10-01 20:55:21,976 - INFO - Task 6 Iter 450/1200 | lr=0.000346306 | acc=0.9897 | pos_cos=0.291352 | neg_cos=0.238944 | ref_L2=0.000064 | ref_cos=0.983604 | ref_KL=0.009450
2025-10-01 20:55:25,535 - INFO - Task 6 Iter 460/1200 | lr=0.000340235 | acc=0.9964 | pos_cos=0.290987 | neg_cos=0.239055 | ref_L2=0.000062 | ref_cos=0.984174 | ref_KL=0.009592
2025-10-01 20:55:29,820 - INFO - Task 6 Iter 470/1200 | lr=0.000334102 | acc=0.9959 | pos_cos=0.290562 | neg_cos=0.238782 | ref_L2=0.000062 | ref_cos=0.984030 | ref_KL=0.009250
2025-10-01 20:55:32,749 - INFO -   oxford_flower102: 89.41%
2025-10-01 20:55:33,069 - INFO - Task 6 Iter 480/1200 | lr=0.000327911 | acc=0.9986 | pos_cos=0.290054 | neg_cos=0.238030 | ref_L2=0.000063 | ref_cos=0.983970 | ref_KL=0.008080
2025-10-01 20:55:35,751 - INFO - Task 6 Iter 490/1200 | lr=0.000321667 | acc=0.9978 | pos_cos=0.289159 | neg_cos=0.237526 | ref_L2=0.000062 | ref_cos=0.984035 | ref_KL=0.009131
2025-10-01 20:55:39,317 - INFO - Task 6 Iter 500/1200 | lr=0.000315374 | acc=0.9976 | pos_cos=0.289654 | neg_cos=0.237030 | ref_L2=0.000063 | ref_cos=0.983867 | ref_KL=0.008353
2025-10-01 20:55:42,888 - INFO - Task 6 Iter 510/1200 | lr=0.000309036 | acc=0.9963 | pos_cos=0.289065 | neg_cos=0.237293 | ref_L2=0.000062 | ref_cos=0.984200 | ref_KL=0.008209
2025-10-01 20:55:47,080 - INFO - Task 6 Iter 520/1200 | lr=0.000302657 | acc=0.9987 | pos_cos=0.287805 | neg_cos=0.236215 | ref_L2=0.000062 | ref_cos=0.984054 | ref_KL=0.008090
2025-10-01 20:55:50,657 - INFO - Task 6 Iter 530/1200 | lr=0.000296243 | acc=0.9977 | pos_cos=0.287724 | neg_cos=0.236167 | ref_L2=0.000062 | ref_cos=0.984104 | ref_KL=0.008042
2025-10-01 20:55:54,184 - INFO - Task 6 Iter 540/1200 | lr=0.000289797 | acc=0.9977 | pos_cos=0.287476 | neg_cos=0.236109 | ref_L2=0.000060 | ref_cos=0.984615 | ref_KL=0.007512
2025-10-01 20:55:57,718 - INFO - Task 6 Iter 550/1200 | lr=0.000283324 | acc=0.9992 | pos_cos=0.288258 | neg_cos=0.236358 | ref_L2=0.000060 | ref_cos=0.984605 | ref_KL=0.008288
2025-10-01 20:56:01,283 - INFO - Task 6 Iter 560/1200 | lr=0.000276828 | acc=0.9997 | pos_cos=0.287831 | neg_cos=0.236494 | ref_L2=0.000061 | ref_cos=0.984295 | ref_KL=0.008114
2025-10-01 20:56:04,851 - INFO - Task 6 Iter 570/1200 | lr=0.000270313 | acc=0.9999 | pos_cos=0.287866 | neg_cos=0.236080 | ref_L2=0.000061 | ref_cos=0.984467 | ref_KL=0.007841
2025-10-01 20:56:09,900 - INFO - Task 6 Iter 580/1200 | lr=0.000263785 | acc=0.9981 | pos_cos=0.289309 | neg_cos=0.237557 | ref_L2=0.000060 | ref_cos=0.984567 | ref_KL=0.006825
2025-10-01 20:56:13,503 - INFO - Task 6 Iter 590/1200 | lr=0.000257247 | acc=0.9993 | pos_cos=0.288769 | neg_cos=0.237027 | ref_L2=0.000061 | ref_cos=0.984465 | ref_KL=0.006473
2025-10-01 20:56:17,030 - INFO - Task 6 Iter 600/1200 | lr=0.000250704 | acc=0.9981 | pos_cos=0.288974 | neg_cos=0.237258 | ref_L2=0.000059 | ref_cos=0.984869 | ref_KL=0.006944
2025-10-01 20:56:20,651 - INFO - Task 6 Iter 610/1200 | lr=0.000244161 | acc=0.9993 | pos_cos=0.288180 | neg_cos=0.236739 | ref_L2=0.000061 | ref_cos=0.984505 | ref_KL=0.006710
2025-10-01 20:56:24,273 - INFO - Task 6 Iter 620/1200 | lr=0.000237622 | acc=0.9998 | pos_cos=0.287280 | neg_cos=0.235703 | ref_L2=0.000062 | ref_cos=0.984123 | ref_KL=0.006903
2025-10-01 20:56:27,888 - INFO - Task 6 Iter 630/1200 | lr=0.000231092 | acc=0.9999 | pos_cos=0.286229 | neg_cos=0.235074 | ref_L2=0.000059 | ref_cos=0.984969 | ref_KL=0.007161
2025-10-01 20:56:31,598 - INFO - Task 6 Iter 640/1200 | lr=0.000224574 | acc=1.0000 | pos_cos=0.287324 | neg_cos=0.235704 | ref_L2=0.000059 | ref_cos=0.984944 | ref_KL=0.007097
2025-10-01 20:56:35,915 - INFO - Task 6 Iter 650/1200 | lr=0.000218074 | acc=0.9988 | pos_cos=0.286956 | neg_cos=0.235794 | ref_L2=0.000061 | ref_cos=0.984501 | ref_KL=0.006613
2025-10-01 20:56:39,557 - INFO - Task 6 Iter 660/1200 | lr=0.000211596 | acc=0.9996 | pos_cos=0.286675 | neg_cos=0.235108 | ref_L2=0.000061 | ref_cos=0.984288 | ref_KL=0.006033
2025-10-01 20:56:43,178 - INFO - Task 6 Iter 670/1200 | lr=0.000205144 | acc=0.9999 | pos_cos=0.286165 | neg_cos=0.235071 | ref_L2=0.000059 | ref_cos=0.984806 | ref_KL=0.006445
2025-10-01 20:56:46,794 - INFO - Task 6 Iter 680/1200 | lr=0.000198723 | acc=0.9999 | pos_cos=0.286380 | neg_cos=0.234879 | ref_L2=0.000059 | ref_cos=0.984805 | ref_KL=0.005741
2025-10-01 20:56:50,381 - INFO - Task 6 Iter 690/1200 | lr=0.000192337 | acc=1.0000 | pos_cos=0.285472 | neg_cos=0.234272 | ref_L2=0.000059 | ref_cos=0.984921 | ref_KL=0.006603
2025-10-01 20:56:54,685 - INFO - Task 6 Iter 700/1200 | lr=0.00018599 | acc=1.0000 | pos_cos=0.285732 | neg_cos=0.234449 | ref_L2=0.000059 | ref_cos=0.984846 | ref_KL=0.006400
2025-10-01 20:56:58,924 - INFO - Task 6 Iter 710/1200 | lr=0.000179688 | acc=1.0000 | pos_cos=0.285435 | neg_cos=0.234278 | ref_L2=0.000059 | ref_cos=0.984790 | ref_KL=0.006256
2025-10-01 20:57:02,535 - INFO - Task 6 Iter 720/1200 | lr=0.000173434 | acc=1.0000 | pos_cos=0.285490 | neg_cos=0.234477 | ref_L2=0.000059 | ref_cos=0.984903 | ref_KL=0.005615
2025-10-01 20:57:04,788 - INFO -   food101: 90.90%
2025-10-01 20:57:05,430 - INFO - Task 6 Iter 730/1200 | lr=0.000167232 | acc=0.9988 | pos_cos=0.284165 | neg_cos=0.233020 | ref_L2=0.000059 | ref_cos=0.984897 | ref_KL=0.005814
2025-10-01 20:57:08,686 - INFO - Task 6 Iter 740/1200 | lr=0.000161087 | acc=0.9996 | pos_cos=0.285080 | neg_cos=0.234064 | ref_L2=0.000059 | ref_cos=0.984772 | ref_KL=0.006275
2025-10-01 20:57:12,291 - INFO - Task 6 Iter 750/1200 | lr=0.000155003 | acc=0.9999 | pos_cos=0.285820 | neg_cos=0.234803 | ref_L2=0.000059 | ref_cos=0.984966 | ref_KL=0.006619
2025-10-01 20:57:15,869 - INFO - Task 6 Iter 760/1200 | lr=0.000148984 | acc=0.9999 | pos_cos=0.286401 | neg_cos=0.235108 | ref_L2=0.000059 | ref_cos=0.984815 | ref_KL=0.005602
2025-10-01 20:57:19,297 - INFO -   oxford_pets: 93.98%
2025-10-01 20:57:19,879 - INFO - Task 6 Iter 770/1200 | lr=0.000143035 | acc=1.0000 | pos_cos=0.286396 | neg_cos=0.235371 | ref_L2=0.000061 | ref_cos=0.984456 | ref_KL=0.005685
2025-10-01 20:57:22,127 - INFO - Task 6 Iter 780/1200 | lr=0.000137159 | acc=1.0000 | pos_cos=0.286147 | neg_cos=0.234743 | ref_L2=0.000061 | ref_cos=0.984506 | ref_KL=0.005697
2025-10-01 20:57:25,288 - INFO - Task 6 Iter 790/1200 | lr=0.00013136 | acc=1.0000 | pos_cos=0.285983 | neg_cos=0.235004 | ref_L2=0.000059 | ref_cos=0.984803 | ref_KL=0.005780
2025-10-01 20:57:28,560 - INFO - Task 6 Iter 800/1200 | lr=0.000125642 | acc=1.0000 | pos_cos=0.285689 | neg_cos=0.234505 | ref_L2=0.000061 | ref_cos=0.984450 | ref_KL=0.005698
2025-10-01 20:57:32,624 - INFO - Task 6 Iter 810/1200 | lr=0.00012001 | acc=1.0000 | pos_cos=0.285656 | neg_cos=0.234583 | ref_L2=0.000060 | ref_cos=0.984581 | ref_KL=0.005370
2025-10-01 20:57:35,954 - INFO - Task 6 Iter 820/1200 | lr=0.000114467 | acc=1.0000 | pos_cos=0.284446 | neg_cos=0.233778 | ref_L2=0.000058 | ref_cos=0.985196 | ref_KL=0.004950
2025-10-01 20:57:39,267 - INFO - Task 6 Iter 830/1200 | lr=0.000109017 | acc=1.0000 | pos_cos=0.286035 | neg_cos=0.235003 | ref_L2=0.000057 | ref_cos=0.985371 | ref_KL=0.005276
2025-10-01 20:57:43,216 - INFO - Task 6 Iter 840/1200 | lr=0.000103663 | acc=1.0000 | pos_cos=0.286101 | neg_cos=0.235150 | ref_L2=0.000058 | ref_cos=0.985229 | ref_KL=0.005841
2025-10-01 20:57:46,366 - INFO - Task 6 Iter 850/1200 | lr=9.84097e-05 | acc=1.0000 | pos_cos=0.284669 | neg_cos=0.233578 | ref_L2=0.000059 | ref_cos=0.985022 | ref_KL=0.005351
2025-10-01 20:57:49,436 - INFO - Task 6 Iter 860/1200 | lr=9.32604e-05 | acc=0.9975 | pos_cos=0.285704 | neg_cos=0.234701 | ref_L2=0.000057 | ref_cos=0.985520 | ref_KL=0.004747
2025-10-01 20:57:52,783 - INFO - Task 6 Iter 870/1200 | lr=8.82186e-05 | acc=0.9991 | pos_cos=0.285994 | neg_cos=0.235025 | ref_L2=0.000058 | ref_cos=0.985233 | ref_KL=0.004857
2025-10-01 20:57:52,949 - INFO -   stanford_cars: 54.68%
2025-10-01 20:57:52,949 - INFO - Average zeroshot accuracy after task 7: 79.75%
2025-10-01 20:57:52,949 - INFO - Starting task 8/8: stanford_cars (train=8144, test=8041, classes=196)
2025-10-01 20:57:55,202 - INFO - Task 6 Iter 880/1200 | lr=8.32877e-05 | acc=0.9997 | pos_cos=0.286059 | neg_cos=0.235024 | ref_L2=0.000059 | ref_cos=0.984790 | ref_KL=0.005359
2025-10-01 20:57:58,173 - INFO - Task 6 Iter 890/1200 | lr=7.8471e-05 | acc=0.9999 | pos_cos=0.287292 | neg_cos=0.236109 | ref_L2=0.000058 | ref_cos=0.985159 | ref_KL=0.009116
2025-10-01 20:57:59,024 - INFO - Task 7 Iter 10/1200 | lr=0.000499931 | acc=0.7045 | pos_cos=0.296345 | neg_cos=0.227070 | ref_L2=0.000074 | ref_cos=0.981013 | ref_KL=0.005953
2025-10-01 20:58:01,689 - INFO - Task 7 Iter 20/1200 | lr=0.000499691 | acc=0.6575 | pos_cos=0.297875 | neg_cos=0.223739 | ref_L2=0.000078 | ref_cos=0.980096 | ref_KL=0.006839
2025-10-01 20:58:02,447 - INFO - Task 6 Iter 900/1200 | lr=7.3772e-05 | acc=1.0000 | pos_cos=0.286121 | neg_cos=0.235160 | ref_L2=0.000060 | ref_cos=0.984760 | ref_KL=0.006742
2025-10-01 20:58:05,011 - INFO - Task 7 Iter 30/1200 | lr=0.00049928 | acc=0.6828 | pos_cos=0.295299 | neg_cos=0.221675 | ref_L2=0.000081 | ref_cos=0.979263 | ref_KL=0.008595
2025-10-01 20:58:05,904 - INFO - Task 6 Iter 910/1200 | lr=6.91937e-05 | acc=1.0000 | pos_cos=0.286195 | neg_cos=0.235199 | ref_L2=0.000060 | ref_cos=0.984584 | ref_KL=0.005270
2025-10-01 20:58:08,397 - INFO - Task 7 Iter 40/1200 | lr=0.000498698 | acc=0.6761 | pos_cos=0.294553 | neg_cos=0.219513 | ref_L2=0.000080 | ref_cos=0.979500 | ref_KL=0.007839
2025-10-01 20:58:09,482 - INFO - Task 6 Iter 920/1200 | lr=6.47394e-05 | acc=1.0000 | pos_cos=0.285406 | neg_cos=0.234672 | ref_L2=0.000057 | ref_cos=0.985345 | ref_KL=0.005210
2025-10-01 20:58:10,944 - INFO - Task 7 Iter 50/1200 | lr=0.000497946 | acc=0.6808 | pos_cos=0.294807 | neg_cos=0.219375 | ref_L2=0.000082 | ref_cos=0.979025 | ref_KL=0.008081
2025-10-01 20:58:13,793 - INFO - Task 6 Iter 930/1200 | lr=6.04122e-05 | acc=1.0000 | pos_cos=0.285466 | neg_cos=0.234663 | ref_L2=0.000060 | ref_cos=0.984615 | ref_KL=0.006686
2025-10-01 20:58:14,248 - INFO - Task 7 Iter 60/1200 | lr=0.000497024 | acc=0.6836 | pos_cos=0.294764 | neg_cos=0.219058 | ref_L2=0.000080 | ref_cos=0.979607 | ref_KL=0.008964
2025-10-01 20:58:16,463 - INFO - Task 6 Iter 940/1200 | lr=5.62148e-05 | acc=1.0000 | pos_cos=0.285488 | neg_cos=0.234131 | ref_L2=0.000060 | ref_cos=0.984734 | ref_KL=0.005643
2025-10-01 20:58:18,264 - INFO - Task 7 Iter 70/1200 | lr=0.000495933 | acc=0.6597 | pos_cos=0.293238 | neg_cos=0.219213 | ref_L2=0.000080 | ref_cos=0.979563 | ref_KL=0.008544
2025-10-01 20:58:20,053 - INFO - Task 6 Iter 950/1200 | lr=5.21504e-05 | acc=1.0000 | pos_cos=0.285542 | neg_cos=0.234664 | ref_L2=0.000060 | ref_cos=0.984759 | ref_KL=0.004904
2025-10-01 20:58:21,557 - INFO - Task 7 Iter 80/1200 | lr=0.000494673 | acc=0.6563 | pos_cos=0.292741 | neg_cos=0.219229 | ref_L2=0.000080 | ref_cos=0.979470 | ref_KL=0.008300
2025-10-01 20:58:23,550 - INFO - Task 6 Iter 960/1200 | lr=4.82215e-05 | acc=1.0000 | pos_cos=0.285776 | neg_cos=0.235024 | ref_L2=0.000059 | ref_cos=0.984888 | ref_KL=0.004459
2025-10-01 20:58:24,319 - INFO - Task 7 Iter 90/1200 | lr=0.000493246 | acc=0.6740 | pos_cos=0.291794 | neg_cos=0.218770 | ref_L2=0.000081 | ref_cos=0.979223 | ref_KL=0.008169
2025-10-01 20:58:27,613 - INFO - Task 6 Iter 970/1200 | lr=4.4431e-05 | acc=1.0000 | pos_cos=0.284968 | neg_cos=0.234361 | ref_L2=0.000059 | ref_cos=0.984782 | ref_KL=0.004640
2025-10-01 20:58:27,780 - INFO - Task 7 Iter 100/1200 | lr=0.000491652 | acc=0.6759 | pos_cos=0.290662 | neg_cos=0.217718 | ref_L2=0.000078 | ref_cos=0.979915 | ref_KL=0.007636
2025-10-01 20:58:31,066 - INFO - Task 6 Iter 980/1200 | lr=4.07814e-05 | acc=1.0000 | pos_cos=0.285604 | neg_cos=0.234750 | ref_L2=0.000060 | ref_cos=0.984701 | ref_KL=0.005385
2025-10-01 20:58:31,234 - INFO - Task 7 Iter 110/1200 | lr=0.000489892 | acc=0.6819 | pos_cos=0.289922 | neg_cos=0.217229 | ref_L2=0.000082 | ref_cos=0.979008 | ref_KL=0.009052
2025-10-01 20:58:34,526 - INFO - Task 6 Iter 990/1200 | lr=3.72752e-05 | acc=1.0000 | pos_cos=0.284452 | neg_cos=0.233405 | ref_L2=0.000057 | ref_cos=0.985364 | ref_KL=0.004801
2025-10-01 20:58:34,581 - INFO - Task 7 Iter 120/1200 | lr=0.000487968 | acc=0.7028 | pos_cos=0.290587 | neg_cos=0.216665 | ref_L2=0.000081 | ref_cos=0.979318 | ref_KL=0.010615
2025-10-01 20:58:37,742 - INFO - Task 6 Iter 1000/1200 | lr=3.39149e-05 | acc=1.0000 | pos_cos=0.284653 | neg_cos=0.234017 | ref_L2=0.000060 | ref_cos=0.984652 | ref_KL=0.004639
2025-10-01 20:58:38,749 - INFO - Task 7 Iter 130/1200 | lr=0.000485881 | acc=0.6987 | pos_cos=0.286832 | neg_cos=0.214105 | ref_L2=0.000083 | ref_cos=0.978879 | ref_KL=0.009765
2025-10-01 20:58:40,846 - INFO - Task 6 Iter 1010/1200 | lr=3.07027e-05 | acc=0.9975 | pos_cos=0.285545 | neg_cos=0.234646 | ref_L2=0.000059 | ref_cos=0.984892 | ref_KL=0.004161
2025-10-01 20:58:42,066 - INFO - Task 7 Iter 140/1200 | lr=0.000483632 | acc=0.6910 | pos_cos=0.287334 | neg_cos=0.213452 | ref_L2=0.000082 | ref_cos=0.978929 | ref_KL=0.008316
2025-10-01 20:58:44,319 - INFO - Task 6 Iter 1020/1200 | lr=2.76408e-05 | acc=0.9991 | pos_cos=0.284920 | neg_cos=0.234267 | ref_L2=0.000059 | ref_cos=0.985023 | ref_KL=0.005013
2025-10-01 20:58:45,460 - INFO - Task 7 Iter 150/1200 | lr=0.000481223 | acc=0.7356 | pos_cos=0.287028 | neg_cos=0.213791 | ref_L2=0.000084 | ref_cos=0.978502 | ref_KL=0.007607
2025-10-01 20:58:47,998 - INFO - Task 7 Iter 160/1200 | lr=0.000478656 | acc=0.7013 | pos_cos=0.287621 | neg_cos=0.214822 | ref_L2=0.000082 | ref_cos=0.979028 | ref_KL=0.007664
2025-10-01 20:58:48,499 - INFO - Task 6 Iter 1030/1200 | lr=2.47313e-05 | acc=0.9997 | pos_cos=0.285627 | neg_cos=0.234581 | ref_L2=0.000058 | ref_cos=0.985198 | ref_KL=0.004460
2025-10-01 20:58:50,774 - INFO - Task 7 Iter 170/1200 | lr=0.000475932 | acc=0.7429 | pos_cos=0.290079 | neg_cos=0.216123 | ref_L2=0.000081 | ref_cos=0.979173 | ref_KL=0.007924
2025-10-01 20:58:52,731 - INFO - Task 6 Iter 1040/1200 | lr=2.19763e-05 | acc=0.9999 | pos_cos=0.285212 | neg_cos=0.234283 | ref_L2=0.000056 | ref_cos=0.985560 | ref_KL=0.005408
2025-10-01 20:58:53,945 - INFO - Task 7 Iter 180/1200 | lr=0.000473053 | acc=0.7453 | pos_cos=0.287471 | neg_cos=0.214231 | ref_L2=0.000079 | ref_cos=0.979723 | ref_KL=0.007699
2025-10-01 20:58:56,198 - INFO - Task 6 Iter 1050/1200 | lr=1.93775e-05 | acc=1.0000 | pos_cos=0.284832 | neg_cos=0.233932 | ref_L2=0.000057 | ref_cos=0.985365 | ref_KL=0.004597
2025-10-01 20:58:57,376 - INFO - Task 7 Iter 190/1200 | lr=0.000470022 | acc=0.7483 | pos_cos=0.288899 | neg_cos=0.216830 | ref_L2=0.000079 | ref_cos=0.979706 | ref_KL=0.007645
2025-10-01 20:58:58,836 - INFO - Task 6 Iter 1060/1200 | lr=1.69369e-05 | acc=1.0000 | pos_cos=0.283941 | neg_cos=0.233311 | ref_L2=0.000061 | ref_cos=0.984436 | ref_KL=0.004467
2025-10-01 20:59:01,391 - INFO - Task 7 Iter 200/1200 | lr=0.000466839 | acc=0.7274 | pos_cos=0.289536 | neg_cos=0.216399 | ref_L2=0.000079 | ref_cos=0.979651 | ref_KL=0.007884
[W 2025-10-01 20:59:01,633] Trial 3 failed with parameters: {'lrate': 0.0005, 'weight_temp': 1.0, 'iterations': 1200, 'gamma_kd': 2.0, 'sgp_soft_projection': False} because of the following error: KeyboardInterrupt().
Traceback (most recent call last):
  File "/home/raoxuan/ENTER/envs/raoxuan/lib/python3.9/site-packages/optuna/study/_optimize.py", line 196, in _run_trial
    value_or_values = func(trial)
  File "/home/raoxuan/projects/SubspaceLoRA/clip_hyperparam_search.py", line 128, in <lambda>
    lambda t: objective(t, base_args, search_space),
  File "/home/raoxuan/projects/SubspaceLoRA/clip_hyperparam_search.py", line 27, in objective
    raw_results = train(args)  # Expected: {seed: history_dict}
  File "/home/raoxuan/projects/SubspaceLoRA/trainer_clip.py", line 44, in train
    results = train_single_run(args)
  File "/home/raoxuan/projects/SubspaceLoRA/trainer_clip.py", line 62, in train_single_run
    final_results = model.loop()
  File "/home/raoxuan/projects/SubspaceLoRA/models/subspace_lora_clip.py", line 1009, in loop
    self.incremental_train(train_loader, zeroshot_weights, self.reference_loader)
  File "/home/raoxuan/projects/SubspaceLoRA/models/subspace_lora_clip.py", line 485, in incremental_train
    self._run_training_loop(train_loader, zeroshot_weights, reference_loader)
  File "/home/raoxuan/projects/SubspaceLoRA/models/subspace_lora_clip.py", line 581, in _run_training_loop
    metrics = self.train_one_iteration(
  File "/home/raoxuan/projects/SubspaceLoRA/models/subspace_lora_clip.py", line 614, in train_one_iteration
    metrics = self._run_training_step(
  File "/home/raoxuan/projects/SubspaceLoRA/models/subspace_lora_clip.py", line 737, in _run_training_step
    self.grad_scaler.scale(loss).backward()
  File "/home/raoxuan/ENTER/envs/raoxuan/lib/python3.9/site-packages/torch/_tensor.py", line 647, in backward
    torch.autograd.backward(
  File "/home/raoxuan/ENTER/envs/raoxuan/lib/python3.9/site-packages/torch/autograd/__init__.py", line 354, in backward
    _engine_run_backward(
  File "/home/raoxuan/ENTER/envs/raoxuan/lib/python3.9/site-packages/torch/autograd/graph.py", line 829, in _engine_run_backward
    return Variable._execution_engine.run_backward(  # Calls into the C++ engine to run the backward pass
KeyboardInterrupt
[W 2025-10-01 20:59:01,636] Trial 3 failed with value None.
Traceback (most recent call last):
  File "/home/raoxuan/projects/SubspaceLoRA/clip_hyperparam_search.py", line 159, in <module>
    main()
  File "/home/raoxuan/projects/SubspaceLoRA/clip_hyperparam_search.py", line 127, in main
    study.optimize(
  File "/home/raoxuan/ENTER/envs/raoxuan/lib/python3.9/site-packages/optuna/study/study.py", line 451, in optimize
    _optimize(
  File "/home/raoxuan/ENTER/envs/raoxuan/lib/python3.9/site-packages/optuna/study/_optimize.py", line 62, in _optimize
    _optimize_sequential(
  File "/home/raoxuan/ENTER/envs/raoxuan/lib/python3.9/site-packages/optuna/study/_optimize.py", line 159, in _optimize_sequential
    frozen_trial = _run_trial(study, func, catch)
  File "/home/raoxuan/ENTER/envs/raoxuan/lib/python3.9/site-packages/optuna/study/_optimize.py", line 247, in _run_trial
    raise func_err
  File "/home/raoxuan/ENTER/envs/raoxuan/lib/python3.9/site-packages/optuna/study/_optimize.py", line 196, in _run_trial
    value_or_values = func(trial)
  File "/home/raoxuan/projects/SubspaceLoRA/clip_hyperparam_search.py", line 128, in <lambda>
    lambda t: objective(t, base_args, search_space),
  File "/home/raoxuan/projects/SubspaceLoRA/clip_hyperparam_search.py", line 27, in objective
    raw_results = train(args)  # Expected: {seed: history_dict}
  File "/home/raoxuan/projects/SubspaceLoRA/trainer_clip.py", line 44, in train
    results = train_single_run(args)
  File "/home/raoxuan/projects/SubspaceLoRA/trainer_clip.py", line 62, in train_single_run
    final_results = model.loop()
  File "/home/raoxuan/projects/SubspaceLoRA/models/subspace_lora_clip.py", line 1009, in loop
    self.incremental_train(train_loader, zeroshot_weights, self.reference_loader)
  File "/home/raoxuan/projects/SubspaceLoRA/models/subspace_lora_clip.py", line 485, in incremental_train
    self._run_training_loop(train_loader, zeroshot_weights, reference_loader)
  File "/home/raoxuan/projects/SubspaceLoRA/models/subspace_lora_clip.py", line 581, in _run_training_loop
    metrics = self.train_one_iteration(
  File "/home/raoxuan/projects/SubspaceLoRA/models/subspace_lora_clip.py", line 614, in train_one_iteration
    metrics = self._run_training_step(
  File "/home/raoxuan/projects/SubspaceLoRA/models/subspace_lora_clip.py", line 737, in _run_training_step
    self.grad_scaler.scale(loss).backward()
  File "/home/raoxuan/ENTER/envs/raoxuan/lib/python3.9/site-packages/torch/_tensor.py", line 647, in backward
    torch.autograd.backward(
  File "/home/raoxuan/ENTER/envs/raoxuan/lib/python3.9/site-packages/torch/autograd/__init__.py", line 354, in backward
    _engine_run_backward(
  File "/home/raoxuan/ENTER/envs/raoxuan/lib/python3.9/site-packages/torch/autograd/graph.py", line 829, in _engine_run_backward
    return Variable._execution_engine.run_backward(  # Calls into the C++ engine to run the backward pass
KeyboardInterrupt
Error in atexit._run_exitfuncs:
Traceback (most recent call last):
  File "/home/raoxuan/ENTER/envs/raoxuan/lib/python3.9/site-packages/torch/_inductor/compile_worker/subproc_pool.py", line 243, in shutdown
    self.process.wait(300)
  File "/home/raoxuan/ENTER/envs/raoxuan/lib/python3.9/subprocess.py", line 1189, in wait
    return self._wait(timeout=timeout)
  File "/home/raoxuan/ENTER/envs/raoxuan/lib/python3.9/subprocess.py", line 1927, in _wait
    time.sleep(delay)
KeyboardInterrupt
2025-10-01 20:59:03,265 - INFO - Task 7 Iter 210/1200 | lr=0.000463509 | acc=0.7447 | pos_cos=0.286779 | neg_cos=0.213892 | ref_L2=0.000079 | ref_cos=0.979719 | ref_KL=0.007588
2025-10-01 20:59:05,046 - INFO - Task 7 Iter 220/1200 | lr=0.000460031 | acc=0.7428 | pos_cos=0.286899 | neg_cos=0.213073 | ref_L2=0.000081 | ref_cos=0.979242 | ref_KL=0.007673
[W 2025-10-01 20:59:05,411] Trial 2 failed with parameters: {'lrate': 0.0005, 'weight_temp': 4.0, 'iterations': 1200, 'gamma_kd': 1.0, 'sgp_soft_projection': False} because of the following error: KeyboardInterrupt().
Traceback (most recent call last):
  File "/home/raoxuan/ENTER/envs/raoxuan/lib/python3.9/site-packages/optuna/study/_optimize.py", line 196, in _run_trial
    value_or_values = func(trial)
  File "/home/raoxuan/projects/SubspaceLoRA/clip_hyperparam_search.py", line 128, in <lambda>
    lambda t: objective(t, base_args, search_space),
  File "/home/raoxuan/projects/SubspaceLoRA/clip_hyperparam_search.py", line 27, in objective
    raw_results = train(args)  # Expected: {seed: history_dict}
  File "/home/raoxuan/projects/SubspaceLoRA/trainer_clip.py", line 44, in train
    results = train_single_run(args)
  File "/home/raoxuan/projects/SubspaceLoRA/trainer_clip.py", line 62, in train_single_run
    final_results = model.loop()
  File "/home/raoxuan/projects/SubspaceLoRA/models/subspace_lora_clip.py", line 1009, in loop
    self.incremental_train(train_loader, zeroshot_weights, self.reference_loader)
  File "/home/raoxuan/projects/SubspaceLoRA/models/subspace_lora_clip.py", line 485, in incremental_train
    self._run_training_loop(train_loader, zeroshot_weights, reference_loader)
  File "/home/raoxuan/projects/SubspaceLoRA/models/subspace_lora_clip.py", line 581, in _run_training_loop
    metrics = self.train_one_iteration(
  File "/home/raoxuan/projects/SubspaceLoRA/models/subspace_lora_clip.py", line 614, in train_one_iteration
    metrics = self._run_training_step(
  File "/home/raoxuan/projects/SubspaceLoRA/models/subspace_lora_clip.py", line 737, in _run_training_step
    self.grad_scaler.scale(loss).backward()
  File "/home/raoxuan/ENTER/envs/raoxuan/lib/python3.9/site-packages/torch/_tensor.py", line 647, in backward
    torch.autograd.backward(
  File "/home/raoxuan/ENTER/envs/raoxuan/lib/python3.9/site-packages/torch/autograd/__init__.py", line 354, in backward
    _engine_run_backward(
  File "/home/raoxuan/ENTER/envs/raoxuan/lib/python3.9/site-packages/torch/autograd/graph.py", line 829, in _engine_run_backward
    return Variable._execution_engine.run_backward(  # Calls into the C++ engine to run the backward pass
KeyboardInterrupt
[W 2025-10-01 20:59:05,413] Trial 2 failed with value None.
Traceback (most recent call last):
  File "/home/raoxuan/projects/SubspaceLoRA/clip_hyperparam_search.py", line 159, in <module>
    main()
  File "/home/raoxuan/projects/SubspaceLoRA/clip_hyperparam_search.py", line 127, in main
    study.optimize(
  File "/home/raoxuan/ENTER/envs/raoxuan/lib/python3.9/site-packages/optuna/study/study.py", line 451, in optimize
    _optimize(
  File "/home/raoxuan/ENTER/envs/raoxuan/lib/python3.9/site-packages/optuna/study/_optimize.py", line 62, in _optimize
    _optimize_sequential(
  File "/home/raoxuan/ENTER/envs/raoxuan/lib/python3.9/site-packages/optuna/study/_optimize.py", line 159, in _optimize_sequential
    frozen_trial = _run_trial(study, func, catch)
  File "/home/raoxuan/ENTER/envs/raoxuan/lib/python3.9/site-packages/optuna/study/_optimize.py", line 247, in _run_trial
    raise func_err
  File "/home/raoxuan/ENTER/envs/raoxuan/lib/python3.9/site-packages/optuna/study/_optimize.py", line 196, in _run_trial
    value_or_values = func(trial)
  File "/home/raoxuan/projects/SubspaceLoRA/clip_hyperparam_search.py", line 128, in <lambda>
    lambda t: objective(t, base_args, search_space),
  File "/home/raoxuan/projects/SubspaceLoRA/clip_hyperparam_search.py", line 27, in objective
    raw_results = train(args)  # Expected: {seed: history_dict}
  File "/home/raoxuan/projects/SubspaceLoRA/trainer_clip.py", line 44, in train
    results = train_single_run(args)
  File "/home/raoxuan/projects/SubspaceLoRA/trainer_clip.py", line 62, in train_single_run
    final_results = model.loop()
  File "/home/raoxuan/projects/SubspaceLoRA/models/subspace_lora_clip.py", line 1009, in loop
    self.incremental_train(train_loader, zeroshot_weights, self.reference_loader)
  File "/home/raoxuan/projects/SubspaceLoRA/models/subspace_lora_clip.py", line 485, in incremental_train
    self._run_training_loop(train_loader, zeroshot_weights, reference_loader)
  File "/home/raoxuan/projects/SubspaceLoRA/models/subspace_lora_clip.py", line 581, in _run_training_loop
    metrics = self.train_one_iteration(
  File "/home/raoxuan/projects/SubspaceLoRA/models/subspace_lora_clip.py", line 614, in train_one_iteration
    metrics = self._run_training_step(
  File "/home/raoxuan/projects/SubspaceLoRA/models/subspace_lora_clip.py", line 737, in _run_training_step
    self.grad_scaler.scale(loss).backward()
  File "/home/raoxuan/ENTER/envs/raoxuan/lib/python3.9/site-packages/torch/_tensor.py", line 647, in backward
    torch.autograd.backward(
  File "/home/raoxuan/ENTER/envs/raoxuan/lib/python3.9/site-packages/torch/autograd/__init__.py", line 354, in backward
    _engine_run_backward(
  File "/home/raoxuan/ENTER/envs/raoxuan/lib/python3.9/site-packages/torch/autograd/graph.py", line 829, in _engine_run_backward
    return Variable._execution_engine.run_backward(  # Calls into the C++ engine to run the backward pass
KeyboardInterrupt
Error in atexit._run_exitfuncs:
Traceback (most recent call last):
  File "/home/raoxuan/ENTER/envs/raoxuan/lib/python3.9/subprocess.py", line 1189, in wait
    return self._wait(timeout=timeout)
  File "/home/raoxuan/ENTER/envs/raoxuan/lib/python3.9/subprocess.py", line 1927, in _wait
    time.sleep(delay)
KeyboardInterrupt

During handling of the above exception, another exception occurred:

Traceback (most recent call last):
  File "/home/raoxuan/ENTER/envs/raoxuan/lib/python3.9/site-packages/torch/_inductor/compile_worker/subproc_pool.py", line 243, in shutdown
    self.process.wait(300)
  File "/home/raoxuan/ENTER/envs/raoxuan/lib/python3.9/subprocess.py", line 1202, in wait
    self._wait(timeout=sigint_timeout)
  File "/home/raoxuan/ENTER/envs/raoxuan/lib/python3.9/subprocess.py", line 1927, in _wait
    time.sleep(delay)
KeyboardInterrupt
2025-10-01 21:00:54,585 - INFO - Using storage: sqlite:///clip-zeroshot-optimization.db
/home/raoxuan/ENTER/envs/raoxuan/lib/python3.9/site-packages/optuna/samplers/_tpe/sampler.py:319: ExperimentalWarning: ``multivariate`` option is an experimental feature. The interface can change in the future.
  warnings.warn(
[I 2025-10-01 21:00:54,894] A new study created in RDB with name: clip-zeroshot-optimization
2025-10-01 21:00:54,901 - INFO - Loaded 0 existing trials.
2025-10-01 21:00:54,939 - INFO - smart_defaults: False
2025-10-01 21:00:54,939 - INFO - dataset: CLIP-CL
2025-10-01 21:00:54,939 - INFO - prefix: optuna_trial_0
2025-10-01 21:00:54,940 - INFO - test: False
2025-10-01 21:00:54,940 - INFO - user: raoxuan
2025-10-01 21:00:54,940 - INFO - data_location: /home/raoxuan/projects/SubspaceLoRA/data/mtil
2025-10-01 21:00:54,940 - INFO - reference_dataset_path: /data1/open_datasets/ImageNet-2012/train/
2025-10-01 21:00:54,940 - INFO - reference_batch_size: 32
2025-10-01 21:00:54,940 - INFO - memory_size: 0
2025-10-01 21:00:54,940 - INFO - memory_per_class: 0
2025-10-01 21:00:54,940 - INFO - fixed_memory: False
2025-10-01 21:00:54,940 - INFO - shuffle: True
2025-10-01 21:00:54,940 - INFO - init_cls: 20
2025-10-01 21:00:54,940 - INFO - increment: 20
2025-10-01 21:00:54,940 - INFO - model_name: sldc
2025-10-01 21:00:54,940 - INFO - weight_decay: 0.0
2025-10-01 21:00:54,940 - INFO - device: [device(type='cuda', index=0)]
2025-10-01 21:00:54,940 - INFO - vit_type: clip-vit-b-16
2025-10-01 21:00:54,940 - INFO - lora_rank: 8
2025-10-01 21:00:54,940 - INFO - lora_type: sgp_lora
2025-10-01 21:00:54,940 - INFO - weight_temp: 1.0
2025-10-01 21:00:54,940 - INFO - sgp_soft_projection: True
2025-10-01 21:00:54,940 - INFO - nsp_eps: 0.05
2025-10-01 21:00:54,940 - INFO - nsp_weight: 0.0
2025-10-01 21:00:54,940 - INFO - trace_k: 0.2
2025-10-01 21:00:54,940 - INFO - weight_kind: log1p
2025-10-01 21:00:54,940 - INFO - weight_p: 1.0
2025-10-01 21:00:54,941 - INFO - kl_gamma: 0.01
2025-10-01 21:00:54,941 - INFO - osgp_scale: 1.0
2025-10-01 21:00:54,941 - INFO - sce_a: 0.5
2025-10-01 21:00:54,941 - INFO - sce_b: 0.5
2025-10-01 21:00:54,941 - INFO - seed_list: [1990]
2025-10-01 21:00:54,941 - INFO - iterations: 600
2025-10-01 21:00:54,941 - INFO - warmup_steps: 0
2025-10-01 21:00:54,941 - INFO - ca_epochs: 5
2025-10-01 21:00:54,941 - INFO - optimizer: adamw
2025-10-01 21:00:54,941 - INFO - lrate: 0.0005
2025-10-01 21:00:54,941 - INFO - head_scale: 1.0
2025-10-01 21:00:54,941 - INFO - batch_size: 32
2025-10-01 21:00:54,941 - INFO - evaluate_final_only: True
2025-10-01 21:00:54,941 - INFO - gamma_norm: 0.1
2025-10-01 21:00:54,941 - INFO - gamma_kd: 1.0
2025-10-01 21:00:54,941 - INFO - kd_type: feat
2025-10-01 21:00:54,941 - INFO - alpha_t: 1.0
2025-10-01 21:00:54,941 - INFO - gamma_1: 0.0001
2025-10-01 21:00:54,941 - INFO - compensate: True
2025-10-01 21:00:54,941 - INFO - amp: True
2025-10-01 21:00:54,941 - INFO - amp_dtype: fp16
2025-10-01 21:00:54,941 - INFO - clip_dataset_sequence: ['fgvc_aircraft', 'caltech-101', 'dtd', 'eurosat', 'oxford_flower102', 'food101', 'oxford_pets', 'stanford_cars']
2025-10-01 21:00:54,941 - INFO - clip_dataset_shuffle: False
2025-10-01 21:00:54,941 - INFO - clip_dataset_seed: 0
2025-10-01 21:00:54,941 - INFO - clip_num_workers: 4
2025-10-01 21:00:54,941 - INFO - clip_pin_memory: False
2025-10-01 21:00:54,941 - INFO - clip_use_reference_data: True
2025-10-01 21:00:54,942 - INFO - auxiliary_data_path: /data1/open_datasets/flickr8k
2025-10-01 21:00:54,942 - INFO - aux_dataset_type: flickr8k
2025-10-01 21:00:54,942 - INFO - auxiliary_data_size: 256
2025-10-01 21:00:54,942 - INFO - l2_protection: False
2025-10-01 21:00:54,942 - INFO - l2_protection_lambda: 1.0
2025-10-01 21:00:54,942 - INFO - seed: 1990
2025-10-01 21:00:54,942 - INFO - run_id: 0
2025-10-01 21:00:54,942 - INFO - log_path: sldc_logs_raoxuan/CLIP-CL_clip-vit-b-16/init-20_inc-20_rank-8_lt-sgp_lora_T-1_comp-1_wk-log1p_wp-1_kd-feat_gkd-1_gn-0p1_optim-adamw_lr-0p0005_bz-32_iter-600_seed-1990
Using a slow image processor as `use_fast` is unset and a slow processor was saved with this model. `use_fast=True` will be the default behavior in v4.52, even if the model was saved with a slow processor. This will result in minor differences in outputs. You'll still be able to use a slow processor with `use_fast=False`.
[Reference Data] enabled | type=flickr8k | path=/data1/open_datasets/flickr8k | num_workers=4 | pin_memory=False | captions=multi-avg(if supported)
Fetching 1 files:   0%|          | 0/1 [00:00<?, ?it/s]Fetching 1 files: 100%|██████████| 1/1 [00:00<00:00, 19418.07it/s]
Fetching 1 files:   0%|          | 0/1 [00:00<?, ?it/s]Fetching 1 files: 100%|██████████| 1/1 [00:00<00:00, 7013.89it/s]
2025-10-01 21:01:04,057 - INFO - Using storage: sqlite:///clip-zeroshot-optimization.db
/home/raoxuan/ENTER/envs/raoxuan/lib/python3.9/site-packages/optuna/samplers/_tpe/sampler.py:319: ExperimentalWarning: ``multivariate`` option is an experimental feature. The interface can change in the future.
  warnings.warn(
[I 2025-10-01 21:01:04,301] Using an existing study with name 'clip-zeroshot-optimization' instead of creating a new one.
2025-10-01 21:01:04,316 - INFO - Loaded 1 existing trials.
2025-10-01 21:01:04,354 - INFO - smart_defaults: False
2025-10-01 21:01:04,354 - INFO - dataset: CLIP-CL
2025-10-01 21:01:04,354 - INFO - prefix: optuna_trial_1
2025-10-01 21:01:04,354 - INFO - test: False
2025-10-01 21:01:04,354 - INFO - user: raoxuan
2025-10-01 21:01:04,354 - INFO - data_location: /home/raoxuan/projects/SubspaceLoRA/data/mtil
2025-10-01 21:01:04,354 - INFO - reference_dataset_path: /data1/open_datasets/ImageNet-2012/train/
2025-10-01 21:01:04,354 - INFO - reference_batch_size: 32
2025-10-01 21:01:04,354 - INFO - memory_size: 0
2025-10-01 21:01:04,354 - INFO - memory_per_class: 0
2025-10-01 21:01:04,354 - INFO - fixed_memory: False
2025-10-01 21:01:04,354 - INFO - shuffle: True
2025-10-01 21:01:04,355 - INFO - init_cls: 20
2025-10-01 21:01:04,355 - INFO - increment: 20
2025-10-01 21:01:04,355 - INFO - model_name: sldc
2025-10-01 21:01:04,355 - INFO - weight_decay: 0.0
2025-10-01 21:01:04,355 - INFO - device: [device(type='cuda', index=0)]
2025-10-01 21:01:04,355 - INFO - vit_type: clip-vit-b-16
2025-10-01 21:01:04,355 - INFO - lora_rank: 8
2025-10-01 21:01:04,355 - INFO - lora_type: sgp_lora
2025-10-01 21:01:04,355 - INFO - weight_temp: 1.0
2025-10-01 21:01:04,355 - INFO - sgp_soft_projection: False
2025-10-01 21:01:04,355 - INFO - nsp_eps: 0.05
2025-10-01 21:01:04,355 - INFO - nsp_weight: 0.0
2025-10-01 21:01:04,355 - INFO - trace_k: 0.2
2025-10-01 21:01:04,355 - INFO - weight_kind: log1p
2025-10-01 21:01:04,355 - INFO - weight_p: 1.0
2025-10-01 21:01:04,355 - INFO - kl_gamma: 0.01
2025-10-01 21:01:04,355 - INFO - osgp_scale: 1.0
2025-10-01 21:01:04,355 - INFO - sce_a: 0.5
2025-10-01 21:01:04,355 - INFO - sce_b: 0.5
2025-10-01 21:01:04,355 - INFO - seed_list: [1990]
2025-10-01 21:01:04,355 - INFO - iterations: 1200
2025-10-01 21:01:04,355 - INFO - warmup_steps: 0
2025-10-01 21:01:04,355 - INFO - ca_epochs: 5
2025-10-01 21:01:04,355 - INFO - optimizer: adamw
2025-10-01 21:01:04,355 - INFO - lrate: 0.001
2025-10-01 21:01:04,355 - INFO - head_scale: 1.0
2025-10-01 21:01:04,355 - INFO - batch_size: 32
2025-10-01 21:01:04,355 - INFO - evaluate_final_only: True
2025-10-01 21:01:04,355 - INFO - gamma_norm: 0.1
2025-10-01 21:01:04,355 - INFO - gamma_kd: 0.5
2025-10-01 21:01:04,355 - INFO - kd_type: feat
2025-10-01 21:01:04,355 - INFO - alpha_t: 1.0
2025-10-01 21:01:04,355 - INFO - gamma_1: 0.0001
2025-10-01 21:01:04,355 - INFO - compensate: True
2025-10-01 21:01:04,355 - INFO - amp: True
2025-10-01 21:01:04,355 - INFO - amp_dtype: fp16
2025-10-01 21:01:04,355 - INFO - clip_dataset_sequence: ['fgvc_aircraft', 'caltech-101', 'dtd', 'eurosat', 'oxford_flower102', 'food101', 'oxford_pets', 'stanford_cars']
2025-10-01 21:01:04,355 - INFO - clip_dataset_shuffle: False
2025-10-01 21:01:04,355 - INFO - clip_dataset_seed: 0
2025-10-01 21:01:04,355 - INFO - clip_num_workers: 4
2025-10-01 21:01:04,355 - INFO - clip_pin_memory: False
2025-10-01 21:01:04,355 - INFO - clip_use_reference_data: True
2025-10-01 21:01:04,356 - INFO - auxiliary_data_path: /data1/open_datasets/flickr8k
2025-10-01 21:01:04,356 - INFO - aux_dataset_type: flickr8k
2025-10-01 21:01:04,356 - INFO - auxiliary_data_size: 256
2025-10-01 21:01:04,356 - INFO - l2_protection: False
2025-10-01 21:01:04,356 - INFO - l2_protection_lambda: 1.0
2025-10-01 21:01:04,356 - INFO - seed: 1990
2025-10-01 21:01:04,356 - INFO - run_id: 0
2025-10-01 21:01:04,356 - INFO - log_path: sldc_logs_raoxuan/CLIP-CL_clip-vit-b-16/init-20_inc-20_rank-8_lt-sgp_lora_T-1_comp-1_wk-log1p_wp-1_kd-feat_gkd-0p5_gn-0p1_optim-adamw_lr-0p001_bz-32_iter-1200_seed-1990
/home/raoxuan/projects/SubspaceLoRA/models/subspace_lora_clip.py:144: FutureWarning: `torch.cuda.amp.GradScaler(args...)` is deprecated. Please use `torch.amp.GradScaler('cuda', args...)` instead.
  self.grad_scaler = GradScaler() if self.use_amp and self.amp_dtype == torch.float16 else None
2025-10-01 21:01:04,588 - INFO - AMP enabled (dtype=fp16)
2025-10-01 21:01:06,097 - INFO - Compiled SubspaceLoRAClipLearner network via torch.compile
2025-10-01 21:01:06,116 - INFO - [ClipIDM] dataset=fgvc_aircraft | train=3334 | test=3333 | classes=100
2025-10-01 21:01:06,140 - INFO - [ClipIDM] dataset=caltech-101 | train=3060 | test=6084 | classes=102
2025-10-01 21:01:06,150 - INFO - [ClipIDM] dataset=dtd | train=1880 | test=1880 | classes=47
2025-10-01 21:01:06,172 - INFO - [ClipIDM] dataset=eurosat | train=5000 | test=5000 | classes=10
2025-10-01 21:01:06,191 - INFO - [ClipIDM] dataset=oxford_flower102 | train=1020 | test=6149 | classes=102
2025-10-01 21:01:06,427 - INFO - [ClipIDM] dataset=food101 | train=75750 | test=25250 | classes=101
2025-10-01 21:01:06,449 - INFO - [ClipIDM] dataset=oxford_pets | train=3680 | test=3669 | classes=37
2025-10-01 21:01:06,489 - INFO - [ClipIDM] dataset=stanford_cars | train=8144 | test=8041 | classes=196
2025-10-01 21:01:06,491 - INFO - All params: 151030785
2025-10-01 21:01:06,492 - INFO - Trainable params: 1410048
Using a slow image processor as `use_fast` is unset and a slow processor was saved with this model. `use_fast=True` will be the default behavior in v4.52, even if the model was saved with a slow processor. This will result in minor differences in outputs. You'll still be able to use a slow processor with `use_fast=False`.
[Reference Data] enabled | type=flickr8k | path=/data1/open_datasets/flickr8k | num_workers=4 | pin_memory=False | captions=multi-avg(if supported)
Fetching 1 files:   0%|          | 0/1 [00:00<?, ?it/s]Fetching 1 files: 100%|██████████| 1/1 [00:00<00:00, 17623.13it/s]
2025-10-01 21:01:06,743 - INFO - Precomputing reference text embeddings ...
Fetching 1 files:   0%|          | 0/1 [00:00<?, ?it/s]Fetching 1 files: 100%|██████████| 1/1 [00:00<00:00, 5622.39it/s]
2025-10-01 21:01:11,282 - INFO - Using storage: sqlite:///clip-zeroshot-optimization.db
/home/raoxuan/ENTER/envs/raoxuan/lib/python3.9/site-packages/optuna/samplers/_tpe/sampler.py:319: ExperimentalWarning: ``multivariate`` option is an experimental feature. The interface can change in the future.
  warnings.warn(
[I 2025-10-01 21:01:11,535] Using an existing study with name 'clip-zeroshot-optimization' instead of creating a new one.
2025-10-01 21:01:11,549 - INFO - Loaded 2 existing trials.
2025-10-01 21:01:11,589 - INFO - smart_defaults: False
2025-10-01 21:01:11,589 - INFO - dataset: CLIP-CL
2025-10-01 21:01:11,589 - INFO - prefix: optuna_trial_2
2025-10-01 21:01:11,589 - INFO - test: False
2025-10-01 21:01:11,589 - INFO - user: raoxuan
2025-10-01 21:01:11,589 - INFO - data_location: /home/raoxuan/projects/SubspaceLoRA/data/mtil
2025-10-01 21:01:11,589 - INFO - reference_dataset_path: /data1/open_datasets/ImageNet-2012/train/
2025-10-01 21:01:11,589 - INFO - reference_batch_size: 32
2025-10-01 21:01:11,589 - INFO - memory_size: 0
2025-10-01 21:01:11,589 - INFO - memory_per_class: 0
2025-10-01 21:01:11,589 - INFO - fixed_memory: False
2025-10-01 21:01:11,589 - INFO - shuffle: True
2025-10-01 21:01:11,589 - INFO - init_cls: 20
2025-10-01 21:01:11,589 - INFO - increment: 20
2025-10-01 21:01:11,589 - INFO - model_name: sldc
2025-10-01 21:01:11,589 - INFO - weight_decay: 0.0
2025-10-01 21:01:11,590 - INFO - device: [device(type='cuda', index=0)]
2025-10-01 21:01:11,590 - INFO - vit_type: clip-vit-b-16
2025-10-01 21:01:11,590 - INFO - lora_rank: 8
2025-10-01 21:01:11,590 - INFO - lora_type: sgp_lora
2025-10-01 21:01:11,590 - INFO - weight_temp: 4.0
2025-10-01 21:01:11,590 - INFO - sgp_soft_projection: False
2025-10-01 21:01:11,590 - INFO - nsp_eps: 0.05
2025-10-01 21:01:11,590 - INFO - nsp_weight: 0.0
2025-10-01 21:01:11,590 - INFO - trace_k: 0.2
2025-10-01 21:01:11,590 - INFO - weight_kind: log1p
2025-10-01 21:01:11,590 - INFO - weight_p: 1.0
2025-10-01 21:01:11,590 - INFO - kl_gamma: 0.01
2025-10-01 21:01:11,590 - INFO - osgp_scale: 1.0
2025-10-01 21:01:11,590 - INFO - sce_a: 0.5
2025-10-01 21:01:11,590 - INFO - sce_b: 0.5
2025-10-01 21:01:11,590 - INFO - seed_list: [1990]
2025-10-01 21:01:11,590 - INFO - iterations: 600
2025-10-01 21:01:11,590 - INFO - warmup_steps: 0
2025-10-01 21:01:11,590 - INFO - ca_epochs: 5
2025-10-01 21:01:11,590 - INFO - optimizer: adamw
2025-10-01 21:01:11,590 - INFO - lrate: 0.001
2025-10-01 21:01:11,590 - INFO - head_scale: 1.0
2025-10-01 21:01:11,590 - INFO - batch_size: 32
2025-10-01 21:01:11,590 - INFO - evaluate_final_only: True
2025-10-01 21:01:11,590 - INFO - gamma_norm: 0.1
2025-10-01 21:01:11,590 - INFO - gamma_kd: 0.5
2025-10-01 21:01:11,590 - INFO - kd_type: feat
2025-10-01 21:01:11,590 - INFO - alpha_t: 1.0
2025-10-01 21:01:11,590 - INFO - gamma_1: 0.0001
2025-10-01 21:01:11,590 - INFO - compensate: True
2025-10-01 21:01:11,590 - INFO - amp: True
2025-10-01 21:01:11,590 - INFO - amp_dtype: fp16
2025-10-01 21:01:11,590 - INFO - clip_dataset_sequence: ['fgvc_aircraft', 'caltech-101', 'dtd', 'eurosat', 'oxford_flower102', 'food101', 'oxford_pets', 'stanford_cars']
2025-10-01 21:01:11,590 - INFO - clip_dataset_shuffle: False
2025-10-01 21:01:11,590 - INFO - clip_dataset_seed: 0
2025-10-01 21:01:11,590 - INFO - clip_num_workers: 4
2025-10-01 21:01:11,590 - INFO - clip_pin_memory: False
2025-10-01 21:01:11,590 - INFO - clip_use_reference_data: True
2025-10-01 21:01:11,590 - INFO - auxiliary_data_path: /data1/open_datasets/flickr8k
2025-10-01 21:01:11,591 - INFO - aux_dataset_type: flickr8k
2025-10-01 21:01:11,591 - INFO - auxiliary_data_size: 256
2025-10-01 21:01:11,591 - INFO - l2_protection: False
2025-10-01 21:01:11,591 - INFO - l2_protection_lambda: 1.0
2025-10-01 21:01:11,591 - INFO - seed: 1990
2025-10-01 21:01:11,591 - INFO - run_id: 0
2025-10-01 21:01:11,591 - INFO - log_path: sldc_logs_raoxuan/CLIP-CL_clip-vit-b-16/init-20_inc-20_rank-8_lt-sgp_lora_T-4_comp-1_wk-log1p_wp-1_kd-feat_gkd-0p5_gn-0p1_optim-adamw_lr-0p001_bz-32_iter-600_seed-1990
/home/raoxuan/projects/SubspaceLoRA/models/subspace_lora_clip.py:144: FutureWarning: `torch.cuda.amp.GradScaler(args...)` is deprecated. Please use `torch.amp.GradScaler('cuda', args...)` instead.
  self.grad_scaler = GradScaler() if self.use_amp and self.amp_dtype == torch.float16 else None
2025-10-01 21:01:12,214 - INFO - AMP enabled (dtype=fp16)
2025-10-01 21:01:13,585 - INFO - Compiled SubspaceLoRAClipLearner network via torch.compile
2025-10-01 21:01:13,604 - INFO - [ClipIDM] dataset=fgvc_aircraft | train=3334 | test=3333 | classes=100
2025-10-01 21:01:13,628 - INFO - [ClipIDM] dataset=caltech-101 | train=3060 | test=6084 | classes=102
2025-10-01 21:01:13,637 - INFO - [ClipIDM] dataset=dtd | train=1880 | test=1880 | classes=47
2025-10-01 21:01:13,659 - INFO - [ClipIDM] dataset=eurosat | train=5000 | test=5000 | classes=10
2025-10-01 21:01:13,678 - INFO - [ClipIDM] dataset=oxford_flower102 | train=1020 | test=6149 | classes=102
2025-10-01 21:01:13,908 - INFO - [ClipIDM] dataset=food101 | train=75750 | test=25250 | classes=101
2025-10-01 21:01:13,925 - INFO - [ClipIDM] dataset=oxford_pets | train=3680 | test=3669 | classes=37
2025-10-01 21:01:13,967 - INFO - [ClipIDM] dataset=stanford_cars | train=8144 | test=8041 | classes=196
2025-10-01 21:01:13,968 - INFO - All params: 151030785
2025-10-01 21:01:13,969 - INFO - Trainable params: 1410048
2025-10-01 21:01:14,193 - INFO - Precomputing reference text embeddings ...
Using a slow image processor as `use_fast` is unset and a slow processor was saved with this model. `use_fast=True` will be the default behavior in v4.52, even if the model was saved with a slow processor. This will result in minor differences in outputs. You'll still be able to use a slow processor with `use_fast=False`.
[Reference Data] enabled | type=flickr8k | path=/data1/open_datasets/flickr8k | num_workers=4 | pin_memory=False | captions=multi-avg(if supported)
Fetching 1 files:   0%|          | 0/1 [00:00<?, ?it/s]Fetching 1 files: 100%|██████████| 1/1 [00:00<00:00, 21620.12it/s]
Fetching 1 files:   0%|          | 0/1 [00:00<?, ?it/s]Fetching 1 files: 100%|██████████| 1/1 [00:00<00:00, 7810.62it/s]
/home/raoxuan/projects/SubspaceLoRA/models/subspace_lora_clip.py:144: FutureWarning: `torch.cuda.amp.GradScaler(args...)` is deprecated. Please use `torch.amp.GradScaler('cuda', args...)` instead.
  self.grad_scaler = GradScaler() if self.use_amp and self.amp_dtype == torch.float16 else None
2025-10-01 21:01:20,175 - INFO - AMP enabled (dtype=fp16)
2025-10-01 21:01:20,541 - INFO - Precomputed 2048 reference text embeddings.
2025-10-01 21:01:20,541 - INFO - Caching reference teacher embeddings for 2048 samples...
2025-10-01 21:01:21,587 - INFO - Compiled SubspaceLoRAClipLearner network via torch.compile
2025-10-01 21:01:21,605 - INFO - [ClipIDM] dataset=fgvc_aircraft | train=3334 | test=3333 | classes=100
2025-10-01 21:01:21,629 - INFO - [ClipIDM] dataset=caltech-101 | train=3060 | test=6084 | classes=102
2025-10-01 21:01:21,639 - INFO - [ClipIDM] dataset=dtd | train=1880 | test=1880 | classes=47
2025-10-01 21:01:21,664 - INFO - [ClipIDM] dataset=eurosat | train=5000 | test=5000 | classes=10
2025-10-01 21:01:21,685 - INFO - [ClipIDM] dataset=oxford_flower102 | train=1020 | test=6149 | classes=102
2025-10-01 21:01:21,936 - INFO - [ClipIDM] dataset=food101 | train=75750 | test=25250 | classes=101
2025-10-01 21:01:21,953 - INFO - [ClipIDM] dataset=oxford_pets | train=3680 | test=3669 | classes=37
2025-10-01 21:01:21,995 - INFO - [ClipIDM] dataset=stanford_cars | train=8144 | test=8041 | classes=196
2025-10-01 21:01:21,997 - INFO - All params: 151030785
2025-10-01 21:01:21,998 - INFO - Trainable params: 1410048
2025-10-01 21:01:22,212 - INFO - Precomputing reference text embeddings ...
2025-10-01 21:01:26,915 - INFO - Cached 2048 teacher feature vectors for reference data (6.37s).
2025-10-01 21:01:31,059 - INFO - Precomputed 2048 reference text embeddings.
2025-10-01 21:01:31,059 - INFO - Caching reference teacher embeddings for 2048 samples...
[W 2025-10-01 21:01:31,455] Trial 2 failed with parameters: {'lrate': 0.001, 'weight_temp': 4.0, 'iterations': 600, 'gamma_kd': 0.5, 'sgp_soft_projection': False} because of the following error: KeyboardInterrupt().
Traceback (most recent call last):
  File "/home/raoxuan/ENTER/envs/raoxuan/lib/python3.9/site-packages/optuna/study/_optimize.py", line 196, in _run_trial
    value_or_values = func(trial)
  File "/home/raoxuan/projects/SubspaceLoRA/clip_hyperparam_search.py", line 128, in <lambda>
    lambda t: objective(t, base_args, search_space),
  File "/home/raoxuan/projects/SubspaceLoRA/clip_hyperparam_search.py", line 27, in objective
    raw_results = train(args)  # Expected: {seed: history_dict}
  File "/home/raoxuan/projects/SubspaceLoRA/trainer_clip.py", line 44, in train
    results = train_single_run(args)
  File "/home/raoxuan/projects/SubspaceLoRA/trainer_clip.py", line 62, in train_single_run
    final_results = model.loop()
  File "/home/raoxuan/projects/SubspaceLoRA/models/subspace_lora_clip.py", line 968, in loop
    self._initialise_reference_components()
  File "/home/raoxuan/projects/SubspaceLoRA/models/subspace_lora_clip.py", line 1067, in _initialise_reference_components
    feats = self.prev_network.encode_text(list(captions))
  File "/home/raoxuan/projects/SubspaceLoRA/utils/inc_net.py", line 183, in encode_text
    text_features = self.model.get_text_features(**text_inputs)
  File "/home/raoxuan/ENTER/envs/raoxuan/lib/python3.9/site-packages/transformers/models/clip/modeling_clip.py", line 902, in get_text_features
    text_outputs: BaseModelOutputWithPooling = self.text_model(
  File "/home/raoxuan/ENTER/envs/raoxuan/lib/python3.9/site-packages/torch/nn/modules/module.py", line 1773, in _wrapped_call_impl
    return self._call_impl(*args, **kwargs)
  File "/home/raoxuan/ENTER/envs/raoxuan/lib/python3.9/site-packages/torch/nn/modules/module.py", line 1784, in _call_impl
    return forward_call(*args, **kwargs)
  File "/home/raoxuan/ENTER/envs/raoxuan/lib/python3.9/site-packages/transformers/models/clip/modeling_clip.py", line 626, in forward
    encoder_outputs: BaseModelOutput = self.encoder(
  File "/home/raoxuan/ENTER/envs/raoxuan/lib/python3.9/site-packages/torch/nn/modules/module.py", line 1773, in _wrapped_call_impl
    return self._call_impl(*args, **kwargs)
  File "/home/raoxuan/ENTER/envs/raoxuan/lib/python3.9/site-packages/torch/nn/modules/module.py", line 1784, in _call_impl
    return forward_call(*args, **kwargs)
  File "/home/raoxuan/ENTER/envs/raoxuan/lib/python3.9/site-packages/transformers/models/clip/modeling_clip.py", line 556, in forward
    layer_outputs = encoder_layer(
  File "/home/raoxuan/ENTER/envs/raoxuan/lib/python3.9/site-packages/transformers/modeling_layers.py", line 94, in __call__
    return super().__call__(*args, **kwargs)
  File "/home/raoxuan/ENTER/envs/raoxuan/lib/python3.9/site-packages/torch/nn/modules/module.py", line 1773, in _wrapped_call_impl
    return self._call_impl(*args, **kwargs)
  File "/home/raoxuan/ENTER/envs/raoxuan/lib/python3.9/site-packages/torch/nn/modules/module.py", line 1784, in _call_impl
    return forward_call(*args, **kwargs)
  File "/home/raoxuan/ENTER/envs/raoxuan/lib/python3.9/site-packages/transformers/models/clip/modeling_clip.py", line 404, in forward
    hidden_states, attn_weights = self.self_attn(
  File "/home/raoxuan/ENTER/envs/raoxuan/lib/python3.9/site-packages/torch/nn/modules/module.py", line 1773, in _wrapped_call_impl
    return self._call_impl(*args, **kwargs)
  File "/home/raoxuan/ENTER/envs/raoxuan/lib/python3.9/site-packages/torch/nn/modules/module.py", line 1784, in _call_impl
    return forward_call(*args, **kwargs)
  File "/home/raoxuan/ENTER/envs/raoxuan/lib/python3.9/site-packages/transformers/models/clip/modeling_clip.py", line 314, in forward
    keys = self.k_proj(hidden_states)
  File "/home/raoxuan/ENTER/envs/raoxuan/lib/python3.9/site-packages/torch/nn/modules/module.py", line 1773, in _wrapped_call_impl
    return self._call_impl(*args, **kwargs)
  File "/home/raoxuan/ENTER/envs/raoxuan/lib/python3.9/site-packages/torch/nn/modules/module.py", line 1784, in _call_impl
    return forward_call(*args, **kwargs)
  File "/home/raoxuan/ENTER/envs/raoxuan/lib/python3.9/site-packages/torch/nn/modules/linear.py", line 125, in forward
    return F.linear(input, self.weight, self.bias)
KeyboardInterrupt
[W 2025-10-01 21:01:31,457] Trial 2 failed with value None.
Traceback (most recent call last):
  File "/home/raoxuan/projects/SubspaceLoRA/clip_hyperparam_search.py", line 159, in <module>
    main()
  File "/home/raoxuan/projects/SubspaceLoRA/clip_hyperparam_search.py", line 127, in main
    study.optimize(
  File "/home/raoxuan/ENTER/envs/raoxuan/lib/python3.9/site-packages/optuna/study/study.py", line 451, in optimize
    _optimize(
  File "/home/raoxuan/ENTER/envs/raoxuan/lib/python3.9/site-packages/optuna/study/_optimize.py", line 62, in _optimize
    _optimize_sequential(
  File "/home/raoxuan/ENTER/envs/raoxuan/lib/python3.9/site-packages/optuna/study/_optimize.py", line 159, in _optimize_sequential
    frozen_trial = _run_trial(study, func, catch)
  File "/home/raoxuan/ENTER/envs/raoxuan/lib/python3.9/site-packages/optuna/study/_optimize.py", line 247, in _run_trial
    raise func_err
  File "/home/raoxuan/ENTER/envs/raoxuan/lib/python3.9/site-packages/optuna/study/_optimize.py", line 196, in _run_trial
    value_or_values = func(trial)
  File "/home/raoxuan/projects/SubspaceLoRA/clip_hyperparam_search.py", line 128, in <lambda>
    lambda t: objective(t, base_args, search_space),
  File "/home/raoxuan/projects/SubspaceLoRA/clip_hyperparam_search.py", line 27, in objective
    raw_results = train(args)  # Expected: {seed: history_dict}
  File "/home/raoxuan/projects/SubspaceLoRA/trainer_clip.py", line 44, in train
    results = train_single_run(args)
  File "/home/raoxuan/projects/SubspaceLoRA/trainer_clip.py", line 62, in train_single_run
    final_results = model.loop()
  File "/home/raoxuan/projects/SubspaceLoRA/models/subspace_lora_clip.py", line 968, in loop
    self._initialise_reference_components()
  File "/home/raoxuan/projects/SubspaceLoRA/models/subspace_lora_clip.py", line 1067, in _initialise_reference_components
    feats = self.prev_network.encode_text(list(captions))
  File "/home/raoxuan/projects/SubspaceLoRA/utils/inc_net.py", line 183, in encode_text
    text_features = self.model.get_text_features(**text_inputs)
  File "/home/raoxuan/ENTER/envs/raoxuan/lib/python3.9/site-packages/transformers/models/clip/modeling_clip.py", line 902, in get_text_features
    text_outputs: BaseModelOutputWithPooling = self.text_model(
  File "/home/raoxuan/ENTER/envs/raoxuan/lib/python3.9/site-packages/torch/nn/modules/module.py", line 1773, in _wrapped_call_impl
    return self._call_impl(*args, **kwargs)
  File "/home/raoxuan/ENTER/envs/raoxuan/lib/python3.9/site-packages/torch/nn/modules/module.py", line 1784, in _call_impl
    return forward_call(*args, **kwargs)
  File "/home/raoxuan/ENTER/envs/raoxuan/lib/python3.9/site-packages/transformers/models/clip/modeling_clip.py", line 626, in forward
    encoder_outputs: BaseModelOutput = self.encoder(
  File "/home/raoxuan/ENTER/envs/raoxuan/lib/python3.9/site-packages/torch/nn/modules/module.py", line 1773, in _wrapped_call_impl
    return self._call_impl(*args, **kwargs)
  File "/home/raoxuan/ENTER/envs/raoxuan/lib/python3.9/site-packages/torch/nn/modules/module.py", line 1784, in _call_impl
    return forward_call(*args, **kwargs)
  File "/home/raoxuan/ENTER/envs/raoxuan/lib/python3.9/site-packages/transformers/models/clip/modeling_clip.py", line 556, in forward
    layer_outputs = encoder_layer(
  File "/home/raoxuan/ENTER/envs/raoxuan/lib/python3.9/site-packages/transformers/modeling_layers.py", line 94, in __call__
    return super().__call__(*args, **kwargs)
  File "/home/raoxuan/ENTER/envs/raoxuan/lib/python3.9/site-packages/torch/nn/modules/module.py", line 1773, in _wrapped_call_impl
    return self._call_impl(*args, **kwargs)
  File "/home/raoxuan/ENTER/envs/raoxuan/lib/python3.9/site-packages/torch/nn/modules/module.py", line 1784, in _call_impl
    return forward_call(*args, **kwargs)
  File "/home/raoxuan/ENTER/envs/raoxuan/lib/python3.9/site-packages/transformers/models/clip/modeling_clip.py", line 404, in forward
    hidden_states, attn_weights = self.self_attn(
  File "/home/raoxuan/ENTER/envs/raoxuan/lib/python3.9/site-packages/torch/nn/modules/module.py", line 1773, in _wrapped_call_impl
    return self._call_impl(*args, **kwargs)
  File "/home/raoxuan/ENTER/envs/raoxuan/lib/python3.9/site-packages/torch/nn/modules/module.py", line 1784, in _call_impl
    return forward_call(*args, **kwargs)
  File "/home/raoxuan/ENTER/envs/raoxuan/lib/python3.9/site-packages/transformers/models/clip/modeling_clip.py", line 314, in forward
    keys = self.k_proj(hidden_states)
  File "/home/raoxuan/ENTER/envs/raoxuan/lib/python3.9/site-packages/torch/nn/modules/module.py", line 1773, in _wrapped_call_impl
    return self._call_impl(*args, **kwargs)
  File "/home/raoxuan/ENTER/envs/raoxuan/lib/python3.9/site-packages/torch/nn/modules/module.py", line 1784, in _call_impl
    return forward_call(*args, **kwargs)
  File "/home/raoxuan/ENTER/envs/raoxuan/lib/python3.9/site-packages/torch/nn/modules/linear.py", line 125, in forward
    return F.linear(input, self.weight, self.bias)
KeyboardInterrupt
Error in atexit._run_exitfuncs:
Traceback (most recent call last):
  File "/home/raoxuan/ENTER/envs/raoxuan/lib/python3.9/site-packages/torch/_inductor/compile_worker/subproc_pool.py", line 243, in shutdown
    self.process.wait(300)
  File "/home/raoxuan/ENTER/envs/raoxuan/lib/python3.9/subprocess.py", line 1189, in wait
    return self._wait(timeout=timeout)
  File "/home/raoxuan/ENTER/envs/raoxuan/lib/python3.9/subprocess.py", line 1927, in _wait
    time.sleep(delay)
KeyboardInterrupt
[W 2025-10-01 21:01:34,404] Trial 1 failed with parameters: {'lrate': 0.001, 'weight_temp': 1.0, 'iterations': 1200, 'gamma_kd': 0.5, 'sgp_soft_projection': False} because of the following error: KeyboardInterrupt().
Traceback (most recent call last):
  File "/home/raoxuan/ENTER/envs/raoxuan/lib/python3.9/site-packages/optuna/study/_optimize.py", line 196, in _run_trial
    value_or_values = func(trial)
  File "/home/raoxuan/projects/SubspaceLoRA/clip_hyperparam_search.py", line 128, in <lambda>
    lambda t: objective(t, base_args, search_space),
  File "/home/raoxuan/projects/SubspaceLoRA/clip_hyperparam_search.py", line 27, in objective
    raw_results = train(args)  # Expected: {seed: history_dict}
  File "/home/raoxuan/projects/SubspaceLoRA/trainer_clip.py", line 44, in train
    results = train_single_run(args)
  File "/home/raoxuan/projects/SubspaceLoRA/trainer_clip.py", line 62, in train_single_run
    final_results = model.loop()
  File "/home/raoxuan/projects/SubspaceLoRA/models/subspace_lora_clip.py", line 968, in loop
    self._initialise_reference_components()
  File "/home/raoxuan/projects/SubspaceLoRA/models/subspace_lora_clip.py", line 1086, in _initialise_reference_components
    self._precompute_reference_teacher_embeddings(reference_dataset)
  File "/home/raoxuan/projects/SubspaceLoRA/models/subspace_lora_clip.py", line 1117, in _precompute_reference_teacher_embeddings
    teacher_features.append(feats.detach().cpu().to(dtype=torch.float32))
KeyboardInterrupt
[W 2025-10-01 21:01:34,404] Trial 1 failed with value None.
Traceback (most recent call last):
  File "/home/raoxuan/projects/SubspaceLoRA/clip_hyperparam_search.py", line 159, in <module>
    main()
  File "/home/raoxuan/projects/SubspaceLoRA/clip_hyperparam_search.py", line 127, in main
    study.optimize(
  File "/home/raoxuan/ENTER/envs/raoxuan/lib/python3.9/site-packages/optuna/study/study.py", line 451, in optimize
    _optimize(
  File "/home/raoxuan/ENTER/envs/raoxuan/lib/python3.9/site-packages/optuna/study/_optimize.py", line 62, in _optimize
    _optimize_sequential(
  File "/home/raoxuan/ENTER/envs/raoxuan/lib/python3.9/site-packages/optuna/study/_optimize.py", line 159, in _optimize_sequential
    frozen_trial = _run_trial(study, func, catch)
  File "/home/raoxuan/ENTER/envs/raoxuan/lib/python3.9/site-packages/optuna/study/_optimize.py", line 247, in _run_trial
    raise func_err
  File "/home/raoxuan/ENTER/envs/raoxuan/lib/python3.9/site-packages/optuna/study/_optimize.py", line 196, in _run_trial
    value_or_values = func(trial)
  File "/home/raoxuan/projects/SubspaceLoRA/clip_hyperparam_search.py", line 128, in <lambda>
    lambda t: objective(t, base_args, search_space),
  File "/home/raoxuan/projects/SubspaceLoRA/clip_hyperparam_search.py", line 27, in objective
    raw_results = train(args)  # Expected: {seed: history_dict}
  File "/home/raoxuan/projects/SubspaceLoRA/trainer_clip.py", line 44, in train
    results = train_single_run(args)
  File "/home/raoxuan/projects/SubspaceLoRA/trainer_clip.py", line 62, in train_single_run
    final_results = model.loop()
  File "/home/raoxuan/projects/SubspaceLoRA/models/subspace_lora_clip.py", line 968, in loop
    self._initialise_reference_components()
  File "/home/raoxuan/projects/SubspaceLoRA/models/subspace_lora_clip.py", line 1086, in _initialise_reference_components
    self._precompute_reference_teacher_embeddings(reference_dataset)
  File "/home/raoxuan/projects/SubspaceLoRA/models/subspace_lora_clip.py", line 1117, in _precompute_reference_teacher_embeddings
    teacher_features.append(feats.detach().cpu().to(dtype=torch.float32))
KeyboardInterrupt
Error in atexit._run_exitfuncs:
Traceback (most recent call last):
  File "/home/raoxuan/ENTER/envs/raoxuan/lib/python3.9/site-packages/torch/_inductor/compile_worker/subproc_pool.py", line 243, in shutdown
    self.process.wait(300)
  File "/home/raoxuan/ENTER/envs/raoxuan/lib/python3.9/subprocess.py", line 1189, in wait
    return self._wait(timeout=timeout)
  File "/home/raoxuan/ENTER/envs/raoxuan/lib/python3.9/subprocess.py", line 1927, in _wait
    time.sleep(delay)
KeyboardInterrupt
Error in atexit._run_exitfuncs:
Traceback (most recent call last):
  File "/home/raoxuan/ENTER/envs/raoxuan/lib/python3.9/weakref.py", line 667, in _exitfunc
    f()
  File "/home/raoxuan/ENTER/envs/raoxuan/lib/python3.9/weakref.py", line 591, in __call__
    return info.func(*info.args, **(info.kwargs or {}))
  File "/home/raoxuan/ENTER/envs/raoxuan/lib/python3.9/site-packages/torch/library.py", line 482, in _del_library
    m.reset()
KeyboardInterrupt
2025-10-01 21:01:38,207 - INFO - Starting task 1/8: fgvc_aircraft (train=3334, test=3333, classes=100)
/home/raoxuan/projects/SubspaceLoRA/models/subspace_lora_clip.py:687: FutureWarning: `torch.cuda.amp.autocast(args...)` is deprecated. Please use `torch.amp.autocast('cuda', args...)` instead.
  with autocast(**self._autocast_kwargs):
`torch.nn.functional.scaled_dot_product_attention` does not support `output_attentions=True`. Falling back to eager attention. This warning can be removed using the argument `attn_implementation="eager"` when loading the model.
/home/raoxuan/projects/SubspaceLoRA/models/subspace_lora_clip.py:841: FutureWarning: `torch.cuda.amp.autocast(args...)` is deprecated. Please use `torch.amp.autocast('cuda', args...)` instead.
  with autocast(**self._autocast_kwargs):
/home/raoxuan/ENTER/envs/raoxuan/lib/python3.9/site-packages/torch/optim/lr_scheduler.py:192: UserWarning: Detected call of `lr_scheduler.step()` before `optimizer.step()`. In PyTorch 1.1.0 and later, you should call them in the opposite order: `optimizer.step()` before `lr_scheduler.step()`.  Failure to do this will result in PyTorch skipping the first value of the learning rate schedule. See more details at https://pytorch.org/docs/stable/optim.html#how-to-adjust-learning-rate
  warnings.warn(
2025-10-01 21:01:41,978 - INFO - Task 0 Iter 10/600 | lr=0.000499723 | acc=0.2662 | pos_cos=0.312830 | neg_cos=0.250187 | ref_L2=0.000001 | ref_cos=0.999631 | ref_KL=0.000679
2025-10-01 21:01:43,628 - INFO - Task 0 Iter 20/600 | lr=0.000498764 | acc=0.2642 | pos_cos=0.317039 | neg_cos=0.260228 | ref_L2=0.000006 | ref_cos=0.998512 | ref_KL=0.001983
2025-10-01 21:01:45,269 - INFO - Task 0 Iter 30/600 | lr=0.000497124 | acc=0.2811 | pos_cos=0.320581 | neg_cos=0.272107 | ref_L2=0.000010 | ref_cos=0.997357 | ref_KL=0.003207
2025-10-01 21:01:46,919 - INFO - Task 0 Iter 40/600 | lr=0.000494807 | acc=0.3128 | pos_cos=0.323755 | neg_cos=0.275636 | ref_L2=0.000012 | ref_cos=0.996980 | ref_KL=0.003593
2025-10-01 21:01:48,564 - INFO - Task 0 Iter 50/600 | lr=0.000491819 | acc=0.3168 | pos_cos=0.323891 | neg_cos=0.275032 | ref_L2=0.000012 | ref_cos=0.996821 | ref_KL=0.003261
2025-10-01 21:01:49,191 - INFO - Using storage: sqlite:///clip-zeroshot-optimization.db
/home/raoxuan/ENTER/envs/raoxuan/lib/python3.9/site-packages/optuna/samplers/_tpe/sampler.py:319: ExperimentalWarning: ``multivariate`` option is an experimental feature. The interface can change in the future.
  warnings.warn(
[I 2025-10-01 21:01:49,459] Using an existing study with name 'clip-zeroshot-optimization' instead of creating a new one.
2025-10-01 21:01:49,476 - INFO - Loaded 3 existing trials.
2025-10-01 21:01:49,516 - INFO - smart_defaults: False
2025-10-01 21:01:49,516 - INFO - dataset: CLIP-CL
2025-10-01 21:01:49,516 - INFO - prefix: optuna_trial_3
2025-10-01 21:01:49,516 - INFO - test: False
2025-10-01 21:01:49,516 - INFO - user: raoxuan
2025-10-01 21:01:49,516 - INFO - data_location: /home/raoxuan/projects/SubspaceLoRA/data/mtil
2025-10-01 21:01:49,516 - INFO - reference_dataset_path: /data1/open_datasets/ImageNet-2012/train/
2025-10-01 21:01:49,516 - INFO - reference_batch_size: 32
2025-10-01 21:01:49,516 - INFO - memory_size: 0
2025-10-01 21:01:49,516 - INFO - memory_per_class: 0
2025-10-01 21:01:49,517 - INFO - fixed_memory: False
2025-10-01 21:01:49,517 - INFO - shuffle: True
2025-10-01 21:01:49,517 - INFO - init_cls: 20
2025-10-01 21:01:49,517 - INFO - increment: 20
2025-10-01 21:01:49,517 - INFO - model_name: sldc
2025-10-01 21:01:49,517 - INFO - weight_decay: 0.0
2025-10-01 21:01:49,517 - INFO - device: [device(type='cuda', index=0)]
2025-10-01 21:01:49,517 - INFO - vit_type: clip-vit-b-16
2025-10-01 21:01:49,517 - INFO - lora_rank: 8
2025-10-01 21:01:49,517 - INFO - lora_type: sgp_lora
2025-10-01 21:01:49,517 - INFO - weight_temp: 1.0
2025-10-01 21:01:49,517 - INFO - sgp_soft_projection: False
2025-10-01 21:01:49,517 - INFO - nsp_eps: 0.05
2025-10-01 21:01:49,517 - INFO - nsp_weight: 0.0
2025-10-01 21:01:49,517 - INFO - trace_k: 0.2
2025-10-01 21:01:49,517 - INFO - weight_kind: log1p
2025-10-01 21:01:49,517 - INFO - weight_p: 1.0
2025-10-01 21:01:49,517 - INFO - kl_gamma: 0.01
2025-10-01 21:01:49,517 - INFO - osgp_scale: 1.0
2025-10-01 21:01:49,517 - INFO - sce_a: 0.5
2025-10-01 21:01:49,517 - INFO - sce_b: 0.5
2025-10-01 21:01:49,517 - INFO - seed_list: [1990]
2025-10-01 21:01:49,517 - INFO - iterations: 1200
2025-10-01 21:01:49,517 - INFO - warmup_steps: 0
2025-10-01 21:01:49,517 - INFO - ca_epochs: 5
2025-10-01 21:01:49,517 - INFO - optimizer: adamw
2025-10-01 21:01:49,517 - INFO - lrate: 0.0005
2025-10-01 21:01:49,517 - INFO - head_scale: 1.0
2025-10-01 21:01:49,517 - INFO - batch_size: 32
2025-10-01 21:01:49,517 - INFO - evaluate_final_only: True
2025-10-01 21:01:49,517 - INFO - gamma_norm: 0.1
2025-10-01 21:01:49,517 - INFO - gamma_kd: 2.0
2025-10-01 21:01:49,517 - INFO - kd_type: feat
2025-10-01 21:01:49,517 - INFO - alpha_t: 1.0
2025-10-01 21:01:49,518 - INFO - gamma_1: 0.0001
2025-10-01 21:01:49,518 - INFO - compensate: True
2025-10-01 21:01:49,518 - INFO - amp: True
2025-10-01 21:01:49,518 - INFO - amp_dtype: fp16
2025-10-01 21:01:49,518 - INFO - clip_dataset_sequence: ['fgvc_aircraft', 'caltech-101', 'dtd', 'eurosat', 'oxford_flower102', 'food101', 'oxford_pets', 'stanford_cars']
2025-10-01 21:01:49,518 - INFO - clip_dataset_shuffle: False
2025-10-01 21:01:49,518 - INFO - clip_dataset_seed: 0
2025-10-01 21:01:49,518 - INFO - clip_num_workers: 4
2025-10-01 21:01:49,518 - INFO - clip_pin_memory: False
2025-10-01 21:01:49,518 - INFO - clip_use_reference_data: True
2025-10-01 21:01:49,518 - INFO - auxiliary_data_path: /data1/open_datasets/flickr8k
2025-10-01 21:01:49,518 - INFO - aux_dataset_type: flickr8k
2025-10-01 21:01:49,518 - INFO - auxiliary_data_size: 256
2025-10-01 21:01:49,518 - INFO - l2_protection: False
2025-10-01 21:01:49,518 - INFO - l2_protection_lambda: 1.0
2025-10-01 21:01:49,518 - INFO - seed: 1990
2025-10-01 21:01:49,518 - INFO - run_id: 0
2025-10-01 21:01:49,518 - INFO - log_path: sldc_logs_raoxuan/CLIP-CL_clip-vit-b-16/init-20_inc-20_rank-8_lt-sgp_lora_T-1_comp-1_wk-log1p_wp-1_kd-feat_gkd-2_gn-0p1_optim-adamw_lr-0p0005_bz-32_iter-1200_seed-1990
2025-10-01 21:01:50,213 - INFO - Task 0 Iter 60/600 | lr=0.000488168 | acc=0.3188 | pos_cos=0.322829 | neg_cos=0.274857 | ref_L2=0.000012 | ref_cos=0.996929 | ref_KL=0.003497
Using a slow image processor as `use_fast` is unset and a slow processor was saved with this model. `use_fast=True` will be the default behavior in v4.52, even if the model was saved with a slow processor. This will result in minor differences in outputs. You'll still be able to use a slow processor with `use_fast=False`.
[Reference Data] enabled | type=flickr8k | path=/data1/open_datasets/flickr8k | num_workers=4 | pin_memory=False | captions=multi-avg(if supported)
Fetching 1 files:   0%|          | 0/1 [00:00<?, ?it/s]Fetching 1 files: 100%|██████████| 1/1 [00:00<00:00, 13315.25it/s]
2025-10-01 21:01:52,604 - INFO - Task 0 Iter 70/600 | lr=0.000483864 | acc=0.3259 | pos_cos=0.322584 | neg_cos=0.273217 | ref_L2=0.000011 | ref_cos=0.997186 | ref_KL=0.003053
2025-10-01 21:01:54,278 - INFO - Task 0 Iter 80/600 | lr=0.00047892 | acc=0.3308 | pos_cos=0.324859 | neg_cos=0.275325 | ref_L2=0.000011 | ref_cos=0.997285 | ref_KL=0.003051
2025-10-01 21:01:56,162 - INFO - Task 0 Iter 90/600 | lr=0.000473348 | acc=0.3653 | pos_cos=0.326193 | neg_cos=0.275249 | ref_L2=0.000010 | ref_cos=0.997390 | ref_KL=0.003896
Fetching 1 files:   0%|          | 0/1 [00:00<?, ?it/s]Fetching 1 files: 100%|██████████| 1/1 [00:00<00:00, 7854.50it/s]
2025-10-01 21:01:57,821 - INFO - Task 0 Iter 100/600 | lr=0.000467164 | acc=0.3490 | pos_cos=0.323078 | neg_cos=0.272183 | ref_L2=0.000010 | ref_cos=0.997333 | ref_KL=0.003809
/home/raoxuan/projects/SubspaceLoRA/models/subspace_lora_clip.py:144: FutureWarning: `torch.cuda.amp.GradScaler(args...)` is deprecated. Please use `torch.amp.GradScaler('cuda', args...)` instead.
  self.grad_scaler = GradScaler() if self.use_amp and self.amp_dtype == torch.float16 else None
2025-10-01 21:01:59,295 - INFO - AMP enabled (dtype=fp16)
2025-10-01 21:02:00,524 - INFO - Task 0 Iter 110/600 | lr=0.000460386 | acc=0.4045 | pos_cos=0.321054 | neg_cos=0.272628 | ref_L2=0.000011 | ref_cos=0.997105 | ref_KL=0.004917
2025-10-01 21:02:00,821 - INFO - Compiled SubspaceLoRAClipLearner network via torch.compile
2025-10-01 21:02:00,843 - INFO - [ClipIDM] dataset=fgvc_aircraft | train=3334 | test=3333 | classes=100
2025-10-01 21:02:00,870 - INFO - [ClipIDM] dataset=caltech-101 | train=3060 | test=6084 | classes=102
2025-10-01 21:02:00,881 - INFO - [ClipIDM] dataset=dtd | train=1880 | test=1880 | classes=47
2025-10-01 21:02:00,906 - INFO - [ClipIDM] dataset=eurosat | train=5000 | test=5000 | classes=10
2025-10-01 21:02:00,927 - INFO - [ClipIDM] dataset=oxford_flower102 | train=1020 | test=6149 | classes=102
2025-10-01 21:02:01,186 - INFO - [ClipIDM] dataset=food101 | train=75750 | test=25250 | classes=101
2025-10-01 21:02:01,205 - INFO - [ClipIDM] dataset=oxford_pets | train=3680 | test=3669 | classes=37
2025-10-01 21:02:01,251 - INFO - [ClipIDM] dataset=stanford_cars | train=8144 | test=8041 | classes=196
2025-10-01 21:02:01,253 - INFO - All params: 151030785
2025-10-01 21:02:01,254 - INFO - Trainable params: 1410048
2025-10-01 21:02:01,468 - INFO - Precomputing reference text embeddings ...
2025-10-01 21:02:02,405 - INFO - Task 0 Iter 120/600 | lr=0.00045303 | acc=0.4605 | pos_cos=0.322491 | neg_cos=0.267195 | ref_L2=0.000011 | ref_cos=0.997114 | ref_KL=0.004731
2025-10-01 21:02:05,877 - INFO - Task 0 Iter 130/600 | lr=0.000445119 | acc=0.4702 | pos_cos=0.321213 | neg_cos=0.265323 | ref_L2=0.000012 | ref_cos=0.996824 | ref_KL=0.003870
2025-10-01 21:02:08,641 - INFO - Task 0 Iter 140/600 | lr=0.000436672 | acc=0.4831 | pos_cos=0.320223 | neg_cos=0.263267 | ref_L2=0.000012 | ref_cos=0.996861 | ref_KL=0.004675
2025-10-01 21:02:11,425 - INFO - Task 0 Iter 150/600 | lr=0.000427714 | acc=0.4866 | pos_cos=0.319169 | neg_cos=0.263011 | ref_L2=0.000013 | ref_cos=0.996613 | ref_KL=0.003856
2025-10-01 21:02:14,207 - INFO - Task 0 Iter 160/600 | lr=0.000418269 | acc=0.5296 | pos_cos=0.317701 | neg_cos=0.259364 | ref_L2=0.000014 | ref_cos=0.996492 | ref_KL=0.004377
2025-10-01 21:02:16,943 - INFO - Task 0 Iter 170/600 | lr=0.000408364 | acc=0.5269 | pos_cos=0.318499 | neg_cos=0.260989 | ref_L2=0.000014 | ref_cos=0.996369 | ref_KL=0.007274
2025-10-01 21:02:19,758 - INFO - Task 0 Iter 180/600 | lr=0.000398024 | acc=0.5450 | pos_cos=0.317111 | neg_cos=0.258069 | ref_L2=0.000014 | ref_cos=0.996514 | ref_KL=0.008922
2025-10-01 21:02:21,627 - INFO - Precomputed 2048 reference text embeddings.
2025-10-01 21:02:21,627 - INFO - Caching reference teacher embeddings for 2048 samples...
2025-10-01 21:02:22,249 - INFO - Task 0 Iter 190/600 | lr=0.000387278 | acc=0.5409 | pos_cos=0.317885 | neg_cos=0.258610 | ref_L2=0.000013 | ref_cos=0.996651 | ref_KL=0.006662
2025-10-01 21:02:26,723 - INFO - Task 0 Iter 200/600 | lr=0.000376157 | acc=0.5134 | pos_cos=0.316766 | neg_cos=0.260680 | ref_L2=0.000014 | ref_cos=0.996519 | ref_KL=0.005219
2025-10-01 21:02:27,538 - INFO - Cached 2048 teacher feature vectors for reference data (5.91s).
2025-10-01 21:02:29,447 - INFO - Task 0 Iter 210/600 | lr=0.000364689 | acc=0.5052 | pos_cos=0.316256 | neg_cos=0.258962 | ref_L2=0.000013 | ref_cos=0.996615 | ref_KL=0.004948
[W 2025-10-01 21:02:30,995] Trial 0 failed with parameters: {'lrate': 0.0005, 'weight_temp': 1.0, 'iterations': 600, 'gamma_kd': 1.0, 'sgp_soft_projection': True} because of the following error: KeyboardInterrupt().
Traceback (most recent call last):
  File "/home/raoxuan/ENTER/envs/raoxuan/lib/python3.9/site-packages/optuna/study/_optimize.py", line 196, in _run_trial
    value_or_values = func(trial)
  File "/home/raoxuan/projects/SubspaceLoRA/clip_hyperparam_search.py", line 128, in <lambda>
    lambda t: objective(t, base_args, search_space),
  File "/home/raoxuan/projects/SubspaceLoRA/clip_hyperparam_search.py", line 27, in objective
    raw_results = train(args)  # Expected: {seed: history_dict}
  File "/home/raoxuan/projects/SubspaceLoRA/trainer_clip.py", line 44, in train
    results = train_single_run(args)
  File "/home/raoxuan/projects/SubspaceLoRA/trainer_clip.py", line 62, in train_single_run
    final_results = model.loop()
  File "/home/raoxuan/projects/SubspaceLoRA/models/subspace_lora_clip.py", line 1009, in loop
    self.incremental_train(train_loader, zeroshot_weights, self.reference_loader)
  File "/home/raoxuan/projects/SubspaceLoRA/models/subspace_lora_clip.py", line 485, in incremental_train
    self._run_training_loop(train_loader, zeroshot_weights, reference_loader)
  File "/home/raoxuan/projects/SubspaceLoRA/models/subspace_lora_clip.py", line 581, in _run_training_loop
    metrics = self.train_one_iteration(
  File "/home/raoxuan/projects/SubspaceLoRA/models/subspace_lora_clip.py", line 614, in train_one_iteration
    metrics = self._run_training_step(
  File "/home/raoxuan/projects/SubspaceLoRA/models/subspace_lora_clip.py", line 716, in _run_training_step
    kd_term, kd_metrics = self._compute_reference_regularisation(
  File "/home/raoxuan/projects/SubspaceLoRA/models/subspace_lora_clip.py", line 842, in _compute_reference_regularisation
    teacher_feats = self.prev_network.encode_image(reference_images.to(self.device, non_blocking=True))
  File "/home/raoxuan/projects/SubspaceLoRA/utils/inc_net.py", line 178, in encode_image
    return self.model.get_image_features(img)
  File "/home/raoxuan/ENTER/envs/raoxuan/lib/python3.9/site-packages/transformers/models/clip/modeling_clip.py", line 951, in get_image_features
    vision_outputs: BaseModelOutputWithPooling = self.vision_model(
  File "/home/raoxuan/ENTER/envs/raoxuan/lib/python3.9/site-packages/torch/nn/modules/module.py", line 1773, in _wrapped_call_impl
    return self._call_impl(*args, **kwargs)
  File "/home/raoxuan/ENTER/envs/raoxuan/lib/python3.9/site-packages/torch/nn/modules/module.py", line 1784, in _call_impl
    return forward_call(*args, **kwargs)
  File "/home/raoxuan/ENTER/envs/raoxuan/lib/python3.9/site-packages/transformers/models/clip/modeling_clip.py", line 755, in forward
    encoder_outputs: BaseModelOutput = self.encoder(
  File "/home/raoxuan/ENTER/envs/raoxuan/lib/python3.9/site-packages/torch/nn/modules/module.py", line 1773, in _wrapped_call_impl
    return self._call_impl(*args, **kwargs)
  File "/home/raoxuan/ENTER/envs/raoxuan/lib/python3.9/site-packages/torch/nn/modules/module.py", line 1784, in _call_impl
    return forward_call(*args, **kwargs)
  File "/home/raoxuan/ENTER/envs/raoxuan/lib/python3.9/site-packages/transformers/models/clip/modeling_clip.py", line 556, in forward
    layer_outputs = encoder_layer(
  File "/home/raoxuan/ENTER/envs/raoxuan/lib/python3.9/site-packages/transformers/modeling_layers.py", line 94, in __call__
    return super().__call__(*args, **kwargs)
  File "/home/raoxuan/ENTER/envs/raoxuan/lib/python3.9/site-packages/torch/nn/modules/module.py", line 1773, in _wrapped_call_impl
    return self._call_impl(*args, **kwargs)
  File "/home/raoxuan/ENTER/envs/raoxuan/lib/python3.9/site-packages/torch/nn/modules/module.py", line 1784, in _call_impl
    return forward_call(*args, **kwargs)
  File "/home/raoxuan/ENTER/envs/raoxuan/lib/python3.9/site-packages/transformers/models/clip/modeling_clip.py", line 404, in forward
    hidden_states, attn_weights = self.self_attn(
  File "/home/raoxuan/ENTER/envs/raoxuan/lib/python3.9/site-packages/torch/nn/modules/module.py", line 1773, in _wrapped_call_impl
    return self._call_impl(*args, **kwargs)
  File "/home/raoxuan/ENTER/envs/raoxuan/lib/python3.9/site-packages/torch/nn/modules/module.py", line 1784, in _call_impl
    return forward_call(*args, **kwargs)
  File "/home/raoxuan/ENTER/envs/raoxuan/lib/python3.9/site-packages/transformers/models/clip/modeling_clip.py", line 315, in forward
    values = self.v_proj(hidden_states)
  File "/home/raoxuan/ENTER/envs/raoxuan/lib/python3.9/site-packages/torch/nn/modules/module.py", line 1773, in _wrapped_call_impl
    return self._call_impl(*args, **kwargs)
  File "/home/raoxuan/ENTER/envs/raoxuan/lib/python3.9/site-packages/torch/nn/modules/module.py", line 1784, in _call_impl
    return forward_call(*args, **kwargs)
  File "/home/raoxuan/ENTER/envs/raoxuan/lib/python3.9/site-packages/torch/nn/modules/linear.py", line 125, in forward
    return F.linear(input, self.weight, self.bias)
KeyboardInterrupt
[W 2025-10-01 21:02:30,997] Trial 0 failed with value None.
Traceback (most recent call last):
  File "/home/raoxuan/projects/SubspaceLoRA/clip_hyperparam_search.py", line 159, in <module>
    main()
  File "/home/raoxuan/projects/SubspaceLoRA/clip_hyperparam_search.py", line 127, in main
    study.optimize(
  File "/home/raoxuan/ENTER/envs/raoxuan/lib/python3.9/site-packages/optuna/study/study.py", line 451, in optimize
    _optimize(
  File "/home/raoxuan/ENTER/envs/raoxuan/lib/python3.9/site-packages/optuna/study/_optimize.py", line 62, in _optimize
    _optimize_sequential(
  File "/home/raoxuan/ENTER/envs/raoxuan/lib/python3.9/site-packages/optuna/study/_optimize.py", line 159, in _optimize_sequential
    frozen_trial = _run_trial(study, func, catch)
  File "/home/raoxuan/ENTER/envs/raoxuan/lib/python3.9/site-packages/optuna/study/_optimize.py", line 247, in _run_trial
    raise func_err
  File "/home/raoxuan/ENTER/envs/raoxuan/lib/python3.9/site-packages/optuna/study/_optimize.py", line 196, in _run_trial
    value_or_values = func(trial)
  File "/home/raoxuan/projects/SubspaceLoRA/clip_hyperparam_search.py", line 128, in <lambda>
    lambda t: objective(t, base_args, search_space),
  File "/home/raoxuan/projects/SubspaceLoRA/clip_hyperparam_search.py", line 27, in objective
    raw_results = train(args)  # Expected: {seed: history_dict}
  File "/home/raoxuan/projects/SubspaceLoRA/trainer_clip.py", line 44, in train
    results = train_single_run(args)
  File "/home/raoxuan/projects/SubspaceLoRA/trainer_clip.py", line 62, in train_single_run
    final_results = model.loop()
  File "/home/raoxuan/projects/SubspaceLoRA/models/subspace_lora_clip.py", line 1009, in loop
    self.incremental_train(train_loader, zeroshot_weights, self.reference_loader)
  File "/home/raoxuan/projects/SubspaceLoRA/models/subspace_lora_clip.py", line 485, in incremental_train
    self._run_training_loop(train_loader, zeroshot_weights, reference_loader)
  File "/home/raoxuan/projects/SubspaceLoRA/models/subspace_lora_clip.py", line 581, in _run_training_loop
    metrics = self.train_one_iteration(
  File "/home/raoxuan/projects/SubspaceLoRA/models/subspace_lora_clip.py", line 614, in train_one_iteration
    metrics = self._run_training_step(
  File "/home/raoxuan/projects/SubspaceLoRA/models/subspace_lora_clip.py", line 716, in _run_training_step
    kd_term, kd_metrics = self._compute_reference_regularisation(
  File "/home/raoxuan/projects/SubspaceLoRA/models/subspace_lora_clip.py", line 842, in _compute_reference_regularisation
    teacher_feats = self.prev_network.encode_image(reference_images.to(self.device, non_blocking=True))
  File "/home/raoxuan/projects/SubspaceLoRA/utils/inc_net.py", line 178, in encode_image
    return self.model.get_image_features(img)
  File "/home/raoxuan/ENTER/envs/raoxuan/lib/python3.9/site-packages/transformers/models/clip/modeling_clip.py", line 951, in get_image_features
    vision_outputs: BaseModelOutputWithPooling = self.vision_model(
  File "/home/raoxuan/ENTER/envs/raoxuan/lib/python3.9/site-packages/torch/nn/modules/module.py", line 1773, in _wrapped_call_impl
    return self._call_impl(*args, **kwargs)
  File "/home/raoxuan/ENTER/envs/raoxuan/lib/python3.9/site-packages/torch/nn/modules/module.py", line 1784, in _call_impl
    return forward_call(*args, **kwargs)
  File "/home/raoxuan/ENTER/envs/raoxuan/lib/python3.9/site-packages/transformers/models/clip/modeling_clip.py", line 755, in forward
    encoder_outputs: BaseModelOutput = self.encoder(
  File "/home/raoxuan/ENTER/envs/raoxuan/lib/python3.9/site-packages/torch/nn/modules/module.py", line 1773, in _wrapped_call_impl
    return self._call_impl(*args, **kwargs)
  File "/home/raoxuan/ENTER/envs/raoxuan/lib/python3.9/site-packages/torch/nn/modules/module.py", line 1784, in _call_impl
    return forward_call(*args, **kwargs)
  File "/home/raoxuan/ENTER/envs/raoxuan/lib/python3.9/site-packages/transformers/models/clip/modeling_clip.py", line 556, in forward
    layer_outputs = encoder_layer(
  File "/home/raoxuan/ENTER/envs/raoxuan/lib/python3.9/site-packages/transformers/modeling_layers.py", line 94, in __call__
    return super().__call__(*args, **kwargs)
  File "/home/raoxuan/ENTER/envs/raoxuan/lib/python3.9/site-packages/torch/nn/modules/module.py", line 1773, in _wrapped_call_impl
    return self._call_impl(*args, **kwargs)
  File "/home/raoxuan/ENTER/envs/raoxuan/lib/python3.9/site-packages/torch/nn/modules/module.py", line 1784, in _call_impl
    return forward_call(*args, **kwargs)
  File "/home/raoxuan/ENTER/envs/raoxuan/lib/python3.9/site-packages/transformers/models/clip/modeling_clip.py", line 404, in forward
    hidden_states, attn_weights = self.self_attn(
  File "/home/raoxuan/ENTER/envs/raoxuan/lib/python3.9/site-packages/torch/nn/modules/module.py", line 1773, in _wrapped_call_impl
    return self._call_impl(*args, **kwargs)
  File "/home/raoxuan/ENTER/envs/raoxuan/lib/python3.9/site-packages/torch/nn/modules/module.py", line 1784, in _call_impl
    return forward_call(*args, **kwargs)
  File "/home/raoxuan/ENTER/envs/raoxuan/lib/python3.9/site-packages/transformers/models/clip/modeling_clip.py", line 315, in forward
    values = self.v_proj(hidden_states)
  File "/home/raoxuan/ENTER/envs/raoxuan/lib/python3.9/site-packages/torch/nn/modules/module.py", line 1773, in _wrapped_call_impl
    return self._call_impl(*args, **kwargs)
  File "/home/raoxuan/ENTER/envs/raoxuan/lib/python3.9/site-packages/torch/nn/modules/module.py", line 1784, in _call_impl
    return forward_call(*args, **kwargs)
  File "/home/raoxuan/ENTER/envs/raoxuan/lib/python3.9/site-packages/torch/nn/modules/linear.py", line 125, in forward
    return F.linear(input, self.weight, self.bias)
KeyboardInterrupt
2025-10-01 21:02:31,016 - INFO - Using storage: sqlite:///clip-zeroshot-optimization.db
/home/raoxuan/ENTER/envs/raoxuan/lib/python3.9/site-packages/optuna/samplers/_tpe/sampler.py:319: ExperimentalWarning: ``multivariate`` option is an experimental feature. The interface can change in the future.
  warnings.warn(
[I 2025-10-01 21:02:31,295] Using an existing study with name 'clip-zeroshot-optimization' instead of creating a new one.
2025-10-01 21:02:31,312 - INFO - Loaded 4 existing trials.
2025-10-01 21:02:31,353 - INFO - smart_defaults: False
2025-10-01 21:02:31,353 - INFO - dataset: CLIP-CL
2025-10-01 21:02:31,353 - INFO - prefix: optuna_trial_4
2025-10-01 21:02:31,353 - INFO - test: False
2025-10-01 21:02:31,353 - INFO - user: raoxuan
2025-10-01 21:02:31,353 - INFO - data_location: /home/raoxuan/projects/SubspaceLoRA/data/mtil
2025-10-01 21:02:31,353 - INFO - reference_dataset_path: /data1/open_datasets/ImageNet-2012/train/
2025-10-01 21:02:31,353 - INFO - reference_batch_size: 32
2025-10-01 21:02:31,353 - INFO - memory_size: 0
2025-10-01 21:02:31,353 - INFO - memory_per_class: 0
2025-10-01 21:02:31,353 - INFO - fixed_memory: False
2025-10-01 21:02:31,353 - INFO - shuffle: True
2025-10-01 21:02:31,353 - INFO - init_cls: 20
2025-10-01 21:02:31,353 - INFO - increment: 20
2025-10-01 21:02:31,353 - INFO - model_name: sldc
2025-10-01 21:02:31,353 - INFO - weight_decay: 0.0
2025-10-01 21:02:31,353 - INFO - device: [device(type='cuda', index=0)]
2025-10-01 21:02:31,353 - INFO - vit_type: clip-vit-b-16
2025-10-01 21:02:31,353 - INFO - lora_rank: 8
2025-10-01 21:02:31,353 - INFO - lora_type: sgp_lora
2025-10-01 21:02:31,353 - INFO - weight_temp: 4.0
2025-10-01 21:02:31,353 - INFO - sgp_soft_projection: True
2025-10-01 21:02:31,353 - INFO - nsp_eps: 0.05
2025-10-01 21:02:31,354 - INFO - nsp_weight: 0.0
2025-10-01 21:02:31,354 - INFO - trace_k: 0.2
2025-10-01 21:02:31,354 - INFO - weight_kind: log1p
2025-10-01 21:02:31,354 - INFO - weight_p: 1.0
2025-10-01 21:02:31,354 - INFO - kl_gamma: 0.01
2025-10-01 21:02:31,354 - INFO - osgp_scale: 1.0
2025-10-01 21:02:31,354 - INFO - sce_a: 0.5
2025-10-01 21:02:31,354 - INFO - sce_b: 0.5
2025-10-01 21:02:31,354 - INFO - seed_list: [1990]
2025-10-01 21:02:31,354 - INFO - iterations: 600
2025-10-01 21:02:31,354 - INFO - warmup_steps: 0
2025-10-01 21:02:31,354 - INFO - ca_epochs: 5
2025-10-01 21:02:31,354 - INFO - optimizer: adamw
2025-10-01 21:02:31,354 - INFO - lrate: 0.0001
2025-10-01 21:02:31,354 - INFO - head_scale: 1.0
2025-10-01 21:02:31,354 - INFO - batch_size: 32
2025-10-01 21:02:31,354 - INFO - evaluate_final_only: True
2025-10-01 21:02:31,354 - INFO - gamma_norm: 0.1
2025-10-01 21:02:31,354 - INFO - gamma_kd: 1.0
2025-10-01 21:02:31,354 - INFO - kd_type: feat
2025-10-01 21:02:31,354 - INFO - alpha_t: 1.0
2025-10-01 21:02:31,354 - INFO - gamma_1: 0.0001
2025-10-01 21:02:31,354 - INFO - compensate: True
2025-10-01 21:02:31,354 - INFO - amp: True
2025-10-01 21:02:31,354 - INFO - amp_dtype: fp16
2025-10-01 21:02:31,354 - INFO - clip_dataset_sequence: ['fgvc_aircraft', 'caltech-101', 'dtd', 'eurosat', 'oxford_flower102', 'food101', 'oxford_pets', 'stanford_cars']
2025-10-01 21:02:31,354 - INFO - clip_dataset_shuffle: False
2025-10-01 21:02:31,354 - INFO - clip_dataset_seed: 0
2025-10-01 21:02:31,354 - INFO - clip_num_workers: 4
2025-10-01 21:02:31,354 - INFO - clip_pin_memory: False
2025-10-01 21:02:31,354 - INFO - clip_use_reference_data: True
2025-10-01 21:02:31,354 - INFO - auxiliary_data_path: /data1/open_datasets/flickr8k
2025-10-01 21:02:31,354 - INFO - aux_dataset_type: flickr8k
2025-10-01 21:02:31,354 - INFO - auxiliary_data_size: 256
2025-10-01 21:02:31,354 - INFO - l2_protection: False
2025-10-01 21:02:31,354 - INFO - l2_protection_lambda: 1.0
2025-10-01 21:02:31,354 - INFO - seed: 1990
2025-10-01 21:02:31,354 - INFO - run_id: 0
2025-10-01 21:02:31,354 - INFO - log_path: sldc_logs_raoxuan/CLIP-CL_clip-vit-b-16/init-20_inc-20_rank-8_lt-sgp_lora_T-4_comp-1_wk-log1p_wp-1_kd-feat_gkd-1_gn-0p1_optim-adamw_lr-0p0001_bz-32_iter-600_seed-1990
Error in atexit._run_exitfuncs:
Traceback (most recent call last):
  File "/home/raoxuan/ENTER/envs/raoxuan/lib/python3.9/site-packages/torch/_inductor/compile_worker/subproc_pool.py", line 243, in shutdown
    self.process.wait(300)
  File "/home/raoxuan/ENTER/envs/raoxuan/lib/python3.9/subprocess.py", line 1189, in wait
    return self._wait(timeout=timeout)
  File "/home/raoxuan/ENTER/envs/raoxuan/lib/python3.9/subprocess.py", line 1927, in _wait
    time.sleep(delay)
KeyboardInterrupt
Using a slow image processor as `use_fast` is unset and a slow processor was saved with this model. `use_fast=True` will be the default behavior in v4.52, even if the model was saved with a slow processor. This will result in minor differences in outputs. You'll still be able to use a slow processor with `use_fast=False`.
[Reference Data] enabled | type=flickr8k | path=/data1/open_datasets/flickr8k | num_workers=4 | pin_memory=False | captions=multi-avg(if supported)
Fetching 1 files:   0%|          | 0/1 [00:00<?, ?it/s]Fetching 1 files: 100%|██████████| 1/1 [00:00<00:00, 16131.94it/s]
[W 2025-10-01 21:02:34,100] Trial 3 failed with parameters: {'lrate': 0.0005, 'weight_temp': 1.0, 'iterations': 1200, 'gamma_kd': 2.0, 'sgp_soft_projection': False} because of the following error: KeyboardInterrupt().
Traceback (most recent call last):
  File "/home/raoxuan/ENTER/envs/raoxuan/lib/python3.9/site-packages/optuna/study/_optimize.py", line 196, in _run_trial
    value_or_values = func(trial)
  File "/home/raoxuan/projects/SubspaceLoRA/clip_hyperparam_search.py", line 128, in <lambda>
    lambda t: objective(t, base_args, search_space),
  File "/home/raoxuan/projects/SubspaceLoRA/clip_hyperparam_search.py", line 27, in objective
    raw_results = train(args)  # Expected: {seed: history_dict}
  File "/home/raoxuan/projects/SubspaceLoRA/trainer_clip.py", line 44, in train
    results = train_single_run(args)
  File "/home/raoxuan/projects/SubspaceLoRA/trainer_clip.py", line 62, in train_single_run
    final_results = model.loop()
  File "/home/raoxuan/projects/SubspaceLoRA/models/subspace_lora_clip.py", line 973, in loop
    self.update_projection_matrices(initial_weight=2.0)
  File "/home/raoxuan/projects/SubspaceLoRA/models/subspace_lora_clip.py", line 937, in update_projection_matrices
    new_covs = compute_covariances(self.network.model.vision_model, self.train_loader_test_mode)
  File "/home/raoxuan/projects/SubspaceLoRA/models/subspace_lora_clip.py", line 107, in compute_covariances
    model(images)
  File "/home/raoxuan/ENTER/envs/raoxuan/lib/python3.9/site-packages/torch/nn/modules/module.py", line 1773, in _wrapped_call_impl
    return self._call_impl(*args, **kwargs)
  File "/home/raoxuan/ENTER/envs/raoxuan/lib/python3.9/site-packages/torch/nn/modules/module.py", line 1784, in _call_impl
    return forward_call(*args, **kwargs)
  File "/home/raoxuan/projects/SubspaceLoRA/models/sgp_lora.py", line 413, in forward
    return self.clip_vision_model(pixel_values, kwargs)
  File "/home/raoxuan/ENTER/envs/raoxuan/lib/python3.9/site-packages/torch/nn/modules/module.py", line 1773, in _wrapped_call_impl
    return self._call_impl(*args, **kwargs)
  File "/home/raoxuan/ENTER/envs/raoxuan/lib/python3.9/site-packages/torch/nn/modules/module.py", line 1784, in _call_impl
    return forward_call(*args, **kwargs)
  File "/home/raoxuan/ENTER/envs/raoxuan/lib/python3.9/site-packages/transformers/models/clip/modeling_clip.py", line 755, in forward
    encoder_outputs: BaseModelOutput = self.encoder(
  File "/home/raoxuan/ENTER/envs/raoxuan/lib/python3.9/site-packages/torch/nn/modules/module.py", line 1773, in _wrapped_call_impl
    return self._call_impl(*args, **kwargs)
  File "/home/raoxuan/ENTER/envs/raoxuan/lib/python3.9/site-packages/torch/nn/modules/module.py", line 1784, in _call_impl
    return forward_call(*args, **kwargs)
  File "/home/raoxuan/ENTER/envs/raoxuan/lib/python3.9/site-packages/transformers/models/clip/modeling_clip.py", line 556, in forward
    layer_outputs = encoder_layer(
  File "/home/raoxuan/ENTER/envs/raoxuan/lib/python3.9/site-packages/transformers/modeling_layers.py", line 94, in __call__
    return super().__call__(*args, **kwargs)
  File "/home/raoxuan/ENTER/envs/raoxuan/lib/python3.9/site-packages/torch/nn/modules/module.py", line 1773, in _wrapped_call_impl
    return self._call_impl(*args, **kwargs)
  File "/home/raoxuan/ENTER/envs/raoxuan/lib/python3.9/site-packages/torch/nn/modules/module.py", line 1784, in _call_impl
    return forward_call(*args, **kwargs)
  File "/home/raoxuan/ENTER/envs/raoxuan/lib/python3.9/site-packages/transformers/models/clip/modeling_clip.py", line 404, in forward
    hidden_states, attn_weights = self.self_attn(
  File "/home/raoxuan/ENTER/envs/raoxuan/lib/python3.9/site-packages/torch/nn/modules/module.py", line 1773, in _wrapped_call_impl
    return self._call_impl(*args, **kwargs)
  File "/home/raoxuan/ENTER/envs/raoxuan/lib/python3.9/site-packages/torch/nn/modules/module.py", line 1784, in _call_impl
    return forward_call(*args, **kwargs)
  File "/home/raoxuan/ENTER/envs/raoxuan/lib/python3.9/site-packages/transformers/models/clip/modeling_clip.py", line 353, in forward
    attn_output = self.out_proj(attn_output)
  File "/home/raoxuan/ENTER/envs/raoxuan/lib/python3.9/site-packages/torch/nn/modules/module.py", line 1773, in _wrapped_call_impl
    return self._call_impl(*args, **kwargs)
  File "/home/raoxuan/ENTER/envs/raoxuan/lib/python3.9/site-packages/torch/nn/modules/module.py", line 1879, in _call_impl
    return inner()
  File "/home/raoxuan/ENTER/envs/raoxuan/lib/python3.9/site-packages/torch/nn/modules/module.py", line 1827, in inner
    result = forward_call(*args, **kwargs)
  File "/home/raoxuan/projects/SubspaceLoRA/models/sgp_lora.py", line 101, in forward
    return F.linear(x, adapted_weight, self.bias)
KeyboardInterrupt
[W 2025-10-01 21:02:34,101] Trial 3 failed with value None.
Traceback (most recent call last):
  File "/home/raoxuan/projects/SubspaceLoRA/clip_hyperparam_search.py", line 159, in <module>
    main()
  File "/home/raoxuan/projects/SubspaceLoRA/clip_hyperparam_search.py", line 127, in main
    study.optimize(
  File "/home/raoxuan/ENTER/envs/raoxuan/lib/python3.9/site-packages/optuna/study/study.py", line 451, in optimize
    _optimize(
  File "/home/raoxuan/ENTER/envs/raoxuan/lib/python3.9/site-packages/optuna/study/_optimize.py", line 62, in _optimize
    _optimize_sequential(
  File "/home/raoxuan/ENTER/envs/raoxuan/lib/python3.9/site-packages/optuna/study/_optimize.py", line 159, in _optimize_sequential
    frozen_trial = _run_trial(study, func, catch)
  File "/home/raoxuan/ENTER/envs/raoxuan/lib/python3.9/site-packages/optuna/study/_optimize.py", line 247, in _run_trial
    raise func_err
  File "/home/raoxuan/ENTER/envs/raoxuan/lib/python3.9/site-packages/optuna/study/_optimize.py", line 196, in _run_trial
    value_or_values = func(trial)
  File "/home/raoxuan/projects/SubspaceLoRA/clip_hyperparam_search.py", line 128, in <lambda>
    lambda t: objective(t, base_args, search_space),
  File "/home/raoxuan/projects/SubspaceLoRA/clip_hyperparam_search.py", line 27, in objective
    raw_results = train(args)  # Expected: {seed: history_dict}
  File "/home/raoxuan/projects/SubspaceLoRA/trainer_clip.py", line 44, in train
    results = train_single_run(args)
  File "/home/raoxuan/projects/SubspaceLoRA/trainer_clip.py", line 62, in train_single_run
    final_results = model.loop()
  File "/home/raoxuan/projects/SubspaceLoRA/models/subspace_lora_clip.py", line 973, in loop
    self.update_projection_matrices(initial_weight=2.0)
  File "/home/raoxuan/projects/SubspaceLoRA/models/subspace_lora_clip.py", line 937, in update_projection_matrices
    new_covs = compute_covariances(self.network.model.vision_model, self.train_loader_test_mode)
  File "/home/raoxuan/projects/SubspaceLoRA/models/subspace_lora_clip.py", line 107, in compute_covariances
    model(images)
  File "/home/raoxuan/ENTER/envs/raoxuan/lib/python3.9/site-packages/torch/nn/modules/module.py", line 1773, in _wrapped_call_impl
    return self._call_impl(*args, **kwargs)
  File "/home/raoxuan/ENTER/envs/raoxuan/lib/python3.9/site-packages/torch/nn/modules/module.py", line 1784, in _call_impl
    return forward_call(*args, **kwargs)
  File "/home/raoxuan/projects/SubspaceLoRA/models/sgp_lora.py", line 413, in forward
    return self.clip_vision_model(pixel_values, kwargs)
  File "/home/raoxuan/ENTER/envs/raoxuan/lib/python3.9/site-packages/torch/nn/modules/module.py", line 1773, in _wrapped_call_impl
    return self._call_impl(*args, **kwargs)
  File "/home/raoxuan/ENTER/envs/raoxuan/lib/python3.9/site-packages/torch/nn/modules/module.py", line 1784, in _call_impl
    return forward_call(*args, **kwargs)
  File "/home/raoxuan/ENTER/envs/raoxuan/lib/python3.9/site-packages/transformers/models/clip/modeling_clip.py", line 755, in forward
    encoder_outputs: BaseModelOutput = self.encoder(
  File "/home/raoxuan/ENTER/envs/raoxuan/lib/python3.9/site-packages/torch/nn/modules/module.py", line 1773, in _wrapped_call_impl
    return self._call_impl(*args, **kwargs)
  File "/home/raoxuan/ENTER/envs/raoxuan/lib/python3.9/site-packages/torch/nn/modules/module.py", line 1784, in _call_impl
    return forward_call(*args, **kwargs)
  File "/home/raoxuan/ENTER/envs/raoxuan/lib/python3.9/site-packages/transformers/models/clip/modeling_clip.py", line 556, in forward
    layer_outputs = encoder_layer(
  File "/home/raoxuan/ENTER/envs/raoxuan/lib/python3.9/site-packages/transformers/modeling_layers.py", line 94, in __call__
    return super().__call__(*args, **kwargs)
  File "/home/raoxuan/ENTER/envs/raoxuan/lib/python3.9/site-packages/torch/nn/modules/module.py", line 1773, in _wrapped_call_impl
    return self._call_impl(*args, **kwargs)
  File "/home/raoxuan/ENTER/envs/raoxuan/lib/python3.9/site-packages/torch/nn/modules/module.py", line 1784, in _call_impl
    return forward_call(*args, **kwargs)
  File "/home/raoxuan/ENTER/envs/raoxuan/lib/python3.9/site-packages/transformers/models/clip/modeling_clip.py", line 404, in forward
    hidden_states, attn_weights = self.self_attn(
  File "/home/raoxuan/ENTER/envs/raoxuan/lib/python3.9/site-packages/torch/nn/modules/module.py", line 1773, in _wrapped_call_impl
    return self._call_impl(*args, **kwargs)
  File "/home/raoxuan/ENTER/envs/raoxuan/lib/python3.9/site-packages/torch/nn/modules/module.py", line 1784, in _call_impl
    return forward_call(*args, **kwargs)
  File "/home/raoxuan/ENTER/envs/raoxuan/lib/python3.9/site-packages/transformers/models/clip/modeling_clip.py", line 353, in forward
    attn_output = self.out_proj(attn_output)
  File "/home/raoxuan/ENTER/envs/raoxuan/lib/python3.9/site-packages/torch/nn/modules/module.py", line 1773, in _wrapped_call_impl
    return self._call_impl(*args, **kwargs)
  File "/home/raoxuan/ENTER/envs/raoxuan/lib/python3.9/site-packages/torch/nn/modules/module.py", line 1879, in _call_impl
    return inner()
  File "/home/raoxuan/ENTER/envs/raoxuan/lib/python3.9/site-packages/torch/nn/modules/module.py", line 1827, in inner
    result = forward_call(*args, **kwargs)
  File "/home/raoxuan/projects/SubspaceLoRA/models/sgp_lora.py", line 101, in forward
    return F.linear(x, adapted_weight, self.bias)
KeyboardInterrupt
Error in atexit._run_exitfuncs:
Traceback (most recent call last):
  File "/home/raoxuan/ENTER/envs/raoxuan/lib/python3.9/site-packages/torch/_inductor/compile_worker/subproc_pool.py", line 243, in shutdown
    self.process.wait(300)
  File "/home/raoxuan/ENTER/envs/raoxuan/lib/python3.9/subprocess.py", line 1189, in wait
    return self._wait(timeout=timeout)
  File "/home/raoxuan/ENTER/envs/raoxuan/lib/python3.9/subprocess.py", line 1927, in _wait
    time.sleep(delay)
KeyboardInterrupt
Error in atexit._run_exitfuncs:
Traceback (most recent call last):
  File "/home/raoxuan/ENTER/envs/raoxuan/lib/python3.9/shutil.py", line 734, in rmtree
    _rmtree_safe_fd(fd, path, onerror)
  File "/home/raoxuan/ENTER/envs/raoxuan/lib/python3.9/shutil.py", line 667, in _rmtree_safe_fd
    _rmtree_safe_fd(dirfd, fullname, onerror)
  File "/home/raoxuan/ENTER/envs/raoxuan/lib/python3.9/shutil.py", line 688, in _rmtree_safe_fd
    os.unlink(entry.name, dir_fd=topfd)
KeyboardInterrupt
[W 2025-10-01 21:02:35,910] Trial 4 failed with parameters: {'lrate': 0.0001, 'weight_temp': 4.0, 'iterations': 600, 'gamma_kd': 1.0, 'sgp_soft_projection': True} because of the following error: KeyboardInterrupt().
Traceback (most recent call last):
  File "/home/raoxuan/ENTER/envs/raoxuan/lib/python3.9/site-packages/optuna/study/_optimize.py", line 196, in _run_trial
    value_or_values = func(trial)
  File "/home/raoxuan/projects/SubspaceLoRA/clip_hyperparam_search.py", line 128, in <lambda>
    lambda t: objective(t, base_args, search_space),
  File "/home/raoxuan/projects/SubspaceLoRA/clip_hyperparam_search.py", line 27, in objective
    raw_results = train(args)  # Expected: {seed: history_dict}
  File "/home/raoxuan/projects/SubspaceLoRA/trainer_clip.py", line 44, in train
    results = train_single_run(args)
  File "/home/raoxuan/projects/SubspaceLoRA/trainer_clip.py", line 59, in train_single_run
    model = SubspaceLoRA_CLIP(args)
  File "/home/raoxuan/projects/SubspaceLoRA/models/subspace_lora_clip.py", line 129, in __init__
    self.network = CLIP_BaseNet(args, train_mode="lora").to(self.device)
  File "/home/raoxuan/ENTER/envs/raoxuan/lib/python3.9/site-packages/torch/nn/modules/module.py", line 1369, in to
    return self._apply(convert)
  File "/home/raoxuan/ENTER/envs/raoxuan/lib/python3.9/site-packages/torch/nn/modules/module.py", line 928, in _apply
    module._apply(fn)
  File "/home/raoxuan/ENTER/envs/raoxuan/lib/python3.9/site-packages/torch/nn/modules/module.py", line 928, in _apply
    module._apply(fn)
  File "/home/raoxuan/ENTER/envs/raoxuan/lib/python3.9/site-packages/torch/nn/modules/module.py", line 928, in _apply
    module._apply(fn)
  [Previous line repeated 1 more time]
  File "/home/raoxuan/ENTER/envs/raoxuan/lib/python3.9/site-packages/torch/nn/modules/module.py", line 955, in _apply
    param_applied = fn(param)
  File "/home/raoxuan/ENTER/envs/raoxuan/lib/python3.9/site-packages/torch/nn/modules/module.py", line 1355, in convert
    return t.to(
KeyboardInterrupt
[W 2025-10-01 21:02:35,912] Trial 4 failed with value None.
Traceback (most recent call last):
  File "/home/raoxuan/projects/SubspaceLoRA/clip_hyperparam_search.py", line 159, in <module>
    main()
  File "/home/raoxuan/projects/SubspaceLoRA/clip_hyperparam_search.py", line 127, in main
    study.optimize(
  File "/home/raoxuan/ENTER/envs/raoxuan/lib/python3.9/site-packages/optuna/study/study.py", line 451, in optimize
    _optimize(
  File "/home/raoxuan/ENTER/envs/raoxuan/lib/python3.9/site-packages/optuna/study/_optimize.py", line 62, in _optimize
    _optimize_sequential(
  File "/home/raoxuan/ENTER/envs/raoxuan/lib/python3.9/site-packages/optuna/study/_optimize.py", line 159, in _optimize_sequential
    frozen_trial = _run_trial(study, func, catch)
  File "/home/raoxuan/ENTER/envs/raoxuan/lib/python3.9/site-packages/optuna/study/_optimize.py", line 247, in _run_trial
    raise func_err
  File "/home/raoxuan/ENTER/envs/raoxuan/lib/python3.9/site-packages/optuna/study/_optimize.py", line 196, in _run_trial
    value_or_values = func(trial)
  File "/home/raoxuan/projects/SubspaceLoRA/clip_hyperparam_search.py", line 128, in <lambda>
    lambda t: objective(t, base_args, search_space),
  File "/home/raoxuan/projects/SubspaceLoRA/clip_hyperparam_search.py", line 27, in objective
    raw_results = train(args)  # Expected: {seed: history_dict}
  File "/home/raoxuan/projects/SubspaceLoRA/trainer_clip.py", line 44, in train
    results = train_single_run(args)
  File "/home/raoxuan/projects/SubspaceLoRA/trainer_clip.py", line 59, in train_single_run
    model = SubspaceLoRA_CLIP(args)
  File "/home/raoxuan/projects/SubspaceLoRA/models/subspace_lora_clip.py", line 129, in __init__
    self.network = CLIP_BaseNet(args, train_mode="lora").to(self.device)
  File "/home/raoxuan/ENTER/envs/raoxuan/lib/python3.9/site-packages/torch/nn/modules/module.py", line 1369, in to
    return self._apply(convert)
  File "/home/raoxuan/ENTER/envs/raoxuan/lib/python3.9/site-packages/torch/nn/modules/module.py", line 928, in _apply
    module._apply(fn)
  File "/home/raoxuan/ENTER/envs/raoxuan/lib/python3.9/site-packages/torch/nn/modules/module.py", line 928, in _apply
    module._apply(fn)
  File "/home/raoxuan/ENTER/envs/raoxuan/lib/python3.9/site-packages/torch/nn/modules/module.py", line 928, in _apply
    module._apply(fn)
  [Previous line repeated 1 more time]
  File "/home/raoxuan/ENTER/envs/raoxuan/lib/python3.9/site-packages/torch/nn/modules/module.py", line 955, in _apply
    param_applied = fn(param)
  File "/home/raoxuan/ENTER/envs/raoxuan/lib/python3.9/site-packages/torch/nn/modules/module.py", line 1355, in convert
    return t.to(
KeyboardInterrupt
2025-10-01 21:03:27,774 - INFO - Using storage: sqlite:///clip-zeroshot-optimization.db
/home/raoxuan/ENTER/envs/raoxuan/lib/python3.9/site-packages/optuna/samplers/_tpe/sampler.py:319: ExperimentalWarning: ``multivariate`` option is an experimental feature. The interface can change in the future.
  warnings.warn(
[I 2025-10-01 21:03:28,034] Using an existing study with name 'clip-zeroshot-optimization' instead of creating a new one.
2025-10-01 21:03:28,051 - INFO - Loaded 5 existing trials.
2025-10-01 21:03:28,093 - INFO - smart_defaults: False
2025-10-01 21:03:28,093 - INFO - dataset: CLIP-CL
2025-10-01 21:03:28,093 - INFO - prefix: optuna_trial_5
2025-10-01 21:03:28,093 - INFO - test: False
2025-10-01 21:03:28,093 - INFO - user: raoxuan
2025-10-01 21:03:28,093 - INFO - data_location: /home/raoxuan/projects/SubspaceLoRA/data/mtil
2025-10-01 21:03:28,093 - INFO - reference_dataset_path: /data1/open_datasets/ImageNet-2012/train/
2025-10-01 21:03:28,093 - INFO - reference_batch_size: 32
2025-10-01 21:03:28,093 - INFO - memory_size: 0
2025-10-01 21:03:28,094 - INFO - memory_per_class: 0
2025-10-01 21:03:28,094 - INFO - fixed_memory: False
2025-10-01 21:03:28,094 - INFO - shuffle: True
2025-10-01 21:03:28,094 - INFO - init_cls: 20
2025-10-01 21:03:28,094 - INFO - increment: 20
2025-10-01 21:03:28,094 - INFO - model_name: sldc
2025-10-01 21:03:28,094 - INFO - weight_decay: 0.0
2025-10-01 21:03:28,094 - INFO - device: [device(type='cuda', index=0)]
2025-10-01 21:03:28,094 - INFO - vit_type: clip-vit-b-16
2025-10-01 21:03:28,094 - INFO - lora_rank: 8
2025-10-01 21:03:28,094 - INFO - lora_type: sgp_lora
2025-10-01 21:03:28,094 - INFO - weight_temp: 4.0
2025-10-01 21:03:28,094 - INFO - sgp_soft_projection: True
2025-10-01 21:03:28,094 - INFO - nsp_eps: 0.05
2025-10-01 21:03:28,094 - INFO - nsp_weight: 0.0
2025-10-01 21:03:28,094 - INFO - trace_k: 0.2
2025-10-01 21:03:28,094 - INFO - weight_kind: log1p
2025-10-01 21:03:28,094 - INFO - weight_p: 1.0
2025-10-01 21:03:28,094 - INFO - kl_gamma: 0.01
2025-10-01 21:03:28,094 - INFO - osgp_scale: 1.0
2025-10-01 21:03:28,094 - INFO - sce_a: 0.5
2025-10-01 21:03:28,094 - INFO - sce_b: 0.5
2025-10-01 21:03:28,094 - INFO - seed_list: [1990]
2025-10-01 21:03:28,094 - INFO - iterations: 1200
2025-10-01 21:03:28,094 - INFO - warmup_steps: 0
2025-10-01 21:03:28,094 - INFO - ca_epochs: 5
2025-10-01 21:03:28,094 - INFO - optimizer: adamw
2025-10-01 21:03:28,094 - INFO - lrate: 0.0001
2025-10-01 21:03:28,094 - INFO - head_scale: 1.0
2025-10-01 21:03:28,094 - INFO - batch_size: 32
2025-10-01 21:03:28,094 - INFO - evaluate_final_only: True
2025-10-01 21:03:28,094 - INFO - gamma_norm: 0.1
2025-10-01 21:03:28,094 - INFO - gamma_kd: 2.0
2025-10-01 21:03:28,094 - INFO - kd_type: feat
2025-10-01 21:03:28,094 - INFO - alpha_t: 1.0
2025-10-01 21:03:28,094 - INFO - gamma_1: 0.0001
2025-10-01 21:03:28,094 - INFO - compensate: True
2025-10-01 21:03:28,095 - INFO - amp: True
2025-10-01 21:03:28,095 - INFO - amp_dtype: fp16
2025-10-01 21:03:28,095 - INFO - clip_dataset_sequence: ['fgvc_aircraft', 'caltech-101', 'dtd', 'eurosat', 'oxford_flower102', 'food101', 'oxford_pets', 'stanford_cars']
2025-10-01 21:03:28,095 - INFO - clip_dataset_shuffle: False
2025-10-01 21:03:28,095 - INFO - clip_dataset_seed: 0
2025-10-01 21:03:28,095 - INFO - clip_num_workers: 4
2025-10-01 21:03:28,095 - INFO - clip_pin_memory: False
2025-10-01 21:03:28,095 - INFO - clip_use_reference_data: True
2025-10-01 21:03:28,095 - INFO - auxiliary_data_path: /data1/open_datasets/flickr8k
2025-10-01 21:03:28,095 - INFO - aux_dataset_type: flickr8k
2025-10-01 21:03:28,095 - INFO - auxiliary_data_size: 256
2025-10-01 21:03:28,095 - INFO - l2_protection: False
2025-10-01 21:03:28,095 - INFO - l2_protection_lambda: 1.0
2025-10-01 21:03:28,095 - INFO - seed: 1990
2025-10-01 21:03:28,095 - INFO - run_id: 0
2025-10-01 21:03:28,095 - INFO - log_path: sldc_logs_raoxuan/CLIP-CL_clip-vit-b-16/init-20_inc-20_rank-8_lt-sgp_lora_T-4_comp-1_wk-log1p_wp-1_kd-feat_gkd-2_gn-0p1_optim-adamw_lr-0p0001_bz-32_iter-1200_seed-1990
Using a slow image processor as `use_fast` is unset and a slow processor was saved with this model. `use_fast=True` will be the default behavior in v4.52, even if the model was saved with a slow processor. This will result in minor differences in outputs. You'll still be able to use a slow processor with `use_fast=False`.
[Reference Data] enabled | type=flickr8k | path=/data1/open_datasets/flickr8k | num_workers=4 | pin_memory=False | captions=multi-avg(if supported)
Fetching 1 files:   0%|          | 0/1 [00:00<?, ?it/s]Fetching 1 files: 100%|██████████| 1/1 [00:00<00:00, 16980.99it/s]
Fetching 1 files:   0%|          | 0/1 [00:00<?, ?it/s]Fetching 1 files: 100%|██████████| 1/1 [00:00<00:00, 6553.60it/s]
/home/raoxuan/projects/SubspaceLoRA/models/subspace_lora_clip.py:144: FutureWarning: `torch.cuda.amp.GradScaler(args...)` is deprecated. Please use `torch.amp.GradScaler('cuda', args...)` instead.
  self.grad_scaler = GradScaler() if self.use_amp and self.amp_dtype == torch.float16 else None
2025-10-01 21:03:38,305 - INFO - AMP enabled (dtype=fp16)
2025-10-01 21:03:39,852 - INFO - Compiled SubspaceLoRAClipLearner network via torch.compile
2025-10-01 21:03:39,872 - INFO - [ClipIDM] dataset=fgvc_aircraft | train=3334 | test=3333 | classes=100
2025-10-01 21:03:39,896 - INFO - [ClipIDM] dataset=caltech-101 | train=3060 | test=6084 | classes=102
2025-10-01 21:03:39,906 - INFO - [ClipIDM] dataset=dtd | train=1880 | test=1880 | classes=47
2025-10-01 21:03:39,930 - INFO - [ClipIDM] dataset=eurosat | train=5000 | test=5000 | classes=10
2025-10-01 21:03:39,948 - INFO - [ClipIDM] dataset=oxford_flower102 | train=1020 | test=6149 | classes=102
2025-10-01 21:03:40,184 - INFO - [ClipIDM] dataset=food101 | train=75750 | test=25250 | classes=101
2025-10-01 21:03:40,201 - INFO - [ClipIDM] dataset=oxford_pets | train=3680 | test=3669 | classes=37
2025-10-01 21:03:40,242 - INFO - [ClipIDM] dataset=stanford_cars | train=8144 | test=8041 | classes=196
2025-10-01 21:03:40,243 - INFO - All params: 151030785
2025-10-01 21:03:40,244 - INFO - Trainable params: 1410048
2025-10-01 21:03:40,502 - INFO - Precomputing reference text embeddings ...
2025-10-01 21:03:43,209 - INFO - Using storage: sqlite:///clip-zeroshot-optimization.db
/home/raoxuan/ENTER/envs/raoxuan/lib/python3.9/site-packages/optuna/samplers/_tpe/sampler.py:319: ExperimentalWarning: ``multivariate`` option is an experimental feature. The interface can change in the future.
  warnings.warn(
[I 2025-10-01 21:03:43,446] Using an existing study with name 'clip-zeroshot-optimization' instead of creating a new one.
2025-10-01 21:03:43,461 - INFO - Loaded 6 existing trials.
2025-10-01 21:03:43,499 - INFO - smart_defaults: False
2025-10-01 21:03:43,499 - INFO - dataset: CLIP-CL
2025-10-01 21:03:43,499 - INFO - prefix: optuna_trial_6
2025-10-01 21:03:43,499 - INFO - test: False
2025-10-01 21:03:43,499 - INFO - user: raoxuan
2025-10-01 21:03:43,499 - INFO - data_location: /home/raoxuan/projects/SubspaceLoRA/data/mtil
2025-10-01 21:03:43,499 - INFO - reference_dataset_path: /data1/open_datasets/ImageNet-2012/train/
2025-10-01 21:03:43,499 - INFO - reference_batch_size: 32
2025-10-01 21:03:43,500 - INFO - memory_size: 0
2025-10-01 21:03:43,500 - INFO - memory_per_class: 0
2025-10-01 21:03:43,500 - INFO - fixed_memory: False
2025-10-01 21:03:43,500 - INFO - shuffle: True
2025-10-01 21:03:43,500 - INFO - init_cls: 20
2025-10-01 21:03:43,500 - INFO - increment: 20
2025-10-01 21:03:43,500 - INFO - model_name: sldc
2025-10-01 21:03:43,500 - INFO - weight_decay: 0.0
2025-10-01 21:03:43,500 - INFO - device: [device(type='cuda', index=0)]
2025-10-01 21:03:43,500 - INFO - vit_type: clip-vit-b-16
2025-10-01 21:03:43,500 - INFO - lora_rank: 8
2025-10-01 21:03:43,500 - INFO - lora_type: sgp_lora
2025-10-01 21:03:43,500 - INFO - weight_temp: 4.0
2025-10-01 21:03:43,500 - INFO - sgp_soft_projection: True
2025-10-01 21:03:43,500 - INFO - nsp_eps: 0.05
2025-10-01 21:03:43,500 - INFO - nsp_weight: 0.0
2025-10-01 21:03:43,500 - INFO - trace_k: 0.2
2025-10-01 21:03:43,500 - INFO - weight_kind: log1p
2025-10-01 21:03:43,500 - INFO - weight_p: 1.0
2025-10-01 21:03:43,500 - INFO - kl_gamma: 0.01
2025-10-01 21:03:43,500 - INFO - osgp_scale: 1.0
2025-10-01 21:03:43,500 - INFO - sce_a: 0.5
2025-10-01 21:03:43,500 - INFO - sce_b: 0.5
2025-10-01 21:03:43,500 - INFO - seed_list: [1990]
2025-10-01 21:03:43,500 - INFO - iterations: 1200
2025-10-01 21:03:43,500 - INFO - warmup_steps: 0
2025-10-01 21:03:43,500 - INFO - ca_epochs: 5
2025-10-01 21:03:43,500 - INFO - optimizer: adamw
2025-10-01 21:03:43,500 - INFO - lrate: 0.0005
2025-10-01 21:03:43,500 - INFO - head_scale: 1.0
2025-10-01 21:03:43,500 - INFO - batch_size: 32
2025-10-01 21:03:43,500 - INFO - evaluate_final_only: True
2025-10-01 21:03:43,500 - INFO - gamma_norm: 0.1
2025-10-01 21:03:43,500 - INFO - gamma_kd: 0.5
2025-10-01 21:03:43,500 - INFO - kd_type: feat
2025-10-01 21:03:43,500 - INFO - alpha_t: 1.0
2025-10-01 21:03:43,500 - INFO - gamma_1: 0.0001
2025-10-01 21:03:43,500 - INFO - compensate: True
2025-10-01 21:03:43,500 - INFO - amp: True
2025-10-01 21:03:43,501 - INFO - amp_dtype: fp16
2025-10-01 21:03:43,501 - INFO - clip_dataset_sequence: ['fgvc_aircraft', 'caltech-101', 'dtd', 'eurosat', 'oxford_flower102', 'food101', 'oxford_pets', 'stanford_cars']
2025-10-01 21:03:43,501 - INFO - clip_dataset_shuffle: False
2025-10-01 21:03:43,501 - INFO - clip_dataset_seed: 0
2025-10-01 21:03:43,501 - INFO - clip_num_workers: 4
2025-10-01 21:03:43,501 - INFO - clip_pin_memory: False
2025-10-01 21:03:43,501 - INFO - clip_use_reference_data: True
2025-10-01 21:03:43,501 - INFO - auxiliary_data_path: /data1/open_datasets/flickr8k
2025-10-01 21:03:43,501 - INFO - aux_dataset_type: flickr8k
2025-10-01 21:03:43,501 - INFO - auxiliary_data_size: 256
2025-10-01 21:03:43,501 - INFO - l2_protection: False
2025-10-01 21:03:43,501 - INFO - l2_protection_lambda: 1.0
2025-10-01 21:03:43,501 - INFO - seed: 1990
2025-10-01 21:03:43,501 - INFO - run_id: 0
2025-10-01 21:03:43,501 - INFO - log_path: sldc_logs_raoxuan/CLIP-CL_clip-vit-b-16/init-20_inc-20_rank-8_lt-sgp_lora_T-4_comp-1_wk-log1p_wp-1_kd-feat_gkd-0p5_gn-0p1_optim-adamw_lr-0p0005_bz-32_iter-1200_seed-1990
Using a slow image processor as `use_fast` is unset and a slow processor was saved with this model. `use_fast=True` will be the default behavior in v4.52, even if the model was saved with a slow processor. This will result in minor differences in outputs. You'll still be able to use a slow processor with `use_fast=False`.
[Reference Data] enabled | type=flickr8k | path=/data1/open_datasets/flickr8k | num_workers=4 | pin_memory=False | captions=multi-avg(if supported)
Fetching 1 files:   0%|          | 0/1 [00:00<?, ?it/s]Fetching 1 files: 100%|██████████| 1/1 [00:00<00:00, 22795.13it/s]
2025-10-01 21:03:49,520 - INFO - Using storage: sqlite:///clip-zeroshot-optimization.db
/home/raoxuan/ENTER/envs/raoxuan/lib/python3.9/site-packages/optuna/samplers/_tpe/sampler.py:319: ExperimentalWarning: ``multivariate`` option is an experimental feature. The interface can change in the future.
  warnings.warn(
[I 2025-10-01 21:03:49,769] Using an existing study with name 'clip-zeroshot-optimization' instead of creating a new one.
2025-10-01 21:03:49,785 - INFO - Loaded 7 existing trials.
2025-10-01 21:03:49,824 - INFO - smart_defaults: False
2025-10-01 21:03:49,824 - INFO - dataset: CLIP-CL
2025-10-01 21:03:49,824 - INFO - prefix: optuna_trial_7
2025-10-01 21:03:49,824 - INFO - test: False
2025-10-01 21:03:49,824 - INFO - user: raoxuan
2025-10-01 21:03:49,824 - INFO - data_location: /home/raoxuan/projects/SubspaceLoRA/data/mtil
2025-10-01 21:03:49,824 - INFO - reference_dataset_path: /data1/open_datasets/ImageNet-2012/train/
2025-10-01 21:03:49,824 - INFO - reference_batch_size: 32
2025-10-01 21:03:49,824 - INFO - memory_size: 0
2025-10-01 21:03:49,824 - INFO - memory_per_class: 0
2025-10-01 21:03:49,824 - INFO - fixed_memory: False
2025-10-01 21:03:49,825 - INFO - shuffle: True
2025-10-01 21:03:49,825 - INFO - init_cls: 20
2025-10-01 21:03:49,825 - INFO - increment: 20
2025-10-01 21:03:49,825 - INFO - model_name: sldc
2025-10-01 21:03:49,825 - INFO - weight_decay: 0.0
2025-10-01 21:03:49,825 - INFO - device: [device(type='cuda', index=0)]
2025-10-01 21:03:49,825 - INFO - vit_type: clip-vit-b-16
2025-10-01 21:03:49,825 - INFO - lora_rank: 8
2025-10-01 21:03:49,825 - INFO - lora_type: sgp_lora
2025-10-01 21:03:49,825 - INFO - weight_temp: 4.0
2025-10-01 21:03:49,825 - INFO - sgp_soft_projection: False
2025-10-01 21:03:49,825 - INFO - nsp_eps: 0.05
2025-10-01 21:03:49,825 - INFO - nsp_weight: 0.0
2025-10-01 21:03:49,825 - INFO - trace_k: 0.2
2025-10-01 21:03:49,825 - INFO - weight_kind: log1p
2025-10-01 21:03:49,825 - INFO - weight_p: 1.0
2025-10-01 21:03:49,825 - INFO - kl_gamma: 0.01
2025-10-01 21:03:49,825 - INFO - osgp_scale: 1.0
2025-10-01 21:03:49,825 - INFO - sce_a: 0.5
2025-10-01 21:03:49,825 - INFO - sce_b: 0.5
2025-10-01 21:03:49,825 - INFO - seed_list: [1990]
2025-10-01 21:03:49,825 - INFO - iterations: 600
2025-10-01 21:03:49,825 - INFO - warmup_steps: 0
2025-10-01 21:03:49,825 - INFO - ca_epochs: 5
2025-10-01 21:03:49,825 - INFO - optimizer: adamw
2025-10-01 21:03:49,825 - INFO - lrate: 0.0005
2025-10-01 21:03:49,825 - INFO - head_scale: 1.0
2025-10-01 21:03:49,825 - INFO - batch_size: 32
2025-10-01 21:03:49,825 - INFO - evaluate_final_only: True
2025-10-01 21:03:49,825 - INFO - gamma_norm: 0.1
2025-10-01 21:03:49,825 - INFO - gamma_kd: 0.5
2025-10-01 21:03:49,825 - INFO - kd_type: feat
2025-10-01 21:03:49,825 - INFO - alpha_t: 1.0
2025-10-01 21:03:49,825 - INFO - gamma_1: 0.0001
2025-10-01 21:03:49,825 - INFO - compensate: True
2025-10-01 21:03:49,825 - INFO - amp: True
2025-10-01 21:03:49,825 - INFO - amp_dtype: fp16
2025-10-01 21:03:49,825 - INFO - clip_dataset_sequence: ['fgvc_aircraft', 'caltech-101', 'dtd', 'eurosat', 'oxford_flower102', 'food101', 'oxford_pets', 'stanford_cars']
2025-10-01 21:03:49,825 - INFO - clip_dataset_shuffle: False
2025-10-01 21:03:49,825 - INFO - clip_dataset_seed: 0
2025-10-01 21:03:49,826 - INFO - clip_num_workers: 4
2025-10-01 21:03:49,826 - INFO - clip_pin_memory: False
2025-10-01 21:03:49,826 - INFO - clip_use_reference_data: True
2025-10-01 21:03:49,826 - INFO - auxiliary_data_path: /data1/open_datasets/flickr8k
2025-10-01 21:03:49,826 - INFO - aux_dataset_type: flickr8k
2025-10-01 21:03:49,826 - INFO - auxiliary_data_size: 256
2025-10-01 21:03:49,826 - INFO - l2_protection: False
2025-10-01 21:03:49,826 - INFO - l2_protection_lambda: 1.0
2025-10-01 21:03:49,826 - INFO - seed: 1990
2025-10-01 21:03:49,826 - INFO - run_id: 0
2025-10-01 21:03:49,826 - INFO - log_path: sldc_logs_raoxuan/CLIP-CL_clip-vit-b-16/init-20_inc-20_rank-8_lt-sgp_lora_T-4_comp-1_wk-log1p_wp-1_kd-feat_gkd-0p5_gn-0p1_optim-adamw_lr-0p0005_bz-32_iter-600_seed-1990
Fetching 1 files:   0%|          | 0/1 [00:00<?, ?it/s]Fetching 1 files: 100%|██████████| 1/1 [00:00<00:00, 7869.24it/s]
/home/raoxuan/projects/SubspaceLoRA/models/subspace_lora_clip.py:144: FutureWarning: `torch.cuda.amp.GradScaler(args...)` is deprecated. Please use `torch.amp.GradScaler('cuda', args...)` instead.
  self.grad_scaler = GradScaler() if self.use_amp and self.amp_dtype == torch.float16 else None
2025-10-01 21:03:52,180 - INFO - AMP enabled (dtype=fp16)
Using a slow image processor as `use_fast` is unset and a slow processor was saved with this model. `use_fast=True` will be the default behavior in v4.52, even if the model was saved with a slow processor. This will result in minor differences in outputs. You'll still be able to use a slow processor with `use_fast=False`.
[Reference Data] enabled | type=flickr8k | path=/data1/open_datasets/flickr8k | num_workers=4 | pin_memory=False | captions=multi-avg(if supported)
Fetching 1 files:   0%|          | 0/1 [00:00<?, ?it/s]Fetching 1 files: 100%|██████████| 1/1 [00:00<00:00, 17623.13it/s]
2025-10-01 21:03:53,463 - INFO - Compiled SubspaceLoRAClipLearner network via torch.compile
2025-10-01 21:03:53,482 - INFO - [ClipIDM] dataset=fgvc_aircraft | train=3334 | test=3333 | classes=100
2025-10-01 21:03:53,505 - INFO - [ClipIDM] dataset=caltech-101 | train=3060 | test=6084 | classes=102
2025-10-01 21:03:53,515 - INFO - [ClipIDM] dataset=dtd | train=1880 | test=1880 | classes=47
2025-10-01 21:03:53,540 - INFO - [ClipIDM] dataset=eurosat | train=5000 | test=5000 | classes=10
2025-10-01 21:03:53,558 - INFO - [ClipIDM] dataset=oxford_flower102 | train=1020 | test=6149 | classes=102
2025-10-01 21:03:53,788 - INFO - [ClipIDM] dataset=food101 | train=75750 | test=25250 | classes=101
2025-10-01 21:03:53,805 - INFO - [ClipIDM] dataset=oxford_pets | train=3680 | test=3669 | classes=37
2025-10-01 21:03:53,846 - INFO - [ClipIDM] dataset=stanford_cars | train=8144 | test=8041 | classes=196
2025-10-01 21:03:53,848 - INFO - All params: 151030785
2025-10-01 21:03:53,849 - INFO - Trainable params: 1410048
2025-10-01 21:03:53,937 - INFO - Precomputed 2048 reference text embeddings.
2025-10-01 21:03:53,938 - INFO - Caching reference teacher embeddings for 2048 samples...
2025-10-01 21:03:54,086 - INFO - Precomputing reference text embeddings ...
Fetching 1 files:   0%|          | 0/1 [00:00<?, ?it/s]Fetching 1 files: 100%|██████████| 1/1 [00:00<00:00, 1696.04it/s]
2025-10-01 21:03:58,398 - INFO - Cached 2048 teacher feature vectors for reference data (4.46s).
/home/raoxuan/projects/SubspaceLoRA/models/subspace_lora_clip.py:144: FutureWarning: `torch.cuda.amp.GradScaler(args...)` is deprecated. Please use `torch.amp.GradScaler('cuda', args...)` instead.
  self.grad_scaler = GradScaler() if self.use_amp and self.amp_dtype == torch.float16 else None
2025-10-01 21:04:00,383 - INFO - AMP enabled (dtype=fp16)
2025-10-01 21:04:01,845 - INFO - Compiled SubspaceLoRAClipLearner network via torch.compile
2025-10-01 21:04:01,865 - INFO - [ClipIDM] dataset=fgvc_aircraft | train=3334 | test=3333 | classes=100
2025-10-01 21:04:01,889 - INFO - [ClipIDM] dataset=caltech-101 | train=3060 | test=6084 | classes=102
2025-10-01 21:04:01,899 - INFO - [ClipIDM] dataset=dtd | train=1880 | test=1880 | classes=47
2025-10-01 21:04:01,921 - INFO - [ClipIDM] dataset=eurosat | train=5000 | test=5000 | classes=10
2025-10-01 21:04:01,941 - INFO - [ClipIDM] dataset=oxford_flower102 | train=1020 | test=6149 | classes=102
2025-10-01 21:04:02,183 - INFO - [ClipIDM] dataset=food101 | train=75750 | test=25250 | classes=101
2025-10-01 21:04:02,201 - INFO - [ClipIDM] dataset=oxford_pets | train=3680 | test=3669 | classes=37
2025-10-01 21:04:02,242 - INFO - [ClipIDM] dataset=stanford_cars | train=8144 | test=8041 | classes=196
2025-10-01 21:04:02,244 - INFO - All params: 151030785
2025-10-01 21:04:02,245 - INFO - Trainable params: 1410048
2025-10-01 21:04:02,476 - INFO - Precomputing reference text embeddings ...
2025-10-01 21:04:05,944 - INFO - Starting task 1/8: fgvc_aircraft (train=3334, test=3333, classes=100)
/home/raoxuan/projects/SubspaceLoRA/models/subspace_lora_clip.py:687: FutureWarning: `torch.cuda.amp.autocast(args...)` is deprecated. Please use `torch.amp.autocast('cuda', args...)` instead.
  with autocast(**self._autocast_kwargs):
`torch.nn.functional.scaled_dot_product_attention` does not support `output_attentions=True`. Falling back to eager attention. This warning can be removed using the argument `attn_implementation="eager"` when loading the model.
2025-10-01 21:04:07,686 - INFO - Precomputed 2048 reference text embeddings.
2025-10-01 21:04:07,687 - INFO - Caching reference teacher embeddings for 2048 samples...
/home/raoxuan/projects/SubspaceLoRA/models/subspace_lora_clip.py:841: FutureWarning: `torch.cuda.amp.autocast(args...)` is deprecated. Please use `torch.amp.autocast('cuda', args...)` instead.
  with autocast(**self._autocast_kwargs):
/home/raoxuan/ENTER/envs/raoxuan/lib/python3.9/site-packages/torch/optim/lr_scheduler.py:192: UserWarning: Detected call of `lr_scheduler.step()` before `optimizer.step()`. In PyTorch 1.1.0 and later, you should call them in the opposite order: `optimizer.step()` before `lr_scheduler.step()`.  Failure to do this will result in PyTorch skipping the first value of the learning rate schedule. See more details at https://pytorch.org/docs/stable/optim.html#how-to-adjust-learning-rate
  warnings.warn(
2025-10-01 21:04:09,557 - INFO - Task 0 Iter 10/1200 | lr=9.99861e-05 | acc=0.2803 | pos_cos=0.311058 | neg_cos=0.246380 | ref_L2=0.000000 | ref_cos=0.999985 | ref_KL=0.000034
2025-10-01 21:04:11,299 - INFO - Task 0 Iter 20/1200 | lr=9.99382e-05 | acc=0.2819 | pos_cos=0.312372 | neg_cos=0.248796 | ref_L2=0.000000 | ref_cos=0.999895 | ref_KL=0.000210
2025-10-01 21:04:11,897 - INFO - Cached 2048 teacher feature vectors for reference data (4.21s).
2025-10-01 21:04:13,052 - INFO - Task 0 Iter 30/1200 | lr=9.98561e-05 | acc=0.2859 | pos_cos=0.313829 | neg_cos=0.254516 | ref_L2=0.000001 | ref_cos=0.999750 | ref_KL=0.000447
2025-10-01 21:04:14,801 - INFO - Task 0 Iter 40/1200 | lr=9.97399e-05 | acc=0.3031 | pos_cos=0.315279 | neg_cos=0.257245 | ref_L2=0.000002 | ref_cos=0.999580 | ref_KL=0.000607
2025-10-01 21:04:16,699 - INFO - Task 0 Iter 50/1200 | lr=9.95896e-05 | acc=0.3142 | pos_cos=0.316956 | neg_cos=0.259829 | ref_L2=0.000002 | ref_cos=0.999455 | ref_KL=0.000725
2025-10-01 21:04:17,164 - INFO - Precomputed 2048 reference text embeddings.
2025-10-01 21:04:17,165 - INFO - Caching reference teacher embeddings for 2048 samples...
2025-10-01 21:04:18,561 - INFO - Task 0 Iter 60/1200 | lr=9.94053e-05 | acc=0.2875 | pos_cos=0.316507 | neg_cos=0.262716 | ref_L2=0.000003 | ref_cos=0.999332 | ref_KL=0.000772
2025-10-01 21:04:19,482 - INFO - Starting task 1/8: fgvc_aircraft (train=3334, test=3333, classes=100)
2025-10-01 21:04:20,890 - INFO - Task 0 Iter 70/1200 | lr=9.91872e-05 | acc=0.2828 | pos_cos=0.316698 | neg_cos=0.263875 | ref_L2=0.000003 | ref_cos=0.999204 | ref_KL=0.000758
/home/raoxuan/projects/SubspaceLoRA/models/subspace_lora_clip.py:687: FutureWarning: `torch.cuda.amp.autocast(args...)` is deprecated. Please use `torch.amp.autocast('cuda', args...)` instead.
  with autocast(**self._autocast_kwargs):
`torch.nn.functional.scaled_dot_product_attention` does not support `output_attentions=True`. Falling back to eager attention. This warning can be removed using the argument `attn_implementation="eager"` when loading the model.
/home/raoxuan/projects/SubspaceLoRA/models/subspace_lora_clip.py:841: FutureWarning: `torch.cuda.amp.autocast(args...)` is deprecated. Please use `torch.amp.autocast('cuda', args...)` instead.
  with autocast(**self._autocast_kwargs):
2025-10-01 21:04:21,401 - INFO - Cached 2048 teacher feature vectors for reference data (4.24s).
/home/raoxuan/ENTER/envs/raoxuan/lib/python3.9/site-packages/torch/optim/lr_scheduler.py:192: UserWarning: Detected call of `lr_scheduler.step()` before `optimizer.step()`. In PyTorch 1.1.0 and later, you should call them in the opposite order: `optimizer.step()` before `lr_scheduler.step()`.  Failure to do this will result in PyTorch skipping the first value of the learning rate schedule. See more details at https://pytorch.org/docs/stable/optim.html#how-to-adjust-learning-rate
  warnings.warn(
2025-10-01 21:04:22,604 - INFO - Task 0 Iter 80/1200 | lr=9.89355e-05 | acc=0.2971 | pos_cos=0.318262 | neg_cos=0.266545 | ref_L2=0.000004 | ref_cos=0.999020 | ref_KL=0.000941
2025-10-01 21:04:23,251 - INFO - Task 0 Iter 10/1200 | lr=0.000499931 | acc=0.2700 | pos_cos=0.312579 | neg_cos=0.249459 | ref_L2=0.000001 | ref_cos=0.999705 | ref_KL=0.000542
2025-10-01 21:04:24,652 - INFO - Task 0 Iter 90/1200 | lr=9.86502e-05 | acc=0.2847 | pos_cos=0.321229 | neg_cos=0.270779 | ref_L2=0.000004 | ref_cos=0.998895 | ref_KL=0.001001
2025-10-01 21:04:25,187 - INFO - Task 0 Iter 20/1200 | lr=0.000499691 | acc=0.2651 | pos_cos=0.316341 | neg_cos=0.258766 | ref_L2=0.000006 | ref_cos=0.998579 | ref_KL=0.002318
2025-10-01 21:04:26,694 - INFO - Task 0 Iter 100/1200 | lr=9.83317e-05 | acc=0.2836 | pos_cos=0.321623 | neg_cos=0.272853 | ref_L2=0.000004 | ref_cos=0.998860 | ref_KL=0.001117
2025-10-01 21:04:27,412 - INFO - Task 0 Iter 30/1200 | lr=0.00049928 | acc=0.2745 | pos_cos=0.320117 | neg_cos=0.270397 | ref_L2=0.000011 | ref_cos=0.997197 | ref_KL=0.004389
2025-10-01 21:04:29,486 - INFO - Task 0 Iter 40/1200 | lr=0.000498698 | acc=0.2994 | pos_cos=0.322869 | neg_cos=0.275191 | ref_L2=0.000015 | ref_cos=0.996265 | ref_KL=0.004633
2025-10-01 21:04:29,616 - INFO - Starting task 1/8: fgvc_aircraft (train=3334, test=3333, classes=100)
2025-10-01 21:04:29,832 - INFO - Task 0 Iter 110/1200 | lr=9.798e-05 | acc=0.2948 | pos_cos=0.321230 | neg_cos=0.273897 | ref_L2=0.000005 | ref_cos=0.998804 | ref_KL=0.001233
/home/raoxuan/projects/SubspaceLoRA/models/subspace_lora_clip.py:687: FutureWarning: `torch.cuda.amp.autocast(args...)` is deprecated. Please use `torch.amp.autocast('cuda', args...)` instead.
  with autocast(**self._autocast_kwargs):
2025-10-01 21:04:31,628 - INFO - Task 0 Iter 50/1200 | lr=0.000497946 | acc=0.3040 | pos_cos=0.323710 | neg_cos=0.275138 | ref_L2=0.000016 | ref_cos=0.995811 | ref_KL=0.004684
`torch.nn.functional.scaled_dot_product_attention` does not support `output_attentions=True`. Falling back to eager attention. This warning can be removed using the argument `attn_implementation="eager"` when loading the model.
2025-10-01 21:04:31,895 - INFO - Task 0 Iter 120/1200 | lr=9.75955e-05 | acc=0.3409 | pos_cos=0.323783 | neg_cos=0.274803 | ref_L2=0.000005 | ref_cos=0.998828 | ref_KL=0.001097
/home/raoxuan/projects/SubspaceLoRA/models/subspace_lora_clip.py:841: FutureWarning: `torch.cuda.amp.autocast(args...)` is deprecated. Please use `torch.amp.autocast('cuda', args...)` instead.
  with autocast(**self._autocast_kwargs):
/home/raoxuan/ENTER/envs/raoxuan/lib/python3.9/site-packages/torch/optim/lr_scheduler.py:192: UserWarning: Detected call of `lr_scheduler.step()` before `optimizer.step()`. In PyTorch 1.1.0 and later, you should call them in the opposite order: `optimizer.step()` before `lr_scheduler.step()`.  Failure to do this will result in PyTorch skipping the first value of the learning rate schedule. See more details at https://pytorch.org/docs/stable/optim.html#how-to-adjust-learning-rate
  warnings.warn(
2025-10-01 21:04:34,027 - INFO - Task 0 Iter 60/1200 | lr=0.000497024 | acc=0.3065 | pos_cos=0.322833 | neg_cos=0.275252 | ref_L2=0.000016 | ref_cos=0.995780 | ref_KL=0.004891
2025-10-01 21:04:34,034 - INFO - Task 0 Iter 10/600 | lr=0.000499723 | acc=0.2700 | pos_cos=0.312533 | neg_cos=0.249399 | ref_L2=0.000001 | ref_cos=0.999738 | ref_KL=0.000474
2025-10-01 21:04:34,883 - INFO - Task 0 Iter 130/1200 | lr=9.71784e-05 | acc=0.3148 | pos_cos=0.323153 | neg_cos=0.274938 | ref_L2=0.000005 | ref_cos=0.998845 | ref_KL=0.000973
2025-10-01 21:04:36,435 - INFO - Task 0 Iter 20/600 | lr=0.000498764 | acc=0.2697 | pos_cos=0.316153 | neg_cos=0.258760 | ref_L2=0.000005 | ref_cos=0.998750 | ref_KL=0.001974
2025-10-01 21:04:36,783 - INFO - Task 0 Iter 70/1200 | lr=0.000495933 | acc=0.3082 | pos_cos=0.322875 | neg_cos=0.273692 | ref_L2=0.000015 | ref_cos=0.996036 | ref_KL=0.003935
2025-10-01 21:04:37,574 - INFO - Task 0 Iter 140/1200 | lr=9.6729e-05 | acc=0.3408 | pos_cos=0.323983 | neg_cos=0.274531 | ref_L2=0.000004 | ref_cos=0.998902 | ref_KL=0.000874
2025-10-01 21:04:38,569 - INFO - Task 0 Iter 80/1200 | lr=0.000494673 | acc=0.3254 | pos_cos=0.325259 | neg_cos=0.275953 | ref_L2=0.000015 | ref_cos=0.996168 | ref_KL=0.004046
2025-10-01 21:04:39,323 - INFO - Task 0 Iter 30/600 | lr=0.000497124 | acc=0.2765 | pos_cos=0.319640 | neg_cos=0.270394 | ref_L2=0.000009 | ref_cos=0.997582 | ref_KL=0.003665
2025-10-01 21:04:40,362 - INFO - Task 0 Iter 90/1200 | lr=0.000493246 | acc=0.3492 | pos_cos=0.326898 | neg_cos=0.276457 | ref_L2=0.000014 | ref_cos=0.996389 | ref_KL=0.003542
2025-10-01 21:04:40,626 - INFO - Task 0 Iter 150/1200 | lr=9.62477e-05 | acc=0.3057 | pos_cos=0.323969 | neg_cos=0.276093 | ref_L2=0.000005 | ref_cos=0.998847 | ref_KL=0.000947
2025-10-01 21:04:41,776 - INFO - Task 0 Iter 40/600 | lr=0.000494807 | acc=0.3040 | pos_cos=0.322357 | neg_cos=0.274792 | ref_L2=0.000013 | ref_cos=0.996792 | ref_KL=0.004030
2025-10-01 21:04:42,855 - INFO - Task 0 Iter 100/1200 | lr=0.000491652 | acc=0.3278 | pos_cos=0.324299 | neg_cos=0.273188 | ref_L2=0.000014 | ref_cos=0.996518 | ref_KL=0.004122
2025-10-01 21:04:42,999 - INFO - Task 0 Iter 160/1200 | lr=9.57346e-05 | acc=0.3562 | pos_cos=0.324593 | neg_cos=0.275142 | ref_L2=0.000005 | ref_cos=0.998837 | ref_KL=0.000970
2025-10-01 21:04:44,544 - INFO - Task 0 Iter 50/600 | lr=0.000491819 | acc=0.3056 | pos_cos=0.323044 | neg_cos=0.274528 | ref_L2=0.000014 | ref_cos=0.996333 | ref_KL=0.004149
2025-10-01 21:04:45,178 - INFO - Task 0 Iter 170/1200 | lr=9.51903e-05 | acc=0.3665 | pos_cos=0.323942 | neg_cos=0.274218 | ref_L2=0.000004 | ref_cos=0.998863 | ref_KL=0.001078
2025-10-01 21:04:46,241 - INFO - Task 0 Iter 110/1200 | lr=0.000489892 | acc=0.3820 | pos_cos=0.321920 | neg_cos=0.274086 | ref_L2=0.000014 | ref_cos=0.996301 | ref_KL=0.004875
2025-10-01 21:04:46,906 - INFO - Task 0 Iter 60/600 | lr=0.000488168 | acc=0.3080 | pos_cos=0.321951 | neg_cos=0.274488 | ref_L2=0.000015 | ref_cos=0.996204 | ref_KL=0.004462
2025-10-01 21:04:47,131 - INFO - Task 0 Iter 180/1200 | lr=9.4615e-05 | acc=0.3607 | pos_cos=0.323423 | neg_cos=0.273153 | ref_L2=0.000004 | ref_cos=0.998947 | ref_KL=0.000944
2025-10-01 21:04:48,924 - INFO - Task 0 Iter 120/1200 | lr=0.000487968 | acc=0.4235 | pos_cos=0.323590 | neg_cos=0.269654 | ref_L2=0.000014 | ref_cos=0.996406 | ref_KL=0.004599
2025-10-01 21:04:49,352 - INFO - Task 0 Iter 190/1200 | lr=9.40092e-05 | acc=0.3481 | pos_cos=0.323387 | neg_cos=0.272333 | ref_L2=0.000004 | ref_cos=0.998949 | ref_KL=0.001038
2025-10-01 21:04:50,056 - INFO - Task 0 Iter 70/600 | lr=0.000483864 | acc=0.3068 | pos_cos=0.322118 | neg_cos=0.272825 | ref_L2=0.000014 | ref_cos=0.996406 | ref_KL=0.003587
2025-10-01 21:04:51,774 - INFO - Task 0 Iter 130/1200 | lr=0.000485881 | acc=0.4272 | pos_cos=0.321900 | neg_cos=0.267093 | ref_L2=0.000015 | ref_cos=0.996134 | ref_KL=0.004423
2025-10-01 21:04:51,955 - INFO - Task 0 Iter 80/600 | lr=0.00047892 | acc=0.3159 | pos_cos=0.324238 | neg_cos=0.274775 | ref_L2=0.000014 | ref_cos=0.996467 | ref_KL=0.003772
2025-10-01 21:04:52,451 - INFO - Task 0 Iter 200/1200 | lr=9.33732e-05 | acc=0.3086 | pos_cos=0.322552 | neg_cos=0.273512 | ref_L2=0.000004 | ref_cos=0.998907 | ref_KL=0.000961
2025-10-01 21:04:53,799 - INFO - Task 0 Iter 140/1200 | lr=0.000483632 | acc=0.4590 | pos_cos=0.321612 | neg_cos=0.266012 | ref_L2=0.000015 | ref_cos=0.996113 | ref_KL=0.004239
2025-10-01 21:04:54,421 - INFO - Task 0 Iter 90/600 | lr=0.000473348 | acc=0.3541 | pos_cos=0.325848 | neg_cos=0.275498 | ref_L2=0.000013 | ref_cos=0.996596 | ref_KL=0.003493
2025-10-01 21:04:54,690 - INFO - Task 0 Iter 210/1200 | lr=9.27076e-05 | acc=0.3171 | pos_cos=0.320867 | neg_cos=0.272976 | ref_L2=0.000004 | ref_cos=0.998927 | ref_KL=0.000938
2025-10-01 21:04:56,069 - INFO - Task 0 Iter 150/1200 | lr=0.000481223 | acc=0.4572 | pos_cos=0.320548 | neg_cos=0.265754 | ref_L2=0.000017 | ref_cos=0.995769 | ref_KL=0.004197
2025-10-01 21:04:56,786 - INFO - Task 0 Iter 100/600 | lr=0.000467164 | acc=0.3361 | pos_cos=0.323353 | neg_cos=0.272168 | ref_L2=0.000013 | ref_cos=0.996717 | ref_KL=0.003970
2025-10-01 21:04:58,263 - INFO - Task 0 Iter 160/1200 | lr=0.000478656 | acc=0.5183 | pos_cos=0.319331 | neg_cos=0.261821 | ref_L2=0.000018 | ref_cos=0.995473 | ref_KL=0.005033
2025-10-01 21:04:58,318 - INFO - Task 0 Iter 220/1200 | lr=9.20127e-05 | acc=0.3605 | pos_cos=0.321945 | neg_cos=0.271819 | ref_L2=0.000004 | ref_cos=0.998889 | ref_KL=0.000947
2025-10-01 21:05:00,206 - INFO - Task 0 Iter 230/1200 | lr=9.1289e-05 | acc=0.3815 | pos_cos=0.321604 | neg_cos=0.270051 | ref_L2=0.000004 | ref_cos=0.998934 | ref_KL=0.000989
2025-10-01 21:05:00,336 - INFO - Task 0 Iter 110/600 | lr=0.000460386 | acc=0.3987 | pos_cos=0.321019 | neg_cos=0.273002 | ref_L2=0.000014 | ref_cos=0.996540 | ref_KL=0.004809
2025-10-01 21:05:00,629 - INFO - Task 0 Iter 170/1200 | lr=0.000475932 | acc=0.5113 | pos_cos=0.319913 | neg_cos=0.263193 | ref_L2=0.000018 | ref_cos=0.995408 | ref_KL=0.005079
2025-10-01 21:05:02,678 - INFO - Task 0 Iter 240/1200 | lr=9.05371e-05 | acc=0.3957 | pos_cos=0.321441 | neg_cos=0.269548 | ref_L2=0.000004 | ref_cos=0.998976 | ref_KL=0.000921
2025-10-01 21:05:02,718 - INFO - Task 0 Iter 180/1200 | lr=0.000473053 | acc=0.5332 | pos_cos=0.317943 | neg_cos=0.259742 | ref_L2=0.000017 | ref_cos=0.995637 | ref_KL=0.005727
2025-10-01 21:05:03,048 - INFO - Task 0 Iter 120/600 | lr=0.00045303 | acc=0.4349 | pos_cos=0.322846 | neg_cos=0.269045 | ref_L2=0.000013 | ref_cos=0.996633 | ref_KL=0.004316
2025-10-01 21:05:04,807 - INFO - Task 0 Iter 190/1200 | lr=0.000470022 | acc=0.5243 | pos_cos=0.318300 | neg_cos=0.259849 | ref_L2=0.000016 | ref_cos=0.995817 | ref_KL=0.004869
2025-10-01 21:05:05,222 - INFO - Task 0 Iter 250/1200 | lr=8.97575e-05 | acc=0.3745 | pos_cos=0.320654 | neg_cos=0.269222 | ref_L2=0.000004 | ref_cos=0.998975 | ref_KL=0.000999
2025-10-01 21:05:06,131 - INFO - Task 0 Iter 130/600 | lr=0.000445119 | acc=0.4247 | pos_cos=0.321211 | neg_cos=0.266431 | ref_L2=0.000014 | ref_cos=0.996380 | ref_KL=0.004163
2025-10-01 21:05:07,885 - INFO - Task 0 Iter 260/1200 | lr=8.89506e-05 | acc=0.3425 | pos_cos=0.320631 | neg_cos=0.269740 | ref_L2=0.000004 | ref_cos=0.998978 | ref_KL=0.000939
2025-10-01 21:05:08,062 - INFO - Task 0 Iter 200/1200 | lr=0.000466839 | acc=0.4920 | pos_cos=0.317440 | neg_cos=0.262302 | ref_L2=0.000017 | ref_cos=0.995724 | ref_KL=0.004299
2025-10-01 21:05:08,191 - INFO - Task 0 Iter 140/600 | lr=0.000436672 | acc=0.4618 | pos_cos=0.320867 | neg_cos=0.265489 | ref_L2=0.000014 | ref_cos=0.996350 | ref_KL=0.004042
2025-10-01 21:05:09,736 - INFO - Task 0 Iter 210/1200 | lr=0.000463509 | acc=0.4653 | pos_cos=0.316027 | neg_cos=0.259596 | ref_L2=0.000016 | ref_cos=0.995897 | ref_KL=0.004686
2025-10-01 21:05:09,934 - INFO - Task 0 Iter 270/1200 | lr=8.81171e-05 | acc=0.3889 | pos_cos=0.319677 | neg_cos=0.268784 | ref_L2=0.000004 | ref_cos=0.998954 | ref_KL=0.000858
2025-10-01 21:05:10,692 - INFO - Task 0 Iter 150/600 | lr=0.000427714 | acc=0.4463 | pos_cos=0.320206 | neg_cos=0.265454 | ref_L2=0.000015 | ref_cos=0.996039 | ref_KL=0.003932
2025-10-01 21:05:12,375 - INFO - Task 0 Iter 280/1200 | lr=8.72575e-05 | acc=0.3972 | pos_cos=0.319840 | neg_cos=0.267512 | ref_L2=0.000004 | ref_cos=0.998947 | ref_KL=0.000893
2025-10-01 21:05:13,041 - INFO - Task 0 Iter 160/600 | lr=0.000418269 | acc=0.5186 | pos_cos=0.319080 | neg_cos=0.261628 | ref_L2=0.000016 | ref_cos=0.995796 | ref_KL=0.004674
2025-10-01 21:05:13,119 - INFO - Task 0 Iter 220/1200 | lr=0.000460031 | acc=0.5738 | pos_cos=0.315006 | neg_cos=0.254985 | ref_L2=0.000016 | ref_cos=0.995784 | ref_KL=0.005087
2025-10-01 21:05:15,196 - INFO - Task 0 Iter 170/600 | lr=0.000408364 | acc=0.5108 | pos_cos=0.319715 | neg_cos=0.263006 | ref_L2=0.000017 | ref_cos=0.995712 | ref_KL=0.004723
2025-10-01 21:05:15,397 - INFO - Task 0 Iter 290/1200 | lr=8.63723e-05 | acc=0.3810 | pos_cos=0.320314 | neg_cos=0.266810 | ref_L2=0.000004 | ref_cos=0.998949 | ref_KL=0.000897
2025-10-01 21:05:15,845 - INFO - Task 0 Iter 230/1200 | lr=0.00045641 | acc=0.5731 | pos_cos=0.316012 | neg_cos=0.255848 | ref_L2=0.000017 | ref_cos=0.995736 | ref_KL=0.004787
2025-10-01 21:05:17,549 - INFO - Task 0 Iter 180/600 | lr=0.000398024 | acc=0.5243 | pos_cos=0.317605 | neg_cos=0.259709 | ref_L2=0.000016 | ref_cos=0.995813 | ref_KL=0.005585
2025-10-01 21:05:17,803 - INFO - Task 0 Iter 240/1200 | lr=0.000452648 | acc=0.5945 | pos_cos=0.315517 | neg_cos=0.255269 | ref_L2=0.000017 | ref_cos=0.995655 | ref_KL=0.005420
2025-10-01 21:05:17,845 - INFO - Task 0 Iter 300/1200 | lr=8.54623e-05 | acc=0.4438 | pos_cos=0.319660 | neg_cos=0.265334 | ref_L2=0.000004 | ref_cos=0.998915 | ref_KL=0.000912
2025-10-01 21:05:19,956 - INFO - Task 0 Iter 190/600 | lr=0.000387278 | acc=0.5139 | pos_cos=0.317489 | neg_cos=0.258914 | ref_L2=0.000016 | ref_cos=0.996020 | ref_KL=0.004851
2025-10-01 21:05:20,371 - INFO - Task 0 Iter 250/1200 | lr=0.000448746 | acc=0.6169 | pos_cos=0.312823 | neg_cos=0.251292 | ref_L2=0.000018 | ref_cos=0.995394 | ref_KL=0.006195
2025-10-01 21:05:20,687 - INFO - Task 0 Iter 310/1200 | lr=8.4528e-05 | acc=0.4147 | pos_cos=0.317309 | neg_cos=0.264031 | ref_L2=0.000004 | ref_cos=0.998889 | ref_KL=0.000894
2025-10-01 21:05:22,718 - INFO - Task 0 Iter 200/600 | lr=0.000376157 | acc=0.4950 | pos_cos=0.316515 | neg_cos=0.261035 | ref_L2=0.000016 | ref_cos=0.995988 | ref_KL=0.004345
2025-10-01 21:05:23,086 - INFO - Task 0 Iter 260/1200 | lr=0.000444709 | acc=0.6132 | pos_cos=0.310239 | neg_cos=0.249314 | ref_L2=0.000018 | ref_cos=0.995266 | ref_KL=0.005882
2025-10-01 21:05:24,290 - INFO - Task 0 Iter 320/1200 | lr=8.35701e-05 | acc=0.4039 | pos_cos=0.317273 | neg_cos=0.262956 | ref_L2=0.000004 | ref_cos=0.998895 | ref_KL=0.001022
2025-10-01 21:05:24,622 - INFO - Task 0 Iter 210/600 | lr=0.000364689 | acc=0.4676 | pos_cos=0.315615 | neg_cos=0.259717 | ref_L2=0.000015 | ref_cos=0.996115 | ref_KL=0.004412
2025-10-01 21:05:25,114 - INFO - Task 0 Iter 270/1200 | lr=0.000440538 | acc=0.6404 | pos_cos=0.308122 | neg_cos=0.245868 | ref_L2=0.000019 | ref_cos=0.995099 | ref_KL=0.005128
2025-10-01 21:05:26,692 - INFO - Task 0 Iter 330/1200 | lr=8.25893e-05 | acc=0.4385 | pos_cos=0.318339 | neg_cos=0.264369 | ref_L2=0.000004 | ref_cos=0.998914 | ref_KL=0.000848
2025-10-01 21:05:27,294 - INFO - Task 0 Iter 280/1200 | lr=0.000436236 | acc=0.6372 | pos_cos=0.307909 | neg_cos=0.245159 | ref_L2=0.000019 | ref_cos=0.995044 | ref_KL=0.006099
2025-10-01 21:05:28,109 - INFO - Task 0 Iter 220/600 | lr=0.000352908 | acc=0.5754 | pos_cos=0.315526 | neg_cos=0.255241 | ref_L2=0.000015 | ref_cos=0.996039 | ref_KL=0.004585
2025-10-01 21:05:29,117 - INFO - Task 0 Iter 340/1200 | lr=8.15861e-05 | acc=0.4666 | pos_cos=0.317326 | neg_cos=0.263470 | ref_L2=0.000004 | ref_cos=0.998911 | ref_KL=0.000948
2025-10-01 21:05:29,498 - INFO - Task 0 Iter 290/1200 | lr=0.000431807 | acc=0.6241 | pos_cos=0.306275 | neg_cos=0.244857 | ref_L2=0.000020 | ref_cos=0.994964 | ref_KL=0.005738
2025-10-01 21:05:30,670 - INFO - Task 0 Iter 230/600 | lr=0.000340845 | acc=0.5784 | pos_cos=0.315200 | neg_cos=0.255150 | ref_L2=0.000015 | ref_cos=0.996061 | ref_KL=0.004490
2025-10-01 21:05:31,361 - INFO - Task 0 Iter 350/1200 | lr=8.05613e-05 | acc=0.4580 | pos_cos=0.317084 | neg_cos=0.261955 | ref_L2=0.000004 | ref_cos=0.998873 | ref_KL=0.000957
2025-10-01 21:05:31,533 - INFO - Task 0 Iter 300/1200 | lr=0.000427253 | acc=0.6636 | pos_cos=0.305380 | neg_cos=0.242135 | ref_L2=0.000020 | ref_cos=0.994855 | ref_KL=0.008438
2025-10-01 21:05:33,484 - INFO - Task 0 Iter 240/600 | lr=0.000328532 | acc=0.6003 | pos_cos=0.314874 | neg_cos=0.255081 | ref_L2=0.000016 | ref_cos=0.995993 | ref_KL=0.004748
2025-10-01 21:05:33,892 - INFO - Task 0 Iter 310/1200 | lr=0.000422578 | acc=0.6613 | pos_cos=0.305005 | neg_cos=0.243506 | ref_L2=0.000020 | ref_cos=0.994826 | ref_KL=0.005980
2025-10-01 21:05:33,978 - INFO - Task 0 Iter 360/1200 | lr=7.95156e-05 | acc=0.4262 | pos_cos=0.315122 | neg_cos=0.260728 | ref_L2=0.000004 | ref_cos=0.998894 | ref_KL=0.000971
2025-10-01 21:05:35,976 - INFO - Task 0 Iter 250/600 | lr=0.000316005 | acc=0.6134 | pos_cos=0.312655 | neg_cos=0.251600 | ref_L2=0.000017 | ref_cos=0.995717 | ref_KL=0.005233
2025-10-01 21:05:36,282 - INFO - Task 0 Iter 370/1200 | lr=7.84497e-05 | acc=0.4232 | pos_cos=0.316900 | neg_cos=0.261979 | ref_L2=0.000005 | ref_cos=0.998840 | ref_KL=0.000997
2025-10-01 21:05:37,808 - INFO - Task 0 Iter 320/1200 | lr=0.000417785 | acc=0.6918 | pos_cos=0.307724 | neg_cos=0.244539 | ref_L2=0.000020 | ref_cos=0.994849 | ref_KL=0.006028
2025-10-01 21:05:38,554 - INFO - Task 0 Iter 260/600 | lr=0.000303297 | acc=0.6020 | pos_cos=0.310807 | neg_cos=0.249956 | ref_L2=0.000017 | ref_cos=0.995650 | ref_KL=0.004968
2025-10-01 21:05:38,573 - INFO - Task 0 Iter 380/1200 | lr=7.73643e-05 | acc=0.4408 | pos_cos=0.317231 | neg_cos=0.262375 | ref_L2=0.000005 | ref_cos=0.998833 | ref_KL=0.000951
2025-10-01 21:05:40,469 - INFO - Task 0 Iter 270/600 | lr=0.000290443 | acc=0.6476 | pos_cos=0.307404 | neg_cos=0.245487 | ref_L2=0.000018 | ref_cos=0.995519 | ref_KL=0.004555
2025-10-01 21:05:40,476 - INFO - Task 0 Iter 330/1200 | lr=0.000412877 | acc=0.7388 | pos_cos=0.306465 | neg_cos=0.243843 | ref_L2=0.000019 | ref_cos=0.995024 | ref_KL=0.004684
2025-10-01 21:05:41,516 - INFO - Task 0 Iter 390/1200 | lr=7.62602e-05 | acc=0.4502 | pos_cos=0.316025 | neg_cos=0.261213 | ref_L2=0.000005 | ref_cos=0.998836 | ref_KL=0.000949
2025-10-01 21:05:42,689 - INFO - Task 0 Iter 280/600 | lr=0.000277478 | acc=0.6339 | pos_cos=0.306767 | neg_cos=0.244077 | ref_L2=0.000018 | ref_cos=0.995450 | ref_KL=0.004709
2025-10-01 21:05:43,234 - INFO - Task 0 Iter 340/1200 | lr=0.000407857 | acc=0.7459 | pos_cos=0.304098 | neg_cos=0.240071 | ref_L2=0.000019 | ref_cos=0.995085 | ref_KL=0.004830
2025-10-01 21:05:43,531 - INFO - Task 0 Iter 400/1200 | lr=7.51382e-05 | acc=0.4732 | pos_cos=0.315163 | neg_cos=0.259885 | ref_L2=0.000004 | ref_cos=0.998864 | ref_KL=0.000947
2025-10-01 21:05:45,088 - INFO - Task 0 Iter 290/600 | lr=0.000264438 | acc=0.6349 | pos_cos=0.304590 | neg_cos=0.242451 | ref_L2=0.000018 | ref_cos=0.995366 | ref_KL=0.004760
2025-10-01 21:05:45,232 - INFO - Task 0 Iter 350/1200 | lr=0.000402729 | acc=0.7193 | pos_cos=0.303115 | neg_cos=0.240179 | ref_L2=0.000020 | ref_cos=0.994918 | ref_KL=0.004861
2025-10-01 21:05:46,279 - INFO - Task 0 Iter 410/1200 | lr=7.39989e-05 | acc=0.4308 | pos_cos=0.312733 | neg_cos=0.258620 | ref_L2=0.000005 | ref_cos=0.998764 | ref_KL=0.001120
2025-10-01 21:05:47,287 - INFO - Task 0 Iter 360/1200 | lr=0.000397496 | acc=0.7410 | pos_cos=0.300298 | neg_cos=0.237016 | ref_L2=0.000021 | ref_cos=0.994692 | ref_KL=0.004438
2025-10-01 21:05:47,750 - INFO - Task 0 Iter 300/600 | lr=0.000251359 | acc=0.6685 | pos_cos=0.303902 | neg_cos=0.240490 | ref_L2=0.000019 | ref_cos=0.995264 | ref_KL=0.005801
2025-10-01 21:05:48,196 - INFO - Task 0 Iter 420/1200 | lr=7.28433e-05 | acc=0.4799 | pos_cos=0.311275 | neg_cos=0.256148 | ref_L2=0.000005 | ref_cos=0.998766 | ref_KL=0.000934
2025-10-01 21:05:49,357 - INFO - Task 0 Iter 370/1200 | lr=0.000392162 | acc=0.7551 | pos_cos=0.301457 | neg_cos=0.237979 | ref_L2=0.000022 | ref_cos=0.994493 | ref_KL=0.006408
2025-10-01 21:05:50,111 - INFO - Task 0 Iter 310/600 | lr=0.000238276 | acc=0.6489 | pos_cos=0.304196 | neg_cos=0.242131 | ref_L2=0.000019 | ref_cos=0.995249 | ref_KL=0.004603
2025-10-01 21:05:51,608 - INFO - Task 0 Iter 380/1200 | lr=0.000386731 | acc=0.7603 | pos_cos=0.302804 | neg_cos=0.239371 | ref_L2=0.000021 | ref_cos=0.994531 | ref_KL=0.005244
2025-10-01 21:05:51,672 - INFO - Task 0 Iter 430/1200 | lr=7.1672e-05 | acc=0.4969 | pos_cos=0.311848 | neg_cos=0.255791 | ref_L2=0.000005 | ref_cos=0.998776 | ref_KL=0.000953
2025-10-01 21:05:53,508 - INFO - Task 0 Iter 320/600 | lr=0.000225225 | acc=0.6770 | pos_cos=0.306046 | neg_cos=0.243375 | ref_L2=0.000018 | ref_cos=0.995297 | ref_KL=0.005271
2025-10-01 21:05:53,510 - INFO - Task 0 Iter 440/1200 | lr=7.04859e-05 | acc=0.4827 | pos_cos=0.312568 | neg_cos=0.256016 | ref_L2=0.000005 | ref_cos=0.998742 | ref_KL=0.001063
2025-10-01 21:05:54,212 - INFO - Task 0 Iter 390/1200 | lr=0.000381206 | acc=0.7626 | pos_cos=0.300871 | neg_cos=0.238021 | ref_L2=0.000021 | ref_cos=0.994632 | ref_KL=0.004837
2025-10-01 21:05:56,031 - INFO - Task 0 Iter 400/1200 | lr=0.000375591 | acc=0.7543 | pos_cos=0.298815 | neg_cos=0.234807 | ref_L2=0.000021 | ref_cos=0.994656 | ref_KL=0.005468
2025-10-01 21:05:56,281 - INFO - Task 0 Iter 330/600 | lr=0.000212242 | acc=0.7129 | pos_cos=0.305569 | neg_cos=0.242847 | ref_L2=0.000018 | ref_cos=0.995426 | ref_KL=0.004208
2025-10-01 21:05:56,574 - INFO - Task 0 Iter 450/1200 | lr=6.92858e-05 | acc=0.4837 | pos_cos=0.311946 | neg_cos=0.253918 | ref_L2=0.000005 | ref_cos=0.998755 | ref_KL=0.000981
2025-10-01 21:05:58,287 - INFO - Task 0 Iter 340/600 | lr=0.000199363 | acc=0.7342 | pos_cos=0.303984 | neg_cos=0.240803 | ref_L2=0.000018 | ref_cos=0.995456 | ref_KL=0.004467
2025-10-01 21:05:58,470 - INFO - Task 0 Iter 460/1200 | lr=6.80725e-05 | acc=0.4771 | pos_cos=0.311202 | neg_cos=0.253009 | ref_L2=0.000005 | ref_cos=0.998729 | ref_KL=0.000907
2025-10-01 21:05:58,575 - INFO - Task 0 Iter 410/1200 | lr=0.00036989 | acc=0.7360 | pos_cos=0.298173 | neg_cos=0.235976 | ref_L2=0.000022 | ref_cos=0.994455 | ref_KL=0.005234
2025-10-01 21:06:00,314 - INFO - Task 0 Iter 470/1200 | lr=6.68469e-05 | acc=0.4799 | pos_cos=0.311915 | neg_cos=0.252975 | ref_L2=0.000005 | ref_cos=0.998670 | ref_KL=0.001025
2025-10-01 21:06:00,642 - INFO - Task 0 Iter 350/600 | lr=0.000186623 | acc=0.7166 | pos_cos=0.303942 | neg_cos=0.240568 | ref_L2=0.000018 | ref_cos=0.995361 | ref_KL=0.004657
2025-10-01 21:06:00,904 - INFO - Task 0 Iter 420/1200 | lr=0.000364108 | acc=0.7807 | pos_cos=0.298466 | neg_cos=0.234680 | ref_L2=0.000022 | ref_cos=0.994490 | ref_KL=0.006207
2025-10-01 21:06:02,199 - INFO - Task 0 Iter 480/1200 | lr=6.56097e-05 | acc=0.4992 | pos_cos=0.310184 | neg_cos=0.252531 | ref_L2=0.000005 | ref_cos=0.998685 | ref_KL=0.001117
2025-10-01 21:06:03,085 - INFO - Task 0 Iter 360/600 | lr=0.000174057 | acc=0.7141 | pos_cos=0.301734 | neg_cos=0.238589 | ref_L2=0.000019 | ref_cos=0.995223 | ref_KL=0.004161
2025-10-01 21:06:04,471 - INFO - Task 0 Iter 430/1200 | lr=0.000358247 | acc=0.7931 | pos_cos=0.296496 | neg_cos=0.233528 | ref_L2=0.000021 | ref_cos=0.994618 | ref_KL=0.005736
2025-10-01 21:06:04,796 - INFO - Task 0 Iter 490/1200 | lr=6.43619e-05 | acc=0.4850 | pos_cos=0.309762 | neg_cos=0.253447 | ref_L2=0.000005 | ref_cos=0.998784 | ref_KL=0.001024
2025-10-01 21:06:05,309 - INFO - Task 0 Iter 370/600 | lr=0.000161699 | acc=0.7225 | pos_cos=0.302203 | neg_cos=0.238858 | ref_L2=0.000019 | ref_cos=0.995115 | ref_KL=0.005301
2025-10-01 21:06:06,454 - INFO - Task 0 Iter 440/1200 | lr=0.000352311 | acc=0.7943 | pos_cos=0.296472 | neg_cos=0.232196 | ref_L2=0.000021 | ref_cos=0.994530 | ref_KL=0.005111
2025-10-01 21:06:08,055 - INFO - Task 0 Iter 500/1200 | lr=6.31043e-05 | acc=0.5202 | pos_cos=0.310221 | neg_cos=0.252161 | ref_L2=0.000005 | ref_cos=0.998690 | ref_KL=0.001088
2025-10-01 21:06:08,293 - INFO - Task 0 Iter 380/600 | lr=0.000149583 | acc=0.7389 | pos_cos=0.302931 | neg_cos=0.238770 | ref_L2=0.000019 | ref_cos=0.995157 | ref_KL=0.004405
2025-10-01 21:06:09,106 - INFO - Task 0 Iter 450/1200 | lr=0.000346306 | acc=0.8179 | pos_cos=0.296616 | neg_cos=0.233440 | ref_L2=0.000021 | ref_cos=0.994669 | ref_KL=0.004361
2025-10-01 21:06:10,121 - INFO - Task 0 Iter 510/1200 | lr=6.18377e-05 | acc=0.5159 | pos_cos=0.307508 | neg_cos=0.250125 | ref_L2=0.000005 | ref_cos=0.998698 | ref_KL=0.001147
2025-10-01 21:06:10,947 - INFO - Task 0 Iter 460/1200 | lr=0.000340235 | acc=0.8061 | pos_cos=0.295079 | neg_cos=0.231947 | ref_L2=0.000022 | ref_cos=0.994495 | ref_KL=0.004190
2025-10-01 21:06:11,453 - INFO - Task 0 Iter 390/600 | lr=0.000137743 | acc=0.7505 | pos_cos=0.302132 | neg_cos=0.238793 | ref_L2=0.000019 | ref_cos=0.995236 | ref_KL=0.004053
2025-10-01 21:06:12,919 - INFO - Task 0 Iter 520/1200 | lr=6.05631e-05 | acc=0.4758 | pos_cos=0.307133 | neg_cos=0.249901 | ref_L2=0.000005 | ref_cos=0.998706 | ref_KL=0.001105
2025-10-01 21:06:13,125 - INFO - Task 0 Iter 470/1200 | lr=0.000334102 | acc=0.8065 | pos_cos=0.291955 | neg_cos=0.228837 | ref_L2=0.000022 | ref_cos=0.994383 | ref_KL=0.003921
2025-10-01 21:06:13,887 - INFO - Task 0 Iter 400/600 | lr=0.00012621 | acc=0.7304 | pos_cos=0.301713 | neg_cos=0.238092 | ref_L2=0.000019 | ref_cos=0.995231 | ref_KL=0.004230
2025-10-01 21:06:15,824 - INFO - Task 0 Iter 480/1200 | lr=0.000327911 | acc=0.8068 | pos_cos=0.290520 | neg_cos=0.226912 | ref_L2=0.000022 | ref_cos=0.994351 | ref_KL=0.004451
2025-10-01 21:06:15,985 - INFO - Task 0 Iter 410/600 | lr=0.000115017 | acc=0.7195 | pos_cos=0.299218 | neg_cos=0.235900 | ref_L2=0.000019 | ref_cos=0.995104 | ref_KL=0.004634
2025-10-01 21:06:16,404 - INFO - Task 0 Iter 530/1200 | lr=5.92812e-05 | acc=0.4727 | pos_cos=0.306893 | neg_cos=0.249289 | ref_L2=0.000005 | ref_cos=0.998634 | ref_KL=0.001172
2025-10-01 21:06:17,820 - INFO - Task 0 Iter 490/1200 | lr=0.000321667 | acc=0.8015 | pos_cos=0.293028 | neg_cos=0.230649 | ref_L2=0.000021 | ref_cos=0.994635 | ref_KL=0.006415
2025-10-01 21:06:18,077 - INFO - Task 0 Iter 420/600 | lr=0.000104194 | acc=0.7707 | pos_cos=0.298904 | neg_cos=0.234880 | ref_L2=0.000019 | ref_cos=0.995161 | ref_KL=0.004312
2025-10-01 21:06:18,771 - INFO - Task 0 Iter 540/1200 | lr=5.7993e-05 | acc=0.5071 | pos_cos=0.307937 | neg_cos=0.249637 | ref_L2=0.000005 | ref_cos=0.998625 | ref_KL=0.001233
2025-10-01 21:06:20,384 - INFO - Task 0 Iter 500/1200 | lr=0.000315374 | acc=0.8128 | pos_cos=0.290193 | neg_cos=0.226253 | ref_L2=0.000022 | ref_cos=0.994389 | ref_KL=0.005092
2025-10-01 21:06:21,294 - INFO - Task 0 Iter 550/1200 | lr=5.66994e-05 | acc=0.5273 | pos_cos=0.310006 | neg_cos=0.251035 | ref_L2=0.000006 | ref_cos=0.998571 | ref_KL=0.001159
2025-10-01 21:06:21,718 - INFO - Task 0 Iter 430/600 | lr=9.37706e-05 | acc=0.7606 | pos_cos=0.299437 | neg_cos=0.236028 | ref_L2=0.000019 | ref_cos=0.995149 | ref_KL=0.004183
2025-10-01 21:06:22,523 - INFO - Task 0 Iter 510/1200 | lr=0.000309036 | acc=0.8277 | pos_cos=0.290073 | neg_cos=0.226728 | ref_L2=0.000022 | ref_cos=0.994361 | ref_KL=0.006113
2025-10-01 21:06:23,569 - INFO - Task 0 Iter 560/1200 | lr=5.54012e-05 | acc=0.5386 | pos_cos=0.308013 | neg_cos=0.249312 | ref_L2=0.000006 | ref_cos=0.998476 | ref_KL=0.001127
2025-10-01 21:06:23,731 - INFO - Task 0 Iter 440/600 | lr=8.37757e-05 | acc=0.7603 | pos_cos=0.299462 | neg_cos=0.235395 | ref_L2=0.000019 | ref_cos=0.995008 | ref_KL=0.004534
2025-10-01 21:06:25,554 - INFO - Task 0 Iter 570/1200 | lr=5.40994e-05 | acc=0.5148 | pos_cos=0.306006 | neg_cos=0.247845 | ref_L2=0.000006 | ref_cos=0.998534 | ref_KL=0.001189
2025-10-01 21:06:25,735 - INFO - Task 0 Iter 520/1200 | lr=0.000302657 | acc=0.8143 | pos_cos=0.288603 | neg_cos=0.225949 | ref_L2=0.000022 | ref_cos=0.994451 | ref_KL=0.005289
2025-10-01 21:06:26,216 - INFO - Task 0 Iter 450/600 | lr=7.42365e-05 | acc=0.7792 | pos_cos=0.299046 | neg_cos=0.235305 | ref_L2=0.000019 | ref_cos=0.995133 | ref_KL=0.003970
2025-10-01 21:06:27,892 - INFO - Task 0 Iter 460/600 | lr=6.51792e-05 | acc=0.7669 | pos_cos=0.298444 | neg_cos=0.234832 | ref_L2=0.000019 | ref_cos=0.995113 | ref_KL=0.003675
2025-10-01 21:06:28,171 - INFO - Task 0 Iter 580/1200 | lr=5.27948e-05 | acc=0.5559 | pos_cos=0.306393 | neg_cos=0.247769 | ref_L2=0.000005 | ref_cos=0.998599 | ref_KL=0.001172
2025-10-01 21:06:29,072 - INFO - Task 0 Iter 530/1200 | lr=0.000296243 | acc=0.8117 | pos_cos=0.288740 | neg_cos=0.224743 | ref_L2=0.000022 | ref_cos=0.994353 | ref_KL=0.004622
2025-10-01 21:06:30,063 - INFO - Task 0 Iter 590/1200 | lr=5.14883e-05 | acc=0.5474 | pos_cos=0.306109 | neg_cos=0.246256 | ref_L2=0.000006 | ref_cos=0.998483 | ref_KL=0.001232
2025-10-01 21:06:30,257 - INFO - Task 0 Iter 470/600 | lr=5.66286e-05 | acc=0.7777 | pos_cos=0.297871 | neg_cos=0.233826 | ref_L2=0.000020 | ref_cos=0.994955 | ref_KL=0.003950
2025-10-01 21:06:31,881 - INFO - Task 0 Iter 540/1200 | lr=0.000289797 | acc=0.8169 | pos_cos=0.285844 | neg_cos=0.222784 | ref_L2=0.000022 | ref_cos=0.994286 | ref_KL=0.005716
2025-10-01 21:06:32,089 - INFO - Task 0 Iter 600/1200 | lr=5.01808e-05 | acc=0.5315 | pos_cos=0.304321 | neg_cos=0.245350 | ref_L2=0.000006 | ref_cos=0.998477 | ref_KL=0.001625
2025-10-01 21:06:32,476 - INFO - Task 0 Iter 480/600 | lr=4.86082e-05 | acc=0.7698 | pos_cos=0.296393 | neg_cos=0.232602 | ref_L2=0.000020 | ref_cos=0.994976 | ref_KL=0.003961
2025-10-01 21:06:34,000 - INFO - Task 0 Iter 550/1200 | lr=0.000283324 | acc=0.8381 | pos_cos=0.287602 | neg_cos=0.224438 | ref_L2=0.000023 | ref_cos=0.994151 | ref_KL=0.004668
2025-10-01 21:06:34,591 - INFO - Task 0 Iter 610/1200 | lr=4.88732e-05 | acc=0.5167 | pos_cos=0.305342 | neg_cos=0.246679 | ref_L2=0.000006 | ref_cos=0.998479 | ref_KL=0.001396
2025-10-01 21:06:35,073 - INFO - Task 0 Iter 490/600 | lr=4.114e-05 | acc=0.7776 | pos_cos=0.295784 | neg_cos=0.232886 | ref_L2=0.000018 | ref_cos=0.995266 | ref_KL=0.003849
2025-10-01 21:06:36,723 - INFO - Task 0 Iter 560/1200 | lr=0.000276828 | acc=0.8446 | pos_cos=0.284939 | neg_cos=0.221636 | ref_L2=0.000024 | ref_cos=0.993912 | ref_KL=0.004242
2025-10-01 21:06:36,736 - INFO - Task 0 Iter 620/1200 | lr=4.75664e-05 | acc=0.5495 | pos_cos=0.306613 | neg_cos=0.246899 | ref_L2=0.000006 | ref_cos=0.998521 | ref_KL=0.001235
2025-10-01 21:06:37,443 - INFO - Task 0 Iter 500/600 | lr=3.42443e-05 | acc=0.7859 | pos_cos=0.294996 | neg_cos=0.231173 | ref_L2=0.000019 | ref_cos=0.995040 | ref_KL=0.003820
2025-10-01 21:06:39,070 - INFO - Task 0 Iter 570/1200 | lr=0.000270313 | acc=0.8319 | pos_cos=0.283611 | neg_cos=0.221015 | ref_L2=0.000023 | ref_cos=0.994147 | ref_KL=0.004365
2025-10-01 21:06:39,259 - INFO - Task 0 Iter 630/1200 | lr=4.62613e-05 | acc=0.5515 | pos_cos=0.305423 | neg_cos=0.246521 | ref_L2=0.000006 | ref_cos=0.998515 | ref_KL=0.001158
2025-10-01 21:06:39,646 - INFO - Task 0 Iter 510/600 | lr=2.79401e-05 | acc=0.7898 | pos_cos=0.295506 | neg_cos=0.231973 | ref_L2=0.000019 | ref_cos=0.995149 | ref_KL=0.004309
2025-10-01 21:06:41,994 - INFO - Task 0 Iter 580/1200 | lr=0.000263785 | acc=0.8598 | pos_cos=0.283743 | neg_cos=0.221260 | ref_L2=0.000022 | ref_cos=0.994244 | ref_KL=0.004755
2025-10-01 21:06:42,487 - INFO - Task 0 Iter 520/600 | lr=2.22448e-05 | acc=0.7840 | pos_cos=0.295504 | neg_cos=0.232062 | ref_L2=0.000019 | ref_cos=0.995156 | ref_KL=0.004188
2025-10-01 21:06:43,061 - INFO - Task 0 Iter 640/1200 | lr=4.49589e-05 | acc=0.5438 | pos_cos=0.305026 | neg_cos=0.245732 | ref_L2=0.000006 | ref_cos=0.998540 | ref_KL=0.001190
2025-10-01 21:06:44,175 - INFO - Task 0 Iter 590/1200 | lr=0.000257247 | acc=0.8577 | pos_cos=0.282337 | neg_cos=0.219094 | ref_L2=0.000023 | ref_cos=0.994133 | ref_KL=0.004574
2025-10-01 21:06:45,599 - INFO - Task 0 Iter 650/1200 | lr=4.36599e-05 | acc=0.5708 | pos_cos=0.304208 | neg_cos=0.244977 | ref_L2=0.000006 | ref_cos=0.998456 | ref_KL=0.001149
2025-10-01 21:06:45,632 - INFO - Task 0 Iter 530/600 | lr=1.71738e-05 | acc=0.7863 | pos_cos=0.294552 | neg_cos=0.231079 | ref_L2=0.000019 | ref_cos=0.995070 | ref_KL=0.004189
2025-10-01 21:06:46,626 - INFO - Task 0 Iter 600/1200 | lr=0.000250704 | acc=0.8302 | pos_cos=0.280565 | neg_cos=0.217452 | ref_L2=0.000024 | ref_cos=0.993937 | ref_KL=0.009504
2025-10-01 21:06:47,945 - INFO - Task 0 Iter 660/1200 | lr=4.23653e-05 | acc=0.5873 | pos_cos=0.302709 | neg_cos=0.243395 | ref_L2=0.000006 | ref_cos=0.998479 | ref_KL=0.001214
2025-10-01 21:06:48,277 - INFO - Task 0 Iter 540/600 | lr=1.27411e-05 | acc=0.7761 | pos_cos=0.294716 | neg_cos=0.230850 | ref_L2=0.000019 | ref_cos=0.995045 | ref_KL=0.004083
2025-10-01 21:06:49,118 - INFO - Task 0 Iter 610/1200 | lr=0.000244161 | acc=0.8523 | pos_cos=0.283475 | neg_cos=0.220426 | ref_L2=0.000024 | ref_cos=0.993974 | ref_KL=0.006004
2025-10-01 21:06:50,385 - INFO - Task 0 Iter 670/1200 | lr=4.10759e-05 | acc=0.5939 | pos_cos=0.301757 | neg_cos=0.241181 | ref_L2=0.000006 | ref_cos=0.998489 | ref_KL=0.001208
2025-10-01 21:06:50,961 - INFO - Task 0 Iter 550/600 | lr=8.95887e-06 | acc=0.8043 | pos_cos=0.297047 | neg_cos=0.232890 | ref_L2=0.000020 | ref_cos=0.994938 | ref_KL=0.004107
2025-10-01 21:06:51,345 - INFO - Task 0 Iter 620/1200 | lr=0.000237622 | acc=0.8366 | pos_cos=0.283643 | neg_cos=0.221177 | ref_L2=0.000023 | ref_cos=0.994054 | ref_KL=0.005174
2025-10-01 21:06:52,783 - INFO - Task 0 Iter 680/1200 | lr=3.97928e-05 | acc=0.5951 | pos_cos=0.302140 | neg_cos=0.240822 | ref_L2=0.000006 | ref_cos=0.998518 | ref_KL=0.001191
2025-10-01 21:06:53,503 - INFO - Task 0 Iter 560/600 | lr=5.83746e-06 | acc=0.8092 | pos_cos=0.296359 | neg_cos=0.232094 | ref_L2=0.000020 | ref_cos=0.994873 | ref_KL=0.003865
2025-10-01 21:06:53,641 - INFO - Task 0 Iter 630/1200 | lr=0.000231092 | acc=0.8495 | pos_cos=0.280201 | neg_cos=0.217011 | ref_L2=0.000023 | ref_cos=0.994048 | ref_KL=0.004699
2025-10-01 21:06:54,939 - INFO - Task 0 Iter 690/1200 | lr=3.85166e-05 | acc=0.5835 | pos_cos=0.301834 | neg_cos=0.241803 | ref_L2=0.000006 | ref_cos=0.998431 | ref_KL=0.001297
2025-10-01 21:06:55,914 - INFO - Task 0 Iter 570/600 | lr=3.38541e-06 | acc=0.7752 | pos_cos=0.296116 | neg_cos=0.232684 | ref_L2=0.000020 | ref_cos=0.994976 | ref_KL=0.004109
2025-10-01 21:06:56,999 - INFO - Task 0 Iter 640/1200 | lr=0.000224574 | acc=0.8503 | pos_cos=0.279580 | neg_cos=0.217211 | ref_L2=0.000023 | ref_cos=0.994120 | ref_KL=0.004404
2025-10-01 21:06:57,582 - INFO - Task 0 Iter 700/1200 | lr=3.72483e-05 | acc=0.5990 | pos_cos=0.303640 | neg_cos=0.243257 | ref_L2=0.000006 | ref_cos=0.998487 | ref_KL=0.001250
2025-10-01 21:06:59,005 - INFO - Task 0 Iter 580/600 | lr=1.60946e-06 | acc=0.7965 | pos_cos=0.296351 | neg_cos=0.233285 | ref_L2=0.000019 | ref_cos=0.995010 | ref_KL=0.004441
2025-10-01 21:06:59,561 - INFO - Task 0 Iter 650/1200 | lr=0.000218074 | acc=0.8677 | pos_cos=0.280161 | neg_cos=0.217133 | ref_L2=0.000023 | ref_cos=0.994012 | ref_KL=0.004289
2025-10-01 21:07:00,305 - INFO - Task 0 Iter 710/1200 | lr=3.59889e-05 | acc=0.5791 | pos_cos=0.302846 | neg_cos=0.242055 | ref_L2=0.000006 | ref_cos=0.998439 | ref_KL=0.001243
2025-10-01 21:07:01,093 - INFO - Task 0 Iter 590/600 | lr=5.14463e-07 | acc=0.7909 | pos_cos=0.295140 | neg_cos=0.230936 | ref_L2=0.000020 | ref_cos=0.994937 | ref_KL=0.004381
2025-10-01 21:07:01,808 - INFO - Task 0 Iter 660/1200 | lr=0.000211596 | acc=0.8778 | pos_cos=0.278208 | neg_cos=0.215695 | ref_L2=0.000023 | ref_cos=0.994043 | ref_KL=0.005171
2025-10-01 21:07:02,804 - INFO - Task 0 Iter 720/1200 | lr=3.4739e-05 | acc=0.5490 | pos_cos=0.302224 | neg_cos=0.242011 | ref_L2=0.000006 | ref_cos=0.998464 | ref_KL=0.001186
2025-10-01 21:07:02,838 - INFO - Task 0 Iter 600/600 | lr=1.03426e-07 | acc=0.7623 | pos_cos=0.293095 | neg_cos=0.229206 | ref_L2=0.000020 | ref_cos=0.994862 | ref_KL=0.004253
2025-10-01 21:07:03,361 - INFO - Task 0 finished | total: 152.91 s | train: 152.38 s | drift: 0.00 s
2025-10-01 21:07:03,867 - INFO - Task 0 Iter 670/1200 | lr=0.000205144 | acc=0.8936 | pos_cos=0.277673 | neg_cos=0.214421 | ref_L2=0.000023 | ref_cos=0.994097 | ref_KL=0.004244
2025-10-01 21:07:04,971 - INFO - Task 0 Iter 730/1200 | lr=3.34997e-05 | acc=0.5723 | pos_cos=0.301526 | neg_cos=0.241481 | ref_L2=0.000006 | ref_cos=0.998394 | ref_KL=0.001224
2025-10-01 21:07:05,636 - INFO - Task 0 Iter 680/1200 | lr=0.000198723 | acc=0.8731 | pos_cos=0.276875 | neg_cos=0.214397 | ref_L2=0.000023 | ref_cos=0.994168 | ref_KL=0.004271
2025-10-01 21:07:07,567 - INFO - Task 0 Iter 690/1200 | lr=0.000192337 | acc=0.8689 | pos_cos=0.275773 | neg_cos=0.213251 | ref_L2=0.000023 | ref_cos=0.994085 | ref_KL=0.004062
2025-10-01 21:07:08,155 - INFO - Task 0 Iter 740/1200 | lr=3.22717e-05 | acc=0.5947 | pos_cos=0.301629 | neg_cos=0.240586 | ref_L2=0.000006 | ref_cos=0.998389 | ref_KL=0.001139
2025-10-01 21:07:09,358 - INFO - Task 0 Iter 700/1200 | lr=0.00018599 | acc=0.8694 | pos_cos=0.278005 | neg_cos=0.215345 | ref_L2=0.000022 | ref_cos=0.994298 | ref_KL=0.004089
2025-10-01 21:07:10,324 - INFO - Task 0 Iter 750/1200 | lr=3.10558e-05 | acc=0.5665 | pos_cos=0.300807 | neg_cos=0.240623 | ref_L2=0.000006 | ref_cos=0.998447 | ref_KL=0.001151
2025-10-01 21:07:11,925 - INFO - Task 0 Iter 710/1200 | lr=0.000179688 | acc=0.8755 | pos_cos=0.275441 | neg_cos=0.212825 | ref_L2=0.000023 | ref_cos=0.994089 | ref_KL=0.004025
2025-10-01 21:07:12,192 - INFO - Task 0 Iter 760/1200 | lr=2.9853e-05 | acc=0.5758 | pos_cos=0.302379 | neg_cos=0.240678 | ref_L2=0.000006 | ref_cos=0.998530 | ref_KL=0.001205
2025-10-01 21:07:13,782 - INFO - Task 0 Iter 720/1200 | lr=0.000173434 | acc=0.8559 | pos_cos=0.274968 | neg_cos=0.212259 | ref_L2=0.000023 | ref_cos=0.994167 | ref_KL=0.003791
2025-10-01 21:07:14,949 - INFO - Task 0 Iter 770/1200 | lr=2.86641e-05 | acc=0.5916 | pos_cos=0.302024 | neg_cos=0.240095 | ref_L2=0.000006 | ref_cos=0.998428 | ref_KL=0.001226
2025-10-01 21:07:15,643 - INFO - Task 0 Iter 730/1200 | lr=0.000167232 | acc=0.8774 | pos_cos=0.274485 | neg_cos=0.211746 | ref_L2=0.000024 | ref_cos=0.993968 | ref_KL=0.004008
2025-10-01 21:07:16,792 - INFO - Task 0 Iter 780/1200 | lr=2.74898e-05 | acc=0.6345 | pos_cos=0.302647 | neg_cos=0.240444 | ref_L2=0.000006 | ref_cos=0.998455 | ref_KL=0.001171
2025-10-01 21:07:18,578 - INFO - Task 0 Iter 790/1200 | lr=2.63309e-05 | acc=0.5833 | pos_cos=0.299979 | neg_cos=0.239141 | ref_L2=0.000006 | ref_cos=0.998364 | ref_KL=0.001266
2025-10-01 21:07:18,754 - INFO - Task 0 Iter 740/1200 | lr=0.000161087 | acc=0.8772 | pos_cos=0.274367 | neg_cos=0.211311 | ref_L2=0.000024 | ref_cos=0.993965 | ref_KL=0.003788
2025-10-01 21:07:20,494 - INFO - Task 0 Iter 800/1200 | lr=2.51883e-05 | acc=0.6160 | pos_cos=0.300086 | neg_cos=0.239245 | ref_L2=0.000006 | ref_cos=0.998351 | ref_KL=0.001243
2025-10-01 21:07:20,845 - INFO - Task 0 Iter 750/1200 | lr=0.000155003 | acc=0.8799 | pos_cos=0.273868 | neg_cos=0.211490 | ref_L2=0.000023 | ref_cos=0.994097 | ref_KL=0.003808
2025-10-01 21:07:22,534 - INFO - Task 0 Iter 810/1200 | lr=2.40628e-05 | acc=0.6224 | pos_cos=0.298945 | neg_cos=0.238157 | ref_L2=0.000007 | ref_cos=0.998307 | ref_KL=0.001201
2025-10-01 21:07:23,100 - INFO - Task 0 Iter 760/1200 | lr=0.000148984 | acc=0.8777 | pos_cos=0.274946 | neg_cos=0.212642 | ref_L2=0.000022 | ref_cos=0.994327 | ref_KL=0.004008
2025-10-01 21:07:24,541 - INFO - Task 0 Iter 820/1200 | lr=2.2955e-05 | acc=0.6081 | pos_cos=0.297793 | neg_cos=0.237531 | ref_L2=0.000006 | ref_cos=0.998365 | ref_KL=0.001188
2025-10-01 21:07:25,197 - INFO - Starting task 2/8: caltech-101 (train=3060, test=6084, classes=102)
2025-10-01 21:07:25,715 - INFO - Task 0 Iter 770/1200 | lr=0.000143035 | acc=0.8982 | pos_cos=0.271654 | neg_cos=0.209169 | ref_L2=0.000023 | ref_cos=0.994033 | ref_KL=0.003846
2025-10-01 21:07:26,311 - INFO - Task 0 Iter 830/1200 | lr=2.18659e-05 | acc=0.5828 | pos_cos=0.298431 | neg_cos=0.238011 | ref_L2=0.000006 | ref_cos=0.998415 | ref_KL=0.001423
2025-10-01 21:07:27,654 - INFO - Task 0 Iter 780/1200 | lr=0.000137159 | acc=0.9024 | pos_cos=0.271225 | neg_cos=0.208604 | ref_L2=0.000023 | ref_cos=0.994131 | ref_KL=0.003499
2025-10-01 21:07:29,125 - INFO - Task 0 Iter 840/1200 | lr=2.0796e-05 | acc=0.6288 | pos_cos=0.296658 | neg_cos=0.235813 | ref_L2=0.000006 | ref_cos=0.998372 | ref_KL=0.001324
2025-10-01 21:07:29,311 - INFO - Task 1 Iter 10/600 | lr=0.000499723 | acc=0.8356 | pos_cos=0.298470 | neg_cos=0.206791 | ref_L2=0.000025 | ref_cos=0.993700 | ref_KL=0.007785
2025-10-01 21:07:29,668 - INFO - Task 0 Iter 790/1200 | lr=0.00013136 | acc=0.9027 | pos_cos=0.268663 | neg_cos=0.206013 | ref_L2=0.000024 | ref_cos=0.993757 | ref_KL=0.003922
2025-10-01 21:07:31,230 - INFO - Task 1 Iter 20/600 | lr=0.000498764 | acc=0.8729 | pos_cos=0.285924 | neg_cos=0.210303 | ref_L2=0.000041 | ref_cos=0.989627 | ref_KL=0.018954
2025-10-01 21:07:32,174 - INFO - Task 0 Iter 800/1200 | lr=0.000125642 | acc=0.9147 | pos_cos=0.268495 | neg_cos=0.205670 | ref_L2=0.000024 | ref_cos=0.993881 | ref_KL=0.003625
2025-10-01 21:07:33,002 - INFO - Task 1 Iter 30/600 | lr=0.000497124 | acc=0.8972 | pos_cos=0.281742 | neg_cos=0.210202 | ref_L2=0.000044 | ref_cos=0.988844 | ref_KL=0.015752
2025-10-01 21:07:33,183 - INFO - Task 0 Iter 850/1200 | lr=1.97462e-05 | acc=0.6169 | pos_cos=0.297399 | neg_cos=0.235912 | ref_L2=0.000006 | ref_cos=0.998412 | ref_KL=0.001270
2025-10-01 21:07:34,627 - INFO - Task 0 Iter 810/1200 | lr=0.00012001 | acc=0.9112 | pos_cos=0.268184 | neg_cos=0.205695 | ref_L2=0.000024 | ref_cos=0.993803 | ref_KL=0.003409
2025-10-01 21:07:34,853 - INFO - Task 1 Iter 40/600 | lr=0.000494807 | acc=0.8944 | pos_cos=0.277497 | neg_cos=0.211330 | ref_L2=0.000043 | ref_cos=0.988885 | ref_KL=0.014990
2025-10-01 21:07:35,541 - INFO - Task 0 Iter 860/1200 | lr=1.87172e-05 | acc=0.5915 | pos_cos=0.296927 | neg_cos=0.235689 | ref_L2=0.000006 | ref_cos=0.998428 | ref_KL=0.001230
2025-10-01 21:07:36,607 - INFO - Task 1 Iter 50/600 | lr=0.000491819 | acc=0.9008 | pos_cos=0.274240 | neg_cos=0.209657 | ref_L2=0.000042 | ref_cos=0.989160 | ref_KL=0.012521
2025-10-01 21:07:37,199 - INFO - Task 0 Iter 820/1200 | lr=0.000114467 | acc=0.9117 | pos_cos=0.267093 | neg_cos=0.204168 | ref_L2=0.000024 | ref_cos=0.993868 | ref_KL=0.003302
2025-10-01 21:07:38,512 - INFO - Task 0 Iter 870/1200 | lr=1.77096e-05 | acc=0.5958 | pos_cos=0.295919 | neg_cos=0.234271 | ref_L2=0.000006 | ref_cos=0.998350 | ref_KL=0.001298
2025-10-01 21:07:38,572 - INFO - Task 1 Iter 60/600 | lr=0.000488168 | acc=0.9003 | pos_cos=0.272144 | neg_cos=0.208567 | ref_L2=0.000038 | ref_cos=0.990285 | ref_KL=0.011986
2025-10-01 21:07:39,528 - INFO - Task 0 Iter 830/1200 | lr=0.000109017 | acc=0.8868 | pos_cos=0.267277 | neg_cos=0.204924 | ref_L2=0.000023 | ref_cos=0.994054 | ref_KL=0.003955
2025-10-01 21:07:40,499 - INFO - Task 0 Iter 880/1200 | lr=1.67242e-05 | acc=0.6154 | pos_cos=0.297607 | neg_cos=0.235326 | ref_L2=0.000007 | ref_cos=0.998279 | ref_KL=0.001475
2025-10-01 21:07:41,010 - INFO - Task 1 Iter 70/600 | lr=0.000483864 | acc=0.8873 | pos_cos=0.270058 | neg_cos=0.207240 | ref_L2=0.000034 | ref_cos=0.991193 | ref_KL=0.011076
2025-10-01 21:07:42,213 - INFO - Task 0 Iter 840/1200 | lr=0.000103663 | acc=0.9040 | pos_cos=0.266942 | neg_cos=0.204562 | ref_L2=0.000024 | ref_cos=0.993902 | ref_KL=0.004002
2025-10-01 21:07:42,833 - INFO - Task 1 Iter 80/600 | lr=0.00047892 | acc=0.9355 | pos_cos=0.270645 | neg_cos=0.207284 | ref_L2=0.000034 | ref_cos=0.991290 | ref_KL=0.009554
2025-10-01 21:07:42,856 - INFO - Task 0 Iter 890/1200 | lr=1.57617e-05 | acc=0.6039 | pos_cos=0.296629 | neg_cos=0.234528 | ref_L2=0.000006 | ref_cos=0.998389 | ref_KL=0.001285
2025-10-01 21:07:44,623 - INFO - Task 1 Iter 90/600 | lr=0.000473348 | acc=0.9236 | pos_cos=0.269797 | neg_cos=0.207193 | ref_L2=0.000033 | ref_cos=0.991661 | ref_KL=0.008662
2025-10-01 21:07:45,923 - INFO - Task 0 Iter 850/1200 | lr=9.84097e-05 | acc=0.9166 | pos_cos=0.268116 | neg_cos=0.205057 | ref_L2=0.000023 | ref_cos=0.994053 | ref_KL=0.004027
2025-10-01 21:07:46,113 - INFO - Task 0 Iter 900/1200 | lr=1.48226e-05 | acc=0.6551 | pos_cos=0.297429 | neg_cos=0.235899 | ref_L2=0.000006 | ref_cos=0.998348 | ref_KL=0.001223
2025-10-01 21:07:47,360 - INFO - Task 1 Iter 100/600 | lr=0.000467164 | acc=0.9509 | pos_cos=0.269720 | neg_cos=0.206515 | ref_L2=0.000032 | ref_cos=0.991852 | ref_KL=0.009862
2025-10-01 21:07:47,973 - INFO - Task 0 Iter 910/1200 | lr=1.39077e-05 | acc=0.6489 | pos_cos=0.297352 | neg_cos=0.235783 | ref_L2=0.000006 | ref_cos=0.998383 | ref_KL=0.001264
2025-10-01 21:07:48,282 - INFO - Task 0 Iter 860/1200 | lr=9.32604e-05 | acc=0.9049 | pos_cos=0.265866 | neg_cos=0.203545 | ref_L2=0.000023 | ref_cos=0.994069 | ref_KL=0.003592
2025-10-01 21:07:49,465 - INFO - Task 1 Iter 110/600 | lr=0.000460386 | acc=0.9617 | pos_cos=0.269953 | neg_cos=0.207148 | ref_L2=0.000032 | ref_cos=0.991917 | ref_KL=0.009944
2025-10-01 21:07:50,029 - INFO - Task 0 Iter 920/1200 | lr=1.30175e-05 | acc=0.5973 | pos_cos=0.298441 | neg_cos=0.237238 | ref_L2=0.000007 | ref_cos=0.998260 | ref_KL=0.001293
2025-10-01 21:07:50,467 - INFO - Task 0 Iter 870/1200 | lr=8.82186e-05 | acc=0.9009 | pos_cos=0.265808 | neg_cos=0.203234 | ref_L2=0.000024 | ref_cos=0.993788 | ref_KL=0.003900
2025-10-01 21:07:51,466 - INFO - Task 1 Iter 120/600 | lr=0.00045303 | acc=0.9663 | pos_cos=0.268925 | neg_cos=0.206715 | ref_L2=0.000031 | ref_cos=0.992137 | ref_KL=0.008326
2025-10-01 21:07:52,556 - INFO - Task 0 Iter 930/1200 | lr=1.21528e-05 | acc=0.5934 | pos_cos=0.296934 | neg_cos=0.235342 | ref_L2=0.000007 | ref_cos=0.998280 | ref_KL=0.001256
2025-10-01 21:07:53,189 - INFO - Task 0 Iter 880/1200 | lr=8.32877e-05 | acc=0.9048 | pos_cos=0.266633 | neg_cos=0.204207 | ref_L2=0.000024 | ref_cos=0.993782 | ref_KL=0.004062
2025-10-01 21:07:54,219 - INFO - Task 1 Iter 130/600 | lr=0.000445119 | acc=0.9701 | pos_cos=0.268509 | neg_cos=0.206253 | ref_L2=0.000030 | ref_cos=0.992311 | ref_KL=0.009453
2025-10-01 21:07:54,515 - INFO - Task 0 Iter 940/1200 | lr=1.1314e-05 | acc=0.5922 | pos_cos=0.295697 | neg_cos=0.234471 | ref_L2=0.000006 | ref_cos=0.998384 | ref_KL=0.001189
2025-10-01 21:07:55,476 - INFO - Task 0 Iter 890/1200 | lr=7.8471e-05 | acc=0.9074 | pos_cos=0.266165 | neg_cos=0.203713 | ref_L2=0.000023 | ref_cos=0.994090 | ref_KL=0.003803
2025-10-01 21:07:56,489 - INFO - Task 1 Iter 140/600 | lr=0.000436672 | acc=0.9690 | pos_cos=0.268612 | neg_cos=0.206370 | ref_L2=0.000027 | ref_cos=0.993076 | ref_KL=0.007017
2025-10-01 21:07:57,910 - INFO - Task 0 Iter 950/1200 | lr=1.05017e-05 | acc=0.6140 | pos_cos=0.295600 | neg_cos=0.233215 | ref_L2=0.000006 | ref_cos=0.998401 | ref_KL=0.001232
2025-10-01 21:07:58,142 - INFO - Task 0 Iter 900/1200 | lr=7.3772e-05 | acc=0.9162 | pos_cos=0.265126 | neg_cos=0.202266 | ref_L2=0.000024 | ref_cos=0.993915 | ref_KL=0.003577
2025-10-01 21:07:58,582 - INFO - Task 1 Iter 150/600 | lr=0.000427714 | acc=0.9691 | pos_cos=0.268427 | neg_cos=0.206738 | ref_L2=0.000028 | ref_cos=0.992709 | ref_KL=0.007062
2025-10-01 21:08:00,139 - INFO - Task 0 Iter 960/1200 | lr=9.7166e-06 | acc=0.6166 | pos_cos=0.297611 | neg_cos=0.234939 | ref_L2=0.000006 | ref_cos=0.998385 | ref_KL=0.001188
2025-10-01 21:08:00,259 - INFO - Task 0 Iter 910/1200 | lr=6.91937e-05 | acc=0.9130 | pos_cos=0.264206 | neg_cos=0.201579 | ref_L2=0.000023 | ref_cos=0.994017 | ref_KL=0.003796
2025-10-01 21:08:01,058 - INFO - Task 1 Iter 160/600 | lr=0.000418269 | acc=0.9751 | pos_cos=0.268932 | neg_cos=0.206990 | ref_L2=0.000028 | ref_cos=0.992849 | ref_KL=0.007258
2025-10-01 21:08:02,028 - INFO - Task 0 Iter 920/1200 | lr=6.47394e-05 | acc=0.9054 | pos_cos=0.266093 | neg_cos=0.203666 | ref_L2=0.000025 | ref_cos=0.993703 | ref_KL=0.003723
2025-10-01 21:08:02,958 - INFO - Task 1 Iter 170/600 | lr=0.000408364 | acc=0.9748 | pos_cos=0.268229 | neg_cos=0.206408 | ref_L2=0.000028 | ref_cos=0.992732 | ref_KL=0.007789
2025-10-01 21:08:03,262 - INFO - Task 0 Iter 970/1200 | lr=8.95911e-06 | acc=0.6076 | pos_cos=0.295279 | neg_cos=0.234323 | ref_L2=0.000006 | ref_cos=0.998386 | ref_KL=0.001379
2025-10-01 21:08:04,078 - INFO - Task 0 Iter 930/1200 | lr=6.04122e-05 | acc=0.9029 | pos_cos=0.264117 | neg_cos=0.201680 | ref_L2=0.000025 | ref_cos=0.993656 | ref_KL=0.003288
2025-10-01 21:08:04,754 - INFO - Task 1 Iter 180/600 | lr=0.000398024 | acc=0.9713 | pos_cos=0.267252 | neg_cos=0.205827 | ref_L2=0.000027 | ref_cos=0.993008 | ref_KL=0.006530
2025-10-01 21:08:05,222 - INFO - Task 0 Iter 980/1200 | lr=8.22977e-06 | acc=0.6141 | pos_cos=0.296467 | neg_cos=0.235103 | ref_L2=0.000007 | ref_cos=0.998264 | ref_KL=0.001180
2025-10-01 21:08:06,204 - INFO - Task 0 Iter 940/1200 | lr=5.62148e-05 | acc=0.9086 | pos_cos=0.260747 | neg_cos=0.198127 | ref_L2=0.000023 | ref_cos=0.994011 | ref_KL=0.003572
2025-10-01 21:08:06,500 - INFO - Task 1 Iter 190/600 | lr=0.000387278 | acc=0.9712 | pos_cos=0.266826 | neg_cos=0.205555 | ref_L2=0.000028 | ref_cos=0.992950 | ref_KL=0.007343
2025-10-01 21:08:07,915 - INFO - Task 0 Iter 990/1200 | lr=7.5291e-06 | acc=0.6094 | pos_cos=0.296158 | neg_cos=0.234709 | ref_L2=0.000007 | ref_cos=0.998333 | ref_KL=0.001043
2025-10-01 21:08:09,573 - INFO - Task 1 Iter 200/600 | lr=0.000376157 | acc=0.9873 | pos_cos=0.266779 | neg_cos=0.205310 | ref_L2=0.000027 | ref_cos=0.992994 | ref_KL=0.007709
2025-10-01 21:08:09,639 - INFO - Task 0 Iter 950/1200 | lr=5.21504e-05 | acc=0.9153 | pos_cos=0.262390 | neg_cos=0.199997 | ref_L2=0.000023 | ref_cos=0.994136 | ref_KL=0.003869
2025-10-01 21:08:10,322 - INFO - Task 0 Iter 1000/1200 | lr=6.85756e-06 | acc=0.6466 | pos_cos=0.297017 | neg_cos=0.235454 | ref_L2=0.000006 | ref_cos=0.998383 | ref_KL=0.001158
2025-10-01 21:08:11,615 - INFO - Task 1 Iter 210/600 | lr=0.000364689 | acc=0.9837 | pos_cos=0.267968 | neg_cos=0.205757 | ref_L2=0.000027 | ref_cos=0.993005 | ref_KL=0.007248
2025-10-01 21:08:11,972 - INFO - Task 0 Iter 960/1200 | lr=4.82215e-05 | acc=0.9131 | pos_cos=0.263529 | neg_cos=0.201229 | ref_L2=0.000023 | ref_cos=0.993993 | ref_KL=0.003915
2025-10-01 21:08:12,858 - INFO - Task 0 Iter 1010/1200 | lr=6.21563e-06 | acc=0.6267 | pos_cos=0.297618 | neg_cos=0.235395 | ref_L2=0.000006 | ref_cos=0.998351 | ref_KL=0.001274
2025-10-01 21:08:13,505 - INFO - Task 1 Iter 220/600 | lr=0.000352908 | acc=0.9943 | pos_cos=0.268376 | neg_cos=0.206813 | ref_L2=0.000027 | ref_cos=0.993130 | ref_KL=0.006426
2025-10-01 21:08:14,731 - INFO - Task 0 Iter 970/1200 | lr=4.4431e-05 | acc=0.9296 | pos_cos=0.261627 | neg_cos=0.199261 | ref_L2=0.000023 | ref_cos=0.994033 | ref_KL=0.003915
2025-10-01 21:08:15,062 - INFO - Task 0 Iter 1020/1200 | lr=5.60374e-06 | acc=0.6111 | pos_cos=0.297072 | neg_cos=0.235525 | ref_L2=0.000007 | ref_cos=0.998307 | ref_KL=0.001318
2025-10-01 21:08:15,695 - INFO - Task 1 Iter 230/600 | lr=0.000340845 | acc=0.9901 | pos_cos=0.267811 | neg_cos=0.206518 | ref_L2=0.000026 | ref_cos=0.993348 | ref_KL=0.005376
2025-10-01 21:08:16,714 - INFO - Task 0 Iter 980/1200 | lr=4.07814e-05 | acc=0.9214 | pos_cos=0.261784 | neg_cos=0.199091 | ref_L2=0.000024 | ref_cos=0.993768 | ref_KL=0.003442
2025-10-01 21:08:17,604 - INFO - Task 1 Iter 240/600 | lr=0.000328532 | acc=0.9846 | pos_cos=0.267315 | neg_cos=0.206081 | ref_L2=0.000027 | ref_cos=0.993127 | ref_KL=0.007146
2025-10-01 21:08:18,351 - INFO - Task 0 Iter 1030/1200 | lr=5.02232e-06 | acc=0.6295 | pos_cos=0.295960 | neg_cos=0.234192 | ref_L2=0.000006 | ref_cos=0.998350 | ref_KL=0.001169
2025-10-01 21:08:19,339 - INFO - Task 1 Iter 250/600 | lr=0.000316005 | acc=0.9792 | pos_cos=0.267518 | neg_cos=0.205873 | ref_L2=0.000028 | ref_cos=0.992935 | ref_KL=0.007031
2025-10-01 21:08:19,340 - INFO - Task 0 Iter 990/1200 | lr=3.72752e-05 | acc=0.9196 | pos_cos=0.260978 | neg_cos=0.198347 | ref_L2=0.000024 | ref_cos=0.993889 | ref_KL=0.003070
2025-10-01 21:08:20,244 - INFO - Task 0 Iter 1040/1200 | lr=4.47175e-06 | acc=0.6481 | pos_cos=0.298350 | neg_cos=0.235531 | ref_L2=0.000007 | ref_cos=0.998218 | ref_KL=0.001301
2025-10-01 21:08:21,662 - INFO - Task 1 Iter 260/600 | lr=0.000303297 | acc=0.9877 | pos_cos=0.266571 | neg_cos=0.204937 | ref_L2=0.000026 | ref_cos=0.993316 | ref_KL=0.005805
2025-10-01 21:08:21,730 - INFO - Task 0 Iter 1000/1200 | lr=3.39149e-05 | acc=0.9357 | pos_cos=0.262299 | neg_cos=0.199706 | ref_L2=0.000023 | ref_cos=0.994002 | ref_KL=0.003673
2025-10-01 21:08:22,354 - INFO - Task 0 Iter 1050/1200 | lr=3.95242e-06 | acc=0.6278 | pos_cos=0.295435 | neg_cos=0.233215 | ref_L2=0.000007 | ref_cos=0.998268 | ref_KL=0.001221
2025-10-01 21:08:23,437 - INFO - Task 1 Iter 270/600 | lr=0.000290443 | acc=0.9900 | pos_cos=0.266204 | neg_cos=0.204548 | ref_L2=0.000026 | ref_cos=0.993426 | ref_KL=0.010970
2025-10-01 21:08:24,099 - INFO - Task 0 Iter 1010/1200 | lr=3.07027e-05 | acc=0.9308 | pos_cos=0.261381 | neg_cos=0.198668 | ref_L2=0.000024 | ref_cos=0.993820 | ref_KL=0.004048
2025-10-01 21:08:25,545 - INFO - Task 1 Iter 280/600 | lr=0.000277478 | acc=0.9890 | pos_cos=0.265747 | neg_cos=0.204097 | ref_L2=0.000027 | ref_cos=0.993196 | ref_KL=0.007238
2025-10-01 21:08:25,897 - INFO - Task 0 Iter 1060/1200 | lr=3.46468e-06 | acc=0.6736 | pos_cos=0.295297 | neg_cos=0.233492 | ref_L2=0.000006 | ref_cos=0.998357 | ref_KL=0.001252
2025-10-01 21:08:26,368 - INFO - Task 0 Iter 1020/1200 | lr=2.76408e-05 | acc=0.9377 | pos_cos=0.262444 | neg_cos=0.199582 | ref_L2=0.000024 | ref_cos=0.993739 | ref_KL=0.003794
2025-10-01 21:08:28,171 - INFO - Task 0 Iter 1070/1200 | lr=3.00887e-06 | acc=0.6406 | pos_cos=0.294790 | neg_cos=0.233378 | ref_L2=0.000006 | ref_cos=0.998369 | ref_KL=0.001405
2025-10-01 21:08:28,340 - INFO - Task 1 Iter 290/600 | lr=0.000264438 | acc=0.9859 | pos_cos=0.265966 | neg_cos=0.204283 | ref_L2=0.000027 | ref_cos=0.993170 | ref_KL=0.006172
2025-10-01 21:08:29,166 - INFO - Task 0 Iter 1030/1200 | lr=2.47313e-05 | acc=0.9237 | pos_cos=0.260776 | neg_cos=0.198291 | ref_L2=0.000024 | ref_cos=0.993875 | ref_KL=0.003305
2025-10-01 21:08:30,415 - INFO - Task 1 Iter 300/600 | lr=0.000251359 | acc=0.9892 | pos_cos=0.264333 | neg_cos=0.203198 | ref_L2=0.000026 | ref_cos=0.993285 | ref_KL=0.007548
2025-10-01 21:08:30,790 - INFO - Task 0 Iter 1080/1200 | lr=2.5853e-06 | acc=0.6421 | pos_cos=0.295907 | neg_cos=0.234006 | ref_L2=0.000007 | ref_cos=0.998301 | ref_KL=0.001417
2025-10-01 21:08:31,266 - INFO - Task 0 Iter 1040/1200 | lr=2.19763e-05 | acc=0.9211 | pos_cos=0.262286 | neg_cos=0.200008 | ref_L2=0.000025 | ref_cos=0.993521 | ref_KL=0.003516
2025-10-01 21:08:32,785 - INFO - Task 1 Iter 310/600 | lr=0.000238276 | acc=0.9907 | pos_cos=0.264617 | neg_cos=0.203697 | ref_L2=0.000027 | ref_cos=0.993154 | ref_KL=0.005999
2025-10-01 21:08:33,229 - INFO - Task 0 Iter 1050/1200 | lr=1.93775e-05 | acc=0.9117 | pos_cos=0.258516 | neg_cos=0.196266 | ref_L2=0.000025 | ref_cos=0.993619 | ref_KL=0.003696
2025-10-01 21:08:34,075 - INFO - Task 0 Iter 1090/1200 | lr=2.19426e-06 | acc=0.6227 | pos_cos=0.295132 | neg_cos=0.233470 | ref_L2=0.000007 | ref_cos=0.998295 | ref_KL=0.001291
2025-10-01 21:08:34,592 - INFO - Task 1 Iter 320/600 | lr=0.000225225 | acc=0.9939 | pos_cos=0.266450 | neg_cos=0.205104 | ref_L2=0.000026 | ref_cos=0.993425 | ref_KL=0.004814
2025-10-01 21:08:35,926 - INFO - Task 0 Iter 1100/1200 | lr=1.83602e-06 | acc=0.5803 | pos_cos=0.293200 | neg_cos=0.232504 | ref_L2=0.000006 | ref_cos=0.998351 | ref_KL=0.001294
2025-10-01 21:08:36,846 - INFO - Task 0 Iter 1060/1200 | lr=1.69369e-05 | acc=0.9265 | pos_cos=0.259703 | neg_cos=0.197158 | ref_L2=0.000023 | ref_cos=0.993992 | ref_KL=0.003797
2025-10-01 21:08:37,077 - INFO - Task 1 Iter 330/600 | lr=0.000212242 | acc=0.9909 | pos_cos=0.266884 | neg_cos=0.205728 | ref_L2=0.000026 | ref_cos=0.993449 | ref_KL=0.004420
2025-10-01 21:08:38,012 - INFO - Task 0 Iter 1110/1200 | lr=1.51082e-06 | acc=0.6075 | pos_cos=0.295521 | neg_cos=0.233454 | ref_L2=0.000007 | ref_cos=0.998299 | ref_KL=0.001393
2025-10-01 21:08:38,885 - INFO - Task 0 Iter 1070/1200 | lr=1.4656e-05 | acc=0.9286 | pos_cos=0.259625 | neg_cos=0.197139 | ref_L2=0.000024 | ref_cos=0.993962 | ref_KL=0.003707
2025-10-01 21:08:39,050 - INFO - Task 1 Iter 340/600 | lr=0.000199363 | acc=0.9955 | pos_cos=0.266957 | neg_cos=0.206077 | ref_L2=0.000025 | ref_cos=0.993487 | ref_KL=0.004797
2025-10-01 21:08:40,196 - INFO - Task 0 Iter 1120/1200 | lr=1.21888e-06 | acc=0.6093 | pos_cos=0.296657 | neg_cos=0.233729 | ref_L2=0.000007 | ref_cos=0.998295 | ref_KL=0.001334
2025-10-01 21:08:40,772 - INFO - Task 1 Iter 350/600 | lr=0.000186623 | acc=0.9893 | pos_cos=0.266833 | neg_cos=0.205910 | ref_L2=0.000024 | ref_cos=0.993757 | ref_KL=0.005039
2025-10-01 21:08:41,105 - INFO - Task 0 Iter 1080/1200 | lr=1.25364e-05 | acc=0.9147 | pos_cos=0.259886 | neg_cos=0.197370 | ref_L2=0.000024 | ref_cos=0.993845 | ref_KL=0.004300
2025-10-01 21:08:42,533 - INFO - Task 1 Iter 360/600 | lr=0.000174057 | acc=0.9910 | pos_cos=0.266624 | neg_cos=0.205269 | ref_L2=0.000026 | ref_cos=0.993269 | ref_KL=0.004254
2025-10-01 21:08:42,614 - INFO - Task 0 Iter 1130/1200 | lr=9.60416e-07 | acc=0.6396 | pos_cos=0.296533 | neg_cos=0.233663 | ref_L2=0.000007 | ref_cos=0.998299 | ref_KL=0.001174
2025-10-01 21:08:44,351 - INFO - Task 1 Iter 370/600 | lr=0.000161699 | acc=0.9968 | pos_cos=0.265765 | neg_cos=0.204880 | ref_L2=0.000026 | ref_cos=0.993397 | ref_KL=0.006202
2025-10-01 21:08:44,663 - INFO - Task 0 Iter 1090/1200 | lr=1.05797e-05 | acc=0.9338 | pos_cos=0.258378 | neg_cos=0.195987 | ref_L2=0.000025 | ref_cos=0.993656 | ref_KL=0.003851
2025-10-01 21:08:44,664 - INFO - Task 0 Iter 1140/1200 | lr=7.35593e-07 | acc=0.6397 | pos_cos=0.296303 | neg_cos=0.233155 | ref_L2=0.000007 | ref_cos=0.998265 | ref_KL=0.001286
2025-10-01 21:08:46,086 - INFO - Task 1 Iter 380/600 | lr=0.000149583 | acc=0.9904 | pos_cos=0.266301 | neg_cos=0.205537 | ref_L2=0.000025 | ref_cos=0.993473 | ref_KL=0.005148
2025-10-01 21:08:46,622 - INFO - Task 0 Iter 1100/1200 | lr=8.78703e-06 | acc=0.9342 | pos_cos=0.256415 | neg_cos=0.193607 | ref_L2=0.000024 | ref_cos=0.993857 | ref_KL=0.003700
2025-10-01 21:08:47,027 - INFO - Task 0 Iter 1150/1200 | lr=5.44568e-07 | acc=0.6408 | pos_cos=0.294886 | neg_cos=0.233273 | ref_L2=0.000006 | ref_cos=0.998354 | ref_KL=0.001281
2025-10-01 21:08:48,881 - INFO - Task 0 Iter 1110/1200 | lr=7.15973e-06 | acc=0.9284 | pos_cos=0.257927 | neg_cos=0.195330 | ref_L2=0.000024 | ref_cos=0.993928 | ref_KL=0.003564
2025-10-01 21:08:49,014 - INFO - Task 1 Iter 390/600 | lr=0.000137743 | acc=0.9948 | pos_cos=0.266295 | neg_cos=0.205527 | ref_L2=0.000025 | ref_cos=0.993712 | ref_KL=0.005340
2025-10-01 21:08:50,792 - INFO - Task 1 Iter 400/600 | lr=0.00012621 | acc=0.9963 | pos_cos=0.265500 | neg_cos=0.204846 | ref_L2=0.000025 | ref_cos=0.993619 | ref_KL=0.004297
2025-10-01 21:08:50,887 - INFO - Task 0 Iter 1120/1200 | lr=5.6989e-06 | acc=0.9225 | pos_cos=0.259688 | neg_cos=0.196971 | ref_L2=0.000024 | ref_cos=0.993786 | ref_KL=0.003403
2025-10-01 21:08:51,735 - INFO - Task 0 Iter 1160/1200 | lr=3.87471e-07 | acc=0.6197 | pos_cos=0.295585 | neg_cos=0.232998 | ref_L2=0.000006 | ref_cos=0.998340 | ref_KL=0.001233
2025-10-01 21:08:52,748 - INFO - Task 1 Iter 410/600 | lr=0.000115017 | acc=0.9941 | pos_cos=0.266223 | neg_cos=0.205244 | ref_L2=0.000025 | ref_cos=0.993487 | ref_KL=0.004148
2025-10-01 21:08:53,511 - INFO - Task 0 Iter 1130/1200 | lr=4.40553e-06 | acc=0.9345 | pos_cos=0.259773 | neg_cos=0.196895 | ref_L2=0.000024 | ref_cos=0.993784 | ref_KL=0.003219
2025-10-01 21:08:53,994 - INFO - Task 0 Iter 1170/1200 | lr=2.6441e-07 | acc=0.6063 | pos_cos=0.295108 | neg_cos=0.233148 | ref_L2=0.000007 | ref_cos=0.998317 | ref_KL=0.001294
2025-10-01 21:08:54,671 - INFO - Task 1 Iter 420/600 | lr=0.000104194 | acc=0.9925 | pos_cos=0.266208 | neg_cos=0.205425 | ref_L2=0.000026 | ref_cos=0.993469 | ref_KL=0.005990
2025-10-01 21:08:56,123 - INFO - Task 0 Iter 1140/1200 | lr=3.28051e-06 | acc=0.9273 | pos_cos=0.260616 | neg_cos=0.197845 | ref_L2=0.000025 | ref_cos=0.993682 | ref_KL=0.003946
2025-10-01 21:08:56,451 - INFO - Task 0 Iter 1180/1200 | lr=1.7547e-07 | acc=0.6291 | pos_cos=0.295736 | neg_cos=0.234239 | ref_L2=0.000007 | ref_cos=0.998289 | ref_KL=0.001400
2025-10-01 21:08:56,671 - INFO - Task 1 Iter 430/600 | lr=9.37706e-05 | acc=0.9906 | pos_cos=0.265957 | neg_cos=0.204889 | ref_L2=0.000025 | ref_cos=0.993566 | ref_KL=0.004924
2025-10-01 21:08:58,527 - INFO - Task 1 Iter 440/600 | lr=8.37757e-05 | acc=0.9967 | pos_cos=0.265252 | neg_cos=0.204607 | ref_L2=0.000025 | ref_cos=0.993664 | ref_KL=0.004182
2025-10-01 21:08:58,875 - INFO - Task 0 Iter 1150/1200 | lr=2.32462e-06 | acc=0.9166 | pos_cos=0.259466 | neg_cos=0.196953 | ref_L2=0.000024 | ref_cos=0.993925 | ref_KL=0.003696
2025-10-01 21:08:58,927 - INFO - Task 0 Iter 1190/1200 | lr=1.20711e-07 | acc=0.6175 | pos_cos=0.296016 | neg_cos=0.234335 | ref_L2=0.000007 | ref_cos=0.998318 | ref_KL=0.001200
2025-10-01 21:09:01,024 - INFO - Task 1 Iter 450/600 | lr=7.42365e-05 | acc=0.9960 | pos_cos=0.265649 | neg_cos=0.204756 | ref_L2=0.000025 | ref_cos=0.993670 | ref_KL=0.004281
2025-10-01 21:09:01,160 - INFO - Task 0 Iter 1200/1200 | lr=1.00171e-07 | acc=0.6362 | pos_cos=0.295818 | neg_cos=0.233277 | ref_L2=0.000007 | ref_cos=0.998308 | ref_KL=0.001229
2025-10-01 21:09:01,978 - INFO - Task 0 finished | total: 295.45 s | train: 294.63 s | drift: 0.00 s
2025-10-01 21:09:02,882 - INFO - Task 1 Iter 460/600 | lr=6.51792e-05 | acc=0.9958 | pos_cos=0.265527 | neg_cos=0.204803 | ref_L2=0.000026 | ref_cos=0.993299 | ref_KL=0.004822
2025-10-01 21:09:03,210 - INFO - Task 0 Iter 1160/1200 | lr=1.5385e-06 | acc=0.9335 | pos_cos=0.258999 | neg_cos=0.196247 | ref_L2=0.000024 | ref_cos=0.993879 | ref_KL=0.003506
2025-10-01 21:09:04,635 - INFO - Task 1 Iter 470/600 | lr=5.66286e-05 | acc=0.9985 | pos_cos=0.266447 | neg_cos=0.205538 | ref_L2=0.000025 | ref_cos=0.993644 | ref_KL=0.003774
2025-10-01 21:09:05,340 - INFO - Task 0 Iter 1170/1200 | lr=9.22707e-07 | acc=0.9301 | pos_cos=0.257593 | neg_cos=0.195464 | ref_L2=0.000024 | ref_cos=0.993870 | ref_KL=0.003595
2025-10-01 21:09:06,360 - INFO - Task 1 Iter 480/600 | lr=4.86082e-05 | acc=0.9995 | pos_cos=0.266280 | neg_cos=0.205549 | ref_L2=0.000024 | ref_cos=0.993895 | ref_KL=0.003332
2025-10-01 21:09:07,441 - INFO - Task 0 Iter 1180/1200 | lr=4.7765e-07 | acc=0.9286 | pos_cos=0.259746 | neg_cos=0.197249 | ref_L2=0.000024 | ref_cos=0.993808 | ref_KL=0.003814
2025-10-01 21:09:08,755 - INFO - Task 1 Iter 490/600 | lr=4.114e-05 | acc=0.9975 | pos_cos=0.265620 | neg_cos=0.204926 | ref_L2=0.000024 | ref_cos=0.993738 | ref_KL=0.003411
2025-10-01 21:09:10,001 - INFO - Task 0 Iter 1190/1200 | lr=2.03637e-07 | acc=0.9208 | pos_cos=0.259570 | neg_cos=0.197216 | ref_L2=0.000024 | ref_cos=0.993853 | ref_KL=0.003421
2025-10-01 21:09:10,511 - INFO - Task 1 Iter 500/600 | lr=3.42443e-05 | acc=0.9960 | pos_cos=0.266072 | neg_cos=0.205301 | ref_L2=0.000024 | ref_cos=0.993783 | ref_KL=0.003777
2025-10-01 21:09:12,144 - INFO - Task 0 Iter 1200/1200 | lr=1.00857e-07 | acc=0.9298 | pos_cos=0.259137 | neg_cos=0.196445 | ref_L2=0.000024 | ref_cos=0.993914 | ref_KL=0.003507
2025-10-01 21:09:12,215 - INFO - Task 1 Iter 510/600 | lr=2.79401e-05 | acc=0.9968 | pos_cos=0.265627 | neg_cos=0.204957 | ref_L2=0.000024 | ref_cos=0.993737 | ref_KL=0.003943
2025-10-01 21:09:12,712 - INFO - Task 0 finished | total: 292.54 s | train: 291.97 s | drift: 0.00 s
2025-10-01 21:09:14,593 - INFO - Task 1 Iter 520/600 | lr=2.22448e-05 | acc=0.9946 | pos_cos=0.265241 | neg_cos=0.204798 | ref_L2=0.000025 | ref_cos=0.993606 | ref_KL=0.003495
2025-10-01 21:09:16,235 - INFO - Task 1 Iter 530/600 | lr=1.71738e-05 | acc=0.9981 | pos_cos=0.266343 | neg_cos=0.205478 | ref_L2=0.000024 | ref_cos=0.993753 | ref_KL=0.003706
2025-10-01 21:09:17,883 - INFO - Task 1 Iter 540/600 | lr=1.27411e-05 | acc=0.9993 | pos_cos=0.265732 | neg_cos=0.204888 | ref_L2=0.000025 | ref_cos=0.993684 | ref_KL=0.003505
2025-10-01 21:09:19,523 - INFO - Task 1 Iter 550/600 | lr=8.95887e-06 | acc=0.9975 | pos_cos=0.266166 | neg_cos=0.205422 | ref_L2=0.000024 | ref_cos=0.993862 | ref_KL=0.005275
2025-10-01 21:09:21,165 - INFO - Task 1 Iter 560/600 | lr=5.83746e-06 | acc=0.9991 | pos_cos=0.266001 | neg_cos=0.205433 | ref_L2=0.000024 | ref_cos=0.993771 | ref_KL=0.003987
2025-10-01 21:09:22,815 - INFO - Task 1 Iter 570/600 | lr=3.38541e-06 | acc=0.9997 | pos_cos=0.265862 | neg_cos=0.205283 | ref_L2=0.000026 | ref_cos=0.993337 | ref_KL=0.003748
2025-10-01 21:09:24,573 - INFO - Starting task 2/8: caltech-101 (train=3060, test=6084, classes=102)
2025-10-01 21:09:25,705 - INFO - Task 1 Iter 580/600 | lr=1.60946e-06 | acc=0.9999 | pos_cos=0.266044 | neg_cos=0.205364 | ref_L2=0.000025 | ref_cos=0.993711 | ref_KL=0.003476
2025-10-01 21:09:27,407 - INFO - Task 1 Iter 590/600 | lr=5.14463e-07 | acc=1.0000 | pos_cos=0.265820 | neg_cos=0.205060 | ref_L2=0.000025 | ref_cos=0.993600 | ref_KL=0.003412
2025-10-01 21:09:27,947 - INFO - Task 1 Iter 10/1200 | lr=9.99861e-05 | acc=0.8006 | pos_cos=0.304713 | neg_cos=0.205976 | ref_L2=0.000007 | ref_cos=0.998167 | ref_KL=0.001382
2025-10-01 21:09:29,097 - INFO - Task 1 Iter 600/600 | lr=1.03426e-07 | acc=1.0000 | pos_cos=0.265781 | neg_cos=0.204796 | ref_L2=0.000025 | ref_cos=0.993534 | ref_KL=0.003557
2025-10-01 21:09:29,252 - INFO - Task 1 finished | total: 123.08 s | train: 122.93 s | drift: 0.00 s
2025-10-01 21:09:29,718 - INFO - Task 1 Iter 20/1200 | lr=9.99382e-05 | acc=0.8514 | pos_cos=0.305808 | neg_cos=0.198700 | ref_L2=0.000008 | ref_cos=0.998022 | ref_KL=0.001963
2025-10-01 21:09:31,434 - INFO - Task 1 Iter 30/1200 | lr=9.98561e-05 | acc=0.8964 | pos_cos=0.304938 | neg_cos=0.198492 | ref_L2=0.000010 | ref_cos=0.997521 | ref_KL=0.003268
2025-10-01 21:09:32,414 - INFO - Starting task 2/8: caltech-101 (train=3060, test=6084, classes=102)
2025-10-01 21:09:33,128 - INFO - Task 1 Iter 40/1200 | lr=9.97399e-05 | acc=0.9169 | pos_cos=0.301859 | neg_cos=0.202393 | ref_L2=0.000014 | ref_cos=0.996529 | ref_KL=0.004559
2025-10-01 21:09:35,005 - INFO - Task 1 Iter 50/1200 | lr=9.95896e-05 | acc=0.9128 | pos_cos=0.292919 | neg_cos=0.208494 | ref_L2=0.000021 | ref_cos=0.994704 | ref_KL=0.006732
2025-10-01 21:09:35,618 - INFO - Task 1 Iter 10/1200 | lr=0.000499931 | acc=0.9029 | pos_cos=0.286233 | neg_cos=0.194602 | ref_L2=0.000028 | ref_cos=0.992884 | ref_KL=0.007409
2025-10-01 21:09:36,898 - INFO - Task 1 Iter 60/1200 | lr=9.94053e-05 | acc=0.9050 | pos_cos=0.285969 | neg_cos=0.212446 | ref_L2=0.000024 | ref_cos=0.993780 | ref_KL=0.008578
2025-10-01 21:09:37,432 - INFO - Task 1 Iter 20/1200 | lr=0.000499691 | acc=0.8788 | pos_cos=0.281191 | neg_cos=0.204994 | ref_L2=0.000049 | ref_cos=0.987546 | ref_KL=0.023101
2025-10-01 21:09:39,106 - INFO - Task 1 Iter 30/1200 | lr=0.00049928 | acc=0.9092 | pos_cos=0.278678 | neg_cos=0.206219 | ref_L2=0.000052 | ref_cos=0.986595 | ref_KL=0.018862
2025-10-01 21:09:39,354 - INFO - Task 1 Iter 70/1200 | lr=9.91872e-05 | acc=0.8951 | pos_cos=0.284161 | neg_cos=0.212536 | ref_L2=0.000022 | ref_cos=0.994324 | ref_KL=0.006486
2025-10-01 21:09:40,255 - INFO - Starting task 3/8: dtd (train=1880, test=1880, classes=47)
2025-10-01 21:09:40,869 - INFO - Task 1 Iter 40/1200 | lr=0.000498698 | acc=0.9041 | pos_cos=0.274865 | neg_cos=0.207372 | ref_L2=0.000049 | ref_cos=0.987339 | ref_KL=0.015756
2025-10-01 21:09:41,214 - INFO - Task 1 Iter 80/1200 | lr=9.89355e-05 | acc=0.8945 | pos_cos=0.281720 | neg_cos=0.212529 | ref_L2=0.000021 | ref_cos=0.994664 | ref_KL=0.005758
2025-10-01 21:09:42,706 - INFO - Task 1 Iter 50/1200 | lr=0.000497946 | acc=0.9228 | pos_cos=0.272577 | neg_cos=0.207481 | ref_L2=0.000045 | ref_cos=0.988486 | ref_KL=0.013462
2025-10-01 21:09:43,329 - INFO - Task 1 Iter 90/1200 | lr=9.86502e-05 | acc=0.8973 | pos_cos=0.279642 | neg_cos=0.213419 | ref_L2=0.000018 | ref_cos=0.995435 | ref_KL=0.004583
2025-10-01 21:09:43,870 - INFO - Task 2 Iter 10/600 | lr=0.000499723 | acc=0.6671 | pos_cos=0.272287 | neg_cos=0.231699 | ref_L2=0.000026 | ref_cos=0.993278 | ref_KL=0.005864
2025-10-01 21:09:44,705 - INFO - Task 1 Iter 60/1200 | lr=0.000497024 | acc=0.9177 | pos_cos=0.272808 | neg_cos=0.208512 | ref_L2=0.000041 | ref_cos=0.989382 | ref_KL=0.013513
2025-10-01 21:09:45,701 - INFO - Task 2 Iter 20/600 | lr=0.000498764 | acc=0.5380 | pos_cos=0.273115 | neg_cos=0.236181 | ref_L2=0.000030 | ref_cos=0.992335 | ref_KL=0.007481
2025-10-01 21:09:46,263 - INFO - Task 1 Iter 100/1200 | lr=9.83317e-05 | acc=0.9122 | pos_cos=0.280109 | neg_cos=0.212417 | ref_L2=0.000016 | ref_cos=0.995848 | ref_KL=0.004125
2025-10-01 21:09:47,558 - INFO - Task 1 Iter 70/1200 | lr=0.000495933 | acc=0.9162 | pos_cos=0.270181 | neg_cos=0.207466 | ref_L2=0.000038 | ref_cos=0.990292 | ref_KL=0.010603
2025-10-01 21:09:47,670 - INFO - Task 2 Iter 30/600 | lr=0.000497124 | acc=0.5419 | pos_cos=0.276392 | neg_cos=0.237614 | ref_L2=0.000034 | ref_cos=0.991347 | ref_KL=0.007779
2025-10-01 21:09:48,446 - INFO - Task 1 Iter 110/1200 | lr=9.798e-05 | acc=0.9234 | pos_cos=0.279430 | neg_cos=0.212616 | ref_L2=0.000015 | ref_cos=0.996036 | ref_KL=0.003991
2025-10-01 21:09:49,365 - INFO - Task 1 Iter 80/1200 | lr=0.000494673 | acc=0.9255 | pos_cos=0.268595 | neg_cos=0.205012 | ref_L2=0.000039 | ref_cos=0.989904 | ref_KL=0.012623
2025-10-01 21:09:49,423 - INFO - Task 2 Iter 40/600 | lr=0.000494807 | acc=0.5543 | pos_cos=0.277667 | neg_cos=0.238721 | ref_L2=0.000037 | ref_cos=0.990415 | ref_KL=0.008196
2025-10-01 21:09:50,733 - INFO - Task 1 Iter 120/1200 | lr=9.75955e-05 | acc=0.9263 | pos_cos=0.277050 | neg_cos=0.211853 | ref_L2=0.000015 | ref_cos=0.996276 | ref_KL=0.003855
2025-10-01 21:09:51,172 - INFO - Task 2 Iter 50/600 | lr=0.000491819 | acc=0.6034 | pos_cos=0.279130 | neg_cos=0.238279 | ref_L2=0.000040 | ref_cos=0.989776 | ref_KL=0.009807
2025-10-01 21:09:51,428 - INFO - Task 1 Iter 90/1200 | lr=0.000493246 | acc=0.9271 | pos_cos=0.267388 | neg_cos=0.205212 | ref_L2=0.000038 | ref_cos=0.990155 | ref_KL=0.010863
2025-10-01 21:09:53,644 - INFO - Task 2 Iter 60/600 | lr=0.000488168 | acc=0.6250 | pos_cos=0.280869 | neg_cos=0.239056 | ref_L2=0.000043 | ref_cos=0.989048 | ref_KL=0.011385
2025-10-01 21:09:53,807 - INFO - Task 1 Iter 130/1200 | lr=9.71784e-05 | acc=0.9389 | pos_cos=0.276942 | neg_cos=0.211289 | ref_L2=0.000013 | ref_cos=0.996546 | ref_KL=0.003310
2025-10-01 21:09:53,867 - INFO - Task 1 Iter 100/1200 | lr=0.000491652 | acc=0.9490 | pos_cos=0.268173 | neg_cos=0.204955 | ref_L2=0.000038 | ref_cos=0.990163 | ref_KL=0.009098
2025-10-01 21:09:55,909 - INFO - Task 1 Iter 140/1200 | lr=9.6729e-05 | acc=0.9201 | pos_cos=0.275272 | neg_cos=0.210695 | ref_L2=0.000013 | ref_cos=0.996549 | ref_KL=0.003184
2025-10-01 21:09:55,940 - INFO - Task 1 Iter 110/1200 | lr=0.000489892 | acc=0.9613 | pos_cos=0.268858 | neg_cos=0.205656 | ref_L2=0.000039 | ref_cos=0.990089 | ref_KL=0.010231
2025-10-01 21:09:56,291 - INFO - Task 2 Iter 70/600 | lr=0.000483864 | acc=0.7215 | pos_cos=0.284026 | neg_cos=0.238076 | ref_L2=0.000041 | ref_cos=0.989545 | ref_KL=0.010112
2025-10-01 21:09:57,829 - INFO - Task 1 Iter 150/1200 | lr=9.62477e-05 | acc=0.9223 | pos_cos=0.273939 | neg_cos=0.209647 | ref_L2=0.000012 | ref_cos=0.996861 | ref_KL=0.002963
2025-10-01 21:09:58,150 - INFO - Task 1 Iter 120/1200 | lr=0.000487968 | acc=0.9698 | pos_cos=0.268157 | neg_cos=0.206192 | ref_L2=0.000037 | ref_cos=0.990418 | ref_KL=0.009729
2025-10-01 21:09:58,304 - INFO - Task 2 Iter 80/600 | lr=0.00047892 | acc=0.7646 | pos_cos=0.284855 | neg_cos=0.235549 | ref_L2=0.000041 | ref_cos=0.989568 | ref_KL=0.009420
2025-10-01 21:09:59,843 - INFO - Task 1 Iter 160/1200 | lr=9.57346e-05 | acc=0.9231 | pos_cos=0.273261 | neg_cos=0.207982 | ref_L2=0.000012 | ref_cos=0.996803 | ref_KL=0.003525
2025-10-01 21:10:00,166 - INFO - Task 2 Iter 90/600 | lr=0.000473348 | acc=0.7906 | pos_cos=0.285627 | neg_cos=0.235649 | ref_L2=0.000042 | ref_cos=0.989142 | ref_KL=0.010194
2025-10-01 21:10:00,735 - INFO - Task 1 Iter 130/1200 | lr=0.000485881 | acc=0.9655 | pos_cos=0.267350 | neg_cos=0.204912 | ref_L2=0.000036 | ref_cos=0.990838 | ref_KL=0.008124
2025-10-01 21:10:01,882 - INFO - Task 2 Iter 100/600 | lr=0.000467164 | acc=0.8043 | pos_cos=0.287074 | neg_cos=0.236130 | ref_L2=0.000044 | ref_cos=0.988763 | ref_KL=0.009761
2025-10-01 21:10:01,974 - INFO - Task 1 Iter 170/1200 | lr=9.51903e-05 | acc=0.9180 | pos_cos=0.272585 | neg_cos=0.208990 | ref_L2=0.000012 | ref_cos=0.996914 | ref_KL=0.002836
2025-10-01 21:10:02,491 - INFO - Task 1 Iter 140/1200 | lr=0.000483632 | acc=0.9531 | pos_cos=0.265736 | neg_cos=0.203925 | ref_L2=0.000037 | ref_cos=0.990580 | ref_KL=0.008304
2025-10-01 21:10:03,945 - INFO - Task 1 Iter 180/1200 | lr=9.4615e-05 | acc=0.9073 | pos_cos=0.272313 | neg_cos=0.209684 | ref_L2=0.000012 | ref_cos=0.996905 | ref_KL=0.002883
2025-10-01 21:10:03,990 - INFO - Task 2 Iter 110/600 | lr=0.000460386 | acc=0.8105 | pos_cos=0.287153 | neg_cos=0.237240 | ref_L2=0.000044 | ref_cos=0.988787 | ref_KL=0.010881
2025-10-01 21:10:04,506 - INFO - Task 1 Iter 150/1200 | lr=0.000481223 | acc=0.9658 | pos_cos=0.265966 | neg_cos=0.203571 | ref_L2=0.000034 | ref_cos=0.991225 | ref_KL=0.010132
2025-10-01 21:10:05,841 - INFO - Task 1 Iter 190/1200 | lr=9.40092e-05 | acc=0.9323 | pos_cos=0.272544 | neg_cos=0.208705 | ref_L2=0.000011 | ref_cos=0.997219 | ref_KL=0.002558
2025-10-01 21:10:06,579 - INFO - Task 1 Iter 160/1200 | lr=0.000478656 | acc=0.9553 | pos_cos=0.265851 | neg_cos=0.203656 | ref_L2=0.000035 | ref_cos=0.991044 | ref_KL=0.008905
2025-10-01 21:10:06,898 - INFO - Task 2 Iter 120/600 | lr=0.00045303 | acc=0.8255 | pos_cos=0.288747 | neg_cos=0.236827 | ref_L2=0.000044 | ref_cos=0.988811 | ref_KL=0.012077
2025-10-01 21:10:08,577 - INFO - Task 1 Iter 170/1200 | lr=0.000475932 | acc=0.9507 | pos_cos=0.266996 | neg_cos=0.204751 | ref_L2=0.000035 | ref_cos=0.991023 | ref_KL=0.008694
2025-10-01 21:10:09,264 - INFO - Task 1 Iter 200/1200 | lr=9.33732e-05 | acc=0.9402 | pos_cos=0.272400 | neg_cos=0.207834 | ref_L2=0.000012 | ref_cos=0.997023 | ref_KL=0.002511
2025-10-01 21:10:09,535 - INFO - Task 2 Iter 130/600 | lr=0.000445119 | acc=0.9005 | pos_cos=0.288485 | neg_cos=0.235045 | ref_L2=0.000043 | ref_cos=0.988949 | ref_KL=0.010899
2025-10-01 21:10:10,666 - INFO - Task 1 Iter 180/1200 | lr=0.000473053 | acc=0.9615 | pos_cos=0.267407 | neg_cos=0.205714 | ref_L2=0.000034 | ref_cos=0.991314 | ref_KL=0.008567
2025-10-01 21:10:11,347 - INFO - Task 1 Iter 210/1200 | lr=9.27076e-05 | acc=0.9487 | pos_cos=0.272460 | neg_cos=0.209207 | ref_L2=0.000010 | ref_cos=0.997437 | ref_KL=0.002816
2025-10-01 21:10:11,457 - INFO - Task 2 Iter 140/600 | lr=0.000436672 | acc=0.9373 | pos_cos=0.288944 | neg_cos=0.234593 | ref_L2=0.000043 | ref_cos=0.988879 | ref_KL=0.009422
2025-10-01 21:10:13,024 - INFO - Task 1 Iter 190/1200 | lr=0.000470022 | acc=0.9702 | pos_cos=0.266402 | neg_cos=0.204810 | ref_L2=0.000033 | ref_cos=0.991572 | ref_KL=0.007498
2025-10-01 21:10:13,299 - INFO - Task 1 Iter 220/1200 | lr=9.20127e-05 | acc=0.9451 | pos_cos=0.272623 | neg_cos=0.209120 | ref_L2=0.000010 | ref_cos=0.997434 | ref_KL=0.002750
2025-10-01 21:10:13,625 - INFO - Task 2 Iter 150/600 | lr=0.000427714 | acc=0.9375 | pos_cos=0.288742 | neg_cos=0.234300 | ref_L2=0.000045 | ref_cos=0.988441 | ref_KL=0.008817
2025-10-01 21:10:15,026 - INFO - Task 1 Iter 230/1200 | lr=9.1289e-05 | acc=0.9396 | pos_cos=0.272013 | neg_cos=0.209060 | ref_L2=0.000010 | ref_cos=0.997382 | ref_KL=0.002129
2025-10-01 21:10:15,344 - INFO - Task 2 Iter 160/600 | lr=0.000418269 | acc=0.9401 | pos_cos=0.287406 | neg_cos=0.233315 | ref_L2=0.000047 | ref_cos=0.988054 | ref_KL=0.009829
2025-10-01 21:10:16,702 - INFO - Task 1 Iter 200/1200 | lr=0.000466839 | acc=0.9783 | pos_cos=0.266073 | neg_cos=0.204263 | ref_L2=0.000034 | ref_cos=0.991199 | ref_KL=0.006622
2025-10-01 21:10:16,975 - INFO - Task 1 Iter 240/1200 | lr=9.05371e-05 | acc=0.9327 | pos_cos=0.272471 | neg_cos=0.209003 | ref_L2=0.000010 | ref_cos=0.997375 | ref_KL=0.002093
2025-10-01 21:10:17,056 - INFO - Task 2 Iter 170/600 | lr=0.000408364 | acc=0.9447 | pos_cos=0.287794 | neg_cos=0.233130 | ref_L2=0.000047 | ref_cos=0.988029 | ref_KL=0.010312
2025-10-01 21:10:18,793 - INFO - Task 1 Iter 210/1200 | lr=0.000463509 | acc=0.9791 | pos_cos=0.266532 | neg_cos=0.204847 | ref_L2=0.000031 | ref_cos=0.992033 | ref_KL=0.011355
2025-10-01 21:10:19,023 - INFO - Task 1 Iter 250/1200 | lr=8.97575e-05 | acc=0.9350 | pos_cos=0.271372 | neg_cos=0.208022 | ref_L2=0.000010 | ref_cos=0.997347 | ref_KL=0.002119
2025-10-01 21:10:19,766 - INFO - Task 2 Iter 180/600 | lr=0.000398024 | acc=0.9631 | pos_cos=0.287741 | neg_cos=0.231587 | ref_L2=0.000047 | ref_cos=0.988019 | ref_KL=0.009460
2025-10-01 21:10:20,530 - INFO - Task 1 Iter 220/1200 | lr=0.000460031 | acc=0.9900 | pos_cos=0.266073 | neg_cos=0.204616 | ref_L2=0.000032 | ref_cos=0.991821 | ref_KL=0.009257
2025-10-01 21:10:21,809 - INFO - Task 2 Iter 190/600 | lr=0.000387278 | acc=0.9793 | pos_cos=0.287237 | neg_cos=0.231273 | ref_L2=0.000047 | ref_cos=0.987909 | ref_KL=0.009936
2025-10-01 21:10:22,086 - INFO - Task 1 Iter 260/1200 | lr=8.89506e-05 | acc=0.9458 | pos_cos=0.270382 | neg_cos=0.207890 | ref_L2=0.000010 | ref_cos=0.997357 | ref_KL=0.001870
2025-10-01 21:10:22,420 - INFO - Task 1 Iter 230/1200 | lr=0.00045641 | acc=0.9822 | pos_cos=0.265424 | neg_cos=0.204226 | ref_L2=0.000032 | ref_cos=0.991776 | ref_KL=0.007485
2025-10-01 21:10:24,112 - INFO - Task 1 Iter 270/1200 | lr=8.81171e-05 | acc=0.9477 | pos_cos=0.269179 | neg_cos=0.206790 | ref_L2=0.000010 | ref_cos=0.997425 | ref_KL=0.002415
2025-10-01 21:10:24,294 - INFO - Task 1 Iter 240/1200 | lr=0.000452648 | acc=0.9796 | pos_cos=0.265538 | neg_cos=0.204127 | ref_L2=0.000032 | ref_cos=0.991784 | ref_KL=0.006725
2025-10-01 21:10:24,829 - INFO - Task 2 Iter 200/600 | lr=0.000376157 | acc=0.9889 | pos_cos=0.285746 | neg_cos=0.230636 | ref_L2=0.000048 | ref_cos=0.987825 | ref_KL=0.008856
2025-10-01 21:10:25,917 - INFO - Task 1 Iter 280/1200 | lr=8.72575e-05 | acc=0.9496 | pos_cos=0.269596 | neg_cos=0.206560 | ref_L2=0.000011 | ref_cos=0.997305 | ref_KL=0.002028
2025-10-01 21:10:26,517 - INFO - Task 1 Iter 250/1200 | lr=0.000448746 | acc=0.9878 | pos_cos=0.264257 | neg_cos=0.202988 | ref_L2=0.000032 | ref_cos=0.991865 | ref_KL=0.006796
2025-10-01 21:10:26,735 - INFO - Task 2 Iter 210/600 | lr=0.000364689 | acc=0.9881 | pos_cos=0.286398 | neg_cos=0.230752 | ref_L2=0.000047 | ref_cos=0.987906 | ref_KL=0.009101
2025-10-01 21:10:28,604 - INFO - Task 1 Iter 290/1200 | lr=8.63723e-05 | acc=0.9494 | pos_cos=0.268355 | neg_cos=0.206329 | ref_L2=0.000011 | ref_cos=0.997278 | ref_KL=0.001947
2025-10-01 21:10:28,681 - INFO - Task 2 Iter 220/600 | lr=0.000352908 | acc=0.9934 | pos_cos=0.284694 | neg_cos=0.229906 | ref_L2=0.000049 | ref_cos=0.987436 | ref_KL=0.009195
2025-10-01 21:10:29,023 - INFO - Task 1 Iter 260/1200 | lr=0.000444709 | acc=0.9932 | pos_cos=0.264381 | neg_cos=0.202998 | ref_L2=0.000033 | ref_cos=0.991668 | ref_KL=0.006162
2025-10-01 21:10:30,668 - INFO - Task 1 Iter 300/1200 | lr=8.54623e-05 | acc=0.9370 | pos_cos=0.268574 | neg_cos=0.205698 | ref_L2=0.000010 | ref_cos=0.997313 | ref_KL=0.001998
2025-10-01 21:10:30,674 - INFO - Task 1 Iter 270/1200 | lr=0.000440538 | acc=0.9939 | pos_cos=0.263820 | neg_cos=0.202437 | ref_L2=0.000032 | ref_cos=0.991894 | ref_KL=0.008883
2025-10-01 21:10:30,988 - INFO - Task 2 Iter 230/600 | lr=0.000340845 | acc=0.9954 | pos_cos=0.284038 | neg_cos=0.229075 | ref_L2=0.000048 | ref_cos=0.987813 | ref_KL=0.009258
2025-10-01 21:10:32,404 - INFO - Task 1 Iter 280/1200 | lr=0.000436236 | acc=0.9865 | pos_cos=0.263893 | neg_cos=0.202269 | ref_L2=0.000033 | ref_cos=0.991541 | ref_KL=0.008833
2025-10-01 21:10:32,652 - INFO - Task 1 Iter 310/1200 | lr=8.4528e-05 | acc=0.9559 | pos_cos=0.269329 | neg_cos=0.206114 | ref_L2=0.000011 | ref_cos=0.997296 | ref_KL=0.002239
2025-10-01 21:10:33,725 - INFO - Task 2 Iter 240/600 | lr=0.000328532 | acc=0.9922 | pos_cos=0.284538 | neg_cos=0.228884 | ref_L2=0.000047 | ref_cos=0.988084 | ref_KL=0.008716
2025-10-01 21:10:34,644 - INFO - Task 1 Iter 320/1200 | lr=8.35701e-05 | acc=0.9607 | pos_cos=0.269431 | neg_cos=0.206520 | ref_L2=0.000010 | ref_cos=0.997463 | ref_KL=0.001845
2025-10-01 21:10:35,144 - INFO - Task 1 Iter 290/1200 | lr=0.000431807 | acc=0.9849 | pos_cos=0.263362 | neg_cos=0.201627 | ref_L2=0.000033 | ref_cos=0.991487 | ref_KL=0.006872
2025-10-01 21:10:35,480 - INFO - Task 2 Iter 250/600 | lr=0.000316005 | acc=0.9952 | pos_cos=0.283344 | neg_cos=0.228153 | ref_L2=0.000045 | ref_cos=0.988567 | ref_KL=0.008244
2025-10-01 21:10:37,089 - INFO - Task 1 Iter 300/1200 | lr=0.000427253 | acc=0.9922 | pos_cos=0.263051 | neg_cos=0.201612 | ref_L2=0.000032 | ref_cos=0.991718 | ref_KL=0.006055
2025-10-01 21:10:37,288 - INFO - Task 1 Iter 330/1200 | lr=8.25893e-05 | acc=0.9540 | pos_cos=0.270065 | neg_cos=0.207269 | ref_L2=0.000009 | ref_cos=0.997657 | ref_KL=0.001671
2025-10-01 21:10:38,456 - INFO - Task 2 Iter 260/600 | lr=0.000303297 | acc=0.9970 | pos_cos=0.283884 | neg_cos=0.229148 | ref_L2=0.000047 | ref_cos=0.987957 | ref_KL=0.008763
2025-10-01 21:10:38,784 - INFO - Task 1 Iter 310/1200 | lr=0.000422578 | acc=0.9873 | pos_cos=0.264355 | neg_cos=0.202909 | ref_L2=0.000032 | ref_cos=0.991831 | ref_KL=0.006130
2025-10-01 21:10:39,073 - INFO - Task 1 Iter 340/1200 | lr=8.15861e-05 | acc=0.9616 | pos_cos=0.270301 | neg_cos=0.207811 | ref_L2=0.000010 | ref_cos=0.997412 | ref_KL=0.001592
2025-10-01 21:10:40,497 - INFO - Task 2 Iter 270/600 | lr=0.000290443 | acc=0.9964 | pos_cos=0.283338 | neg_cos=0.228749 | ref_L2=0.000047 | ref_cos=0.987961 | ref_KL=0.007726
2025-10-01 21:10:40,526 - INFO - Task 1 Iter 320/1200 | lr=0.000417785 | acc=0.9904 | pos_cos=0.264734 | neg_cos=0.203561 | ref_L2=0.000032 | ref_cos=0.991895 | ref_KL=0.006926
2025-10-01 21:10:41,258 - INFO - Task 1 Iter 350/1200 | lr=8.05613e-05 | acc=0.9550 | pos_cos=0.270230 | neg_cos=0.207879 | ref_L2=0.000010 | ref_cos=0.997462 | ref_KL=0.001848
2025-10-01 21:10:42,247 - INFO - Task 2 Iter 280/600 | lr=0.000277478 | acc=0.9988 | pos_cos=0.282876 | neg_cos=0.228232 | ref_L2=0.000047 | ref_cos=0.987973 | ref_KL=0.007553
2025-10-01 21:10:43,184 - INFO - Task 1 Iter 330/1200 | lr=0.000412877 | acc=0.9935 | pos_cos=0.265281 | neg_cos=0.204326 | ref_L2=0.000030 | ref_cos=0.992230 | ref_KL=0.005869
2025-10-01 21:10:43,216 - INFO - Task 1 Iter 360/1200 | lr=7.95156e-05 | acc=0.9627 | pos_cos=0.269082 | neg_cos=0.206812 | ref_L2=0.000009 | ref_cos=0.997654 | ref_KL=0.001648
2025-10-01 21:10:44,475 - INFO - Task 2 Iter 290/600 | lr=0.000264438 | acc=0.9996 | pos_cos=0.282102 | neg_cos=0.227841 | ref_L2=0.000047 | ref_cos=0.987862 | ref_KL=0.008103
2025-10-01 21:10:45,052 - INFO - Task 1 Iter 370/1200 | lr=7.84497e-05 | acc=0.9600 | pos_cos=0.269405 | neg_cos=0.207149 | ref_L2=0.000010 | ref_cos=0.997509 | ref_KL=0.002015
2025-10-01 21:10:45,220 - INFO - Task 1 Iter 340/1200 | lr=0.000407857 | acc=0.9957 | pos_cos=0.265596 | neg_cos=0.204718 | ref_L2=0.000031 | ref_cos=0.992072 | ref_KL=0.005201
2025-10-01 21:10:46,771 - INFO - Task 1 Iter 380/1200 | lr=7.73643e-05 | acc=0.9570 | pos_cos=0.269101 | neg_cos=0.207225 | ref_L2=0.000010 | ref_cos=0.997415 | ref_KL=0.001981
2025-10-01 21:10:47,154 - INFO - Task 1 Iter 350/1200 | lr=0.000402729 | acc=0.9985 | pos_cos=0.264562 | neg_cos=0.203737 | ref_L2=0.000031 | ref_cos=0.992041 | ref_KL=0.005340
2025-10-01 21:10:47,560 - INFO - Task 2 Iter 300/600 | lr=0.000251359 | acc=0.9985 | pos_cos=0.281047 | neg_cos=0.225994 | ref_L2=0.000046 | ref_cos=0.988143 | ref_KL=0.009065
2025-10-01 21:10:49,073 - INFO - Task 1 Iter 360/1200 | lr=0.000397496 | acc=0.9933 | pos_cos=0.264013 | neg_cos=0.203062 | ref_L2=0.000030 | ref_cos=0.992305 | ref_KL=0.005985
2025-10-01 21:10:49,262 - INFO - Task 2 Iter 310/600 | lr=0.000238276 | acc=0.9995 | pos_cos=0.280831 | neg_cos=0.226832 | ref_L2=0.000045 | ref_cos=0.988377 | ref_KL=0.007870
2025-10-01 21:10:50,407 - INFO - Task 1 Iter 390/1200 | lr=7.62602e-05 | acc=0.9694 | pos_cos=0.269849 | neg_cos=0.207041 | ref_L2=0.000010 | ref_cos=0.997441 | ref_KL=0.001809
2025-10-01 21:10:51,022 - INFO - Task 1 Iter 370/1200 | lr=0.000392162 | acc=0.9924 | pos_cos=0.263784 | neg_cos=0.203098 | ref_L2=0.000032 | ref_cos=0.991866 | ref_KL=0.005865
2025-10-01 21:10:51,202 - INFO - Task 2 Iter 320/600 | lr=0.000225225 | acc=0.9998 | pos_cos=0.282598 | neg_cos=0.228021 | ref_L2=0.000047 | ref_cos=0.988041 | ref_KL=0.007780
2025-10-01 21:10:52,289 - INFO - Task 1 Iter 400/1200 | lr=7.51382e-05 | acc=0.9781 | pos_cos=0.268110 | neg_cos=0.206443 | ref_L2=0.000011 | ref_cos=0.997278 | ref_KL=0.001666
2025-10-01 21:10:53,108 - INFO - Task 1 Iter 380/1200 | lr=0.000386731 | acc=0.9959 | pos_cos=0.264525 | neg_cos=0.203738 | ref_L2=0.000032 | ref_cos=0.991782 | ref_KL=0.005855
2025-10-01 21:10:54,079 - INFO - Task 1 Iter 410/1200 | lr=7.39989e-05 | acc=0.9677 | pos_cos=0.268886 | neg_cos=0.206316 | ref_L2=0.000009 | ref_cos=0.997574 | ref_KL=0.002014
2025-10-01 21:10:54,125 - INFO - Task 2 Iter 330/600 | lr=0.000212242 | acc=0.9999 | pos_cos=0.282191 | neg_cos=0.228076 | ref_L2=0.000046 | ref_cos=0.988205 | ref_KL=0.007305
2025-10-01 21:10:55,796 - INFO - Task 1 Iter 420/1200 | lr=7.28433e-05 | acc=0.9707 | pos_cos=0.268527 | neg_cos=0.206103 | ref_L2=0.000010 | ref_cos=0.997417 | ref_KL=0.001620
2025-10-01 21:10:56,040 - INFO - Task 2 Iter 340/600 | lr=0.000199363 | acc=1.0000 | pos_cos=0.281711 | neg_cos=0.227486 | ref_L2=0.000045 | ref_cos=0.988373 | ref_KL=0.007007
2025-10-01 21:10:56,538 - INFO - Task 1 Iter 390/1200 | lr=0.000381206 | acc=0.9963 | pos_cos=0.263976 | neg_cos=0.203220 | ref_L2=0.000031 | ref_cos=0.992020 | ref_KL=0.006474
2025-10-01 21:10:57,724 - INFO - Task 1 Iter 430/1200 | lr=7.1672e-05 | acc=0.9677 | pos_cos=0.268108 | neg_cos=0.205537 | ref_L2=0.000010 | ref_cos=0.997466 | ref_KL=0.001513
2025-10-01 21:10:58,186 - INFO - Task 2 Iter 350/600 | lr=0.000186623 | acc=1.0000 | pos_cos=0.282063 | neg_cos=0.228008 | ref_L2=0.000046 | ref_cos=0.988290 | ref_KL=0.007281
2025-10-01 21:10:58,226 - INFO - Task 1 Iter 400/1200 | lr=0.000375591 | acc=0.9967 | pos_cos=0.262902 | neg_cos=0.202258 | ref_L2=0.000032 | ref_cos=0.991833 | ref_KL=0.007600
2025-10-01 21:10:59,512 - INFO - Task 1 Iter 440/1200 | lr=7.04859e-05 | acc=0.9691 | pos_cos=0.268546 | neg_cos=0.206004 | ref_L2=0.000010 | ref_cos=0.997548 | ref_KL=0.001494
2025-10-01 21:11:00,017 - INFO - Task 1 Iter 410/1200 | lr=0.00036989 | acc=0.9988 | pos_cos=0.263535 | neg_cos=0.202678 | ref_L2=0.000030 | ref_cos=0.992278 | ref_KL=0.006076
2025-10-01 21:11:01,164 - INFO - Task 2 Iter 360/600 | lr=0.000174057 | acc=1.0000 | pos_cos=0.281883 | neg_cos=0.227971 | ref_L2=0.000046 | ref_cos=0.988340 | ref_KL=0.008406
2025-10-01 21:11:01,947 - INFO - Task 1 Iter 420/1200 | lr=0.000364108 | acc=0.9981 | pos_cos=0.263357 | neg_cos=0.202950 | ref_L2=0.000031 | ref_cos=0.992047 | ref_KL=0.006220
2025-10-01 21:11:02,189 - INFO - Task 1 Iter 450/1200 | lr=6.92858e-05 | acc=0.9706 | pos_cos=0.268526 | neg_cos=0.206686 | ref_L2=0.000009 | ref_cos=0.997603 | ref_KL=0.001952
2025-10-01 21:11:03,342 - INFO - Task 2 Iter 370/600 | lr=0.000161699 | acc=1.0000 | pos_cos=0.281842 | neg_cos=0.227902 | ref_L2=0.000047 | ref_cos=0.988018 | ref_KL=0.007597
2025-10-01 21:11:03,816 - INFO - Task 1 Iter 430/1200 | lr=0.000358247 | acc=0.9965 | pos_cos=0.263955 | neg_cos=0.203251 | ref_L2=0.000031 | ref_cos=0.992190 | ref_KL=0.005508
2025-10-01 21:11:04,237 - INFO - Task 1 Iter 460/1200 | lr=6.80725e-05 | acc=0.9691 | pos_cos=0.269510 | neg_cos=0.207102 | ref_L2=0.000009 | ref_cos=0.997686 | ref_KL=0.001502
2025-10-01 21:11:05,530 - INFO - Task 1 Iter 440/1200 | lr=0.000352311 | acc=0.9988 | pos_cos=0.264869 | neg_cos=0.204201 | ref_L2=0.000030 | ref_cos=0.992219 | ref_KL=0.005308
2025-10-01 21:11:05,578 - INFO - Task 2 Iter 380/600 | lr=0.000149583 | acc=1.0000 | pos_cos=0.280796 | neg_cos=0.226988 | ref_L2=0.000045 | ref_cos=0.988398 | ref_KL=0.007491
2025-10-01 21:11:05,927 - INFO - Task 1 Iter 470/1200 | lr=6.68469e-05 | acc=0.9770 | pos_cos=0.269015 | neg_cos=0.207112 | ref_L2=0.000009 | ref_cos=0.997613 | ref_KL=0.001469
2025-10-01 21:11:07,575 - INFO - Task 1 Iter 480/1200 | lr=6.56097e-05 | acc=0.9616 | pos_cos=0.268792 | neg_cos=0.206688 | ref_L2=0.000009 | ref_cos=0.997664 | ref_KL=0.001434
2025-10-01 21:11:07,974 - INFO - Task 1 Iter 450/1200 | lr=0.000346306 | acc=0.9967 | pos_cos=0.264720 | neg_cos=0.204089 | ref_L2=0.000030 | ref_cos=0.992289 | ref_KL=0.006099
2025-10-01 21:11:08,324 - INFO - Task 2 Iter 390/600 | lr=0.000137743 | acc=1.0000 | pos_cos=0.280609 | neg_cos=0.226827 | ref_L2=0.000045 | ref_cos=0.988526 | ref_KL=0.006784
2025-10-01 21:11:10,154 - INFO - Task 1 Iter 460/1200 | lr=0.000340235 | acc=0.9989 | pos_cos=0.264520 | neg_cos=0.204004 | ref_L2=0.000029 | ref_cos=0.992527 | ref_KL=0.004641
2025-10-01 21:11:10,468 - INFO - Task 1 Iter 490/1200 | lr=6.43619e-05 | acc=0.9743 | pos_cos=0.269392 | neg_cos=0.207053 | ref_L2=0.000010 | ref_cos=0.997349 | ref_KL=0.001495
2025-10-01 21:11:10,511 - INFO - Task 2 Iter 400/600 | lr=0.00012621 | acc=1.0000 | pos_cos=0.280541 | neg_cos=0.226508 | ref_L2=0.000045 | ref_cos=0.988527 | ref_KL=0.006286
2025-10-01 21:11:12,303 - INFO - Task 1 Iter 470/1200 | lr=0.000334102 | acc=0.9996 | pos_cos=0.264588 | neg_cos=0.203963 | ref_L2=0.000029 | ref_cos=0.992609 | ref_KL=0.005642
2025-10-01 21:11:12,496 - INFO - Task 2 Iter 410/600 | lr=0.000115017 | acc=1.0000 | pos_cos=0.280603 | neg_cos=0.226904 | ref_L2=0.000046 | ref_cos=0.988297 | ref_KL=0.006824
2025-10-01 21:11:12,559 - INFO - Task 1 Iter 500/1200 | lr=6.31043e-05 | acc=0.9724 | pos_cos=0.269011 | neg_cos=0.207333 | ref_L2=0.000010 | ref_cos=0.997500 | ref_KL=0.001413
2025-10-01 21:11:14,114 - INFO - Task 1 Iter 480/1200 | lr=0.000327911 | acc=0.9982 | pos_cos=0.264616 | neg_cos=0.203811 | ref_L2=0.000029 | ref_cos=0.992449 | ref_KL=0.006818
2025-10-01 21:11:14,592 - INFO - Task 1 Iter 510/1200 | lr=6.18377e-05 | acc=0.9762 | pos_cos=0.269337 | neg_cos=0.207226 | ref_L2=0.000010 | ref_cos=0.997511 | ref_KL=0.002084
2025-10-01 21:11:15,230 - INFO - Task 2 Iter 420/600 | lr=0.000104194 | acc=1.0000 | pos_cos=0.280683 | neg_cos=0.226769 | ref_L2=0.000045 | ref_cos=0.988588 | ref_KL=0.006457
2025-10-01 21:11:16,792 - INFO - Task 1 Iter 490/1200 | lr=0.000321667 | acc=0.9994 | pos_cos=0.264835 | neg_cos=0.204375 | ref_L2=0.000031 | ref_cos=0.992069 | ref_KL=0.005623
2025-10-01 21:11:17,192 - INFO - Task 2 Iter 430/600 | lr=9.37706e-05 | acc=1.0000 | pos_cos=0.280770 | neg_cos=0.227046 | ref_L2=0.000046 | ref_cos=0.988255 | ref_KL=0.007385
2025-10-01 21:11:17,283 - INFO - Task 1 Iter 520/1200 | lr=6.05631e-05 | acc=0.9793 | pos_cos=0.268913 | neg_cos=0.206549 | ref_L2=0.000011 | ref_cos=0.997290 | ref_KL=0.001712
2025-10-01 21:11:18,687 - INFO - Task 1 Iter 500/1200 | lr=0.000315374 | acc=0.9998 | pos_cos=0.264490 | neg_cos=0.204106 | ref_L2=0.000030 | ref_cos=0.992323 | ref_KL=0.005051
2025-10-01 21:11:19,320 - INFO - Task 2 Iter 440/600 | lr=8.37757e-05 | acc=1.0000 | pos_cos=0.280927 | neg_cos=0.227653 | ref_L2=0.000046 | ref_cos=0.988343 | ref_KL=0.006507
2025-10-01 21:11:19,535 - INFO - Task 1 Iter 530/1200 | lr=5.92812e-05 | acc=0.9801 | pos_cos=0.268063 | neg_cos=0.206504 | ref_L2=0.000009 | ref_cos=0.997620 | ref_KL=0.001368
2025-10-01 21:11:20,374 - INFO - Task 1 Iter 510/1200 | lr=0.000309036 | acc=0.9987 | pos_cos=0.264479 | neg_cos=0.204250 | ref_L2=0.000031 | ref_cos=0.992177 | ref_KL=0.006122
2025-10-01 21:11:21,744 - INFO - Task 1 Iter 540/1200 | lr=5.7993e-05 | acc=0.9733 | pos_cos=0.268451 | neg_cos=0.206492 | ref_L2=0.000010 | ref_cos=0.997471 | ref_KL=0.001408
2025-10-01 21:11:21,811 - INFO - Task 2 Iter 450/600 | lr=7.42365e-05 | acc=1.0000 | pos_cos=0.280873 | neg_cos=0.227318 | ref_L2=0.000045 | ref_cos=0.988555 | ref_KL=0.006734
2025-10-01 21:11:22,898 - INFO - Task 1 Iter 520/1200 | lr=0.000302657 | acc=0.9983 | pos_cos=0.263999 | neg_cos=0.203742 | ref_L2=0.000031 | ref_cos=0.991936 | ref_KL=0.005366
2025-10-01 21:11:23,873 - INFO - Task 1 Iter 550/1200 | lr=5.66994e-05 | acc=0.9748 | pos_cos=0.267486 | neg_cos=0.205493 | ref_L2=0.000010 | ref_cos=0.997435 | ref_KL=0.001471
2025-10-01 21:11:24,228 - INFO - Task 2 Iter 460/600 | lr=6.51792e-05 | acc=1.0000 | pos_cos=0.281011 | neg_cos=0.227256 | ref_L2=0.000046 | ref_cos=0.988234 | ref_KL=0.006694
2025-10-01 21:11:24,688 - INFO - Task 1 Iter 530/1200 | lr=0.000296243 | acc=0.9976 | pos_cos=0.263866 | neg_cos=0.203648 | ref_L2=0.000029 | ref_cos=0.992547 | ref_KL=0.004815
2025-10-01 21:11:26,013 - INFO - Task 1 Iter 560/1200 | lr=5.54012e-05 | acc=0.9762 | pos_cos=0.267452 | neg_cos=0.205741 | ref_L2=0.000010 | ref_cos=0.997513 | ref_KL=0.001650
2025-10-01 21:11:26,520 - INFO - Task 2 Iter 470/600 | lr=5.66286e-05 | acc=1.0000 | pos_cos=0.281243 | neg_cos=0.227601 | ref_L2=0.000046 | ref_cos=0.988273 | ref_KL=0.006371
2025-10-01 21:11:26,862 - INFO - Task 1 Iter 540/1200 | lr=0.000289797 | acc=0.9963 | pos_cos=0.264316 | neg_cos=0.203922 | ref_L2=0.000030 | ref_cos=0.992335 | ref_KL=0.004801
2025-10-01 21:11:27,985 - INFO - Task 1 Iter 570/1200 | lr=5.40994e-05 | acc=0.9757 | pos_cos=0.268588 | neg_cos=0.206512 | ref_L2=0.000009 | ref_cos=0.997770 | ref_KL=0.001545
2025-10-01 21:11:28,843 - INFO - Task 1 Iter 550/1200 | lr=0.000283324 | acc=0.9987 | pos_cos=0.264101 | neg_cos=0.203755 | ref_L2=0.000029 | ref_cos=0.992477 | ref_KL=0.004408
2025-10-01 21:11:29,388 - INFO - Task 2 Iter 480/600 | lr=4.86082e-05 | acc=1.0000 | pos_cos=0.281083 | neg_cos=0.227393 | ref_L2=0.000046 | ref_cos=0.988318 | ref_KL=0.006289
2025-10-01 21:11:30,820 - INFO - Task 1 Iter 560/1200 | lr=0.000276828 | acc=0.9981 | pos_cos=0.264437 | neg_cos=0.203808 | ref_L2=0.000029 | ref_cos=0.992577 | ref_KL=0.005671
2025-10-01 21:11:31,122 - INFO - Task 2 Iter 490/600 | lr=4.114e-05 | acc=1.0000 | pos_cos=0.280486 | neg_cos=0.227009 | ref_L2=0.000045 | ref_cos=0.988475 | ref_KL=0.006022
2025-10-01 21:11:31,913 - INFO - Task 1 Iter 580/1200 | lr=5.27948e-05 | acc=0.9859 | pos_cos=0.268110 | neg_cos=0.206412 | ref_L2=0.000009 | ref_cos=0.997710 | ref_KL=0.001314
2025-10-01 21:11:32,474 - INFO - Task 1 Iter 570/1200 | lr=0.000270313 | acc=0.9993 | pos_cos=0.264432 | neg_cos=0.203794 | ref_L2=0.000028 | ref_cos=0.992775 | ref_KL=0.005131
2025-10-01 21:11:32,797 - INFO - Task 2 Iter 500/600 | lr=3.42443e-05 | acc=1.0000 | pos_cos=0.281122 | neg_cos=0.227644 | ref_L2=0.000045 | ref_cos=0.988539 | ref_KL=0.006294
2025-10-01 21:11:34,180 - INFO - Task 1 Iter 590/1200 | lr=5.14883e-05 | acc=0.9845 | pos_cos=0.268318 | neg_cos=0.206176 | ref_L2=0.000009 | ref_cos=0.997675 | ref_KL=0.001181
2025-10-01 21:11:34,496 - INFO - Task 2 Iter 510/600 | lr=2.79401e-05 | acc=1.0000 | pos_cos=0.280628 | neg_cos=0.227140 | ref_L2=0.000044 | ref_cos=0.988792 | ref_KL=0.005925
2025-10-01 21:11:35,728 - INFO - Task 1 Iter 580/1200 | lr=0.000263785 | acc=0.9998 | pos_cos=0.264273 | neg_cos=0.203535 | ref_L2=0.000028 | ref_cos=0.992733 | ref_KL=0.004466
2025-10-01 21:11:35,893 - INFO - Task 1 Iter 600/1200 | lr=5.01808e-05 | acc=0.9905 | pos_cos=0.267887 | neg_cos=0.205654 | ref_L2=0.000009 | ref_cos=0.997657 | ref_KL=0.001684
2025-10-01 21:11:37,643 - INFO - Task 1 Iter 590/1200 | lr=0.000257247 | acc=0.9999 | pos_cos=0.264014 | neg_cos=0.203594 | ref_L2=0.000029 | ref_cos=0.992620 | ref_KL=0.006097
2025-10-01 21:11:37,706 - INFO - Task 1 Iter 610/1200 | lr=4.88732e-05 | acc=0.9868 | pos_cos=0.267200 | neg_cos=0.205304 | ref_L2=0.000009 | ref_cos=0.997607 | ref_KL=0.001625
2025-10-01 21:11:37,723 - INFO - Task 2 Iter 520/600 | lr=2.22448e-05 | acc=1.0000 | pos_cos=0.281847 | neg_cos=0.228273 | ref_L2=0.000043 | ref_cos=0.988989 | ref_KL=0.005815
2025-10-01 21:11:39,532 - INFO - Task 1 Iter 600/1200 | lr=0.000250704 | acc=1.0000 | pos_cos=0.264165 | neg_cos=0.203866 | ref_L2=0.000029 | ref_cos=0.992538 | ref_KL=0.005218
2025-10-01 21:11:39,671 - INFO - Task 1 Iter 620/1200 | lr=4.75664e-05 | acc=0.9755 | pos_cos=0.266874 | neg_cos=0.204956 | ref_L2=0.000009 | ref_cos=0.997712 | ref_KL=0.001413
2025-10-01 21:11:39,968 - INFO - Task 2 Iter 530/600 | lr=1.71738e-05 | acc=1.0000 | pos_cos=0.281730 | neg_cos=0.228254 | ref_L2=0.000044 | ref_cos=0.988659 | ref_KL=0.005985
2025-10-01 21:11:41,492 - INFO - Task 1 Iter 630/1200 | lr=4.62613e-05 | acc=0.9800 | pos_cos=0.266601 | neg_cos=0.204856 | ref_L2=0.000010 | ref_cos=0.997458 | ref_KL=0.001295
2025-10-01 21:11:41,521 - INFO - Task 1 Iter 610/1200 | lr=0.000244161 | acc=1.0000 | pos_cos=0.264062 | neg_cos=0.203898 | ref_L2=0.000029 | ref_cos=0.992643 | ref_KL=0.005072
2025-10-01 21:11:42,922 - INFO - Task 2 Iter 540/600 | lr=1.27411e-05 | acc=1.0000 | pos_cos=0.281134 | neg_cos=0.227666 | ref_L2=0.000044 | ref_cos=0.988696 | ref_KL=0.006143
2025-10-01 21:11:43,592 - INFO - Task 1 Iter 640/1200 | lr=4.49589e-05 | acc=0.9898 | pos_cos=0.266829 | neg_cos=0.205205 | ref_L2=0.000010 | ref_cos=0.997494 | ref_KL=0.001483
2025-10-01 21:11:43,894 - INFO - Task 1 Iter 620/1200 | lr=0.000237622 | acc=1.0000 | pos_cos=0.264057 | neg_cos=0.203990 | ref_L2=0.000028 | ref_cos=0.992765 | ref_KL=0.004576
2025-10-01 21:11:44,785 - INFO - Task 2 Iter 550/600 | lr=8.95887e-06 | acc=1.0000 | pos_cos=0.281077 | neg_cos=0.227661 | ref_L2=0.000045 | ref_cos=0.988395 | ref_KL=0.006352
2025-10-01 21:11:45,883 - INFO - Task 1 Iter 630/1200 | lr=0.000231092 | acc=0.9972 | pos_cos=0.263992 | neg_cos=0.203906 | ref_L2=0.000029 | ref_cos=0.992541 | ref_KL=0.004031
2025-10-01 21:11:46,656 - INFO - Task 2 Iter 560/600 | lr=5.83746e-06 | acc=1.0000 | pos_cos=0.280165 | neg_cos=0.226699 | ref_L2=0.000045 | ref_cos=0.988601 | ref_KL=0.006876
2025-10-01 21:11:46,683 - INFO - Task 1 Iter 650/1200 | lr=4.36599e-05 | acc=0.9949 | pos_cos=0.267079 | neg_cos=0.205228 | ref_L2=0.000010 | ref_cos=0.997359 | ref_KL=0.001469
2025-10-01 21:11:48,361 - INFO - Task 1 Iter 640/1200 | lr=0.000224574 | acc=0.9990 | pos_cos=0.264443 | neg_cos=0.204299 | ref_L2=0.000029 | ref_cos=0.992561 | ref_KL=0.004945
2025-10-01 21:11:48,441 - INFO - Task 2 Iter 570/600 | lr=3.38541e-06 | acc=1.0000 | pos_cos=0.280493 | neg_cos=0.227061 | ref_L2=0.000046 | ref_cos=0.988205 | ref_KL=0.006408
2025-10-01 21:11:48,880 - INFO - Task 1 Iter 660/1200 | lr=4.23653e-05 | acc=0.9891 | pos_cos=0.267779 | neg_cos=0.205832 | ref_L2=0.000009 | ref_cos=0.997629 | ref_KL=0.001397
2025-10-01 21:11:50,923 - INFO - Task 1 Iter 650/1200 | lr=0.000218074 | acc=0.9997 | pos_cos=0.263880 | neg_cos=0.203812 | ref_L2=0.000030 | ref_cos=0.992268 | ref_KL=0.005906
2025-10-01 21:11:51,036 - INFO - Task 1 Iter 670/1200 | lr=4.10759e-05 | acc=0.9696 | pos_cos=0.268500 | neg_cos=0.206430 | ref_L2=0.000009 | ref_cos=0.997699 | ref_KL=0.001219
2025-10-01 21:11:51,088 - INFO - Task 2 Iter 580/600 | lr=1.60946e-06 | acc=1.0000 | pos_cos=0.279943 | neg_cos=0.226552 | ref_L2=0.000044 | ref_cos=0.988723 | ref_KL=0.006088
2025-10-01 21:11:52,794 - INFO - Task 1 Iter 660/1200 | lr=0.000211596 | acc=0.9999 | pos_cos=0.264493 | neg_cos=0.204310 | ref_L2=0.000028 | ref_cos=0.992782 | ref_KL=0.004715
2025-10-01 21:11:53,100 - INFO - Task 2 Iter 590/600 | lr=5.14463e-07 | acc=1.0000 | pos_cos=0.281688 | neg_cos=0.228263 | ref_L2=0.000044 | ref_cos=0.988613 | ref_KL=0.005789
2025-10-01 21:11:53,842 - INFO - Task 1 Iter 680/1200 | lr=3.97928e-05 | acc=0.9847 | pos_cos=0.268530 | neg_cos=0.206821 | ref_L2=0.000009 | ref_cos=0.997714 | ref_KL=0.001271
2025-10-01 21:11:54,528 - INFO - Task 1 Iter 670/1200 | lr=0.000205144 | acc=1.0000 | pos_cos=0.264584 | neg_cos=0.204423 | ref_L2=0.000028 | ref_cos=0.992799 | ref_KL=0.003960
2025-10-01 21:11:55,823 - INFO - Task 1 Iter 690/1200 | lr=3.85166e-05 | acc=0.9918 | pos_cos=0.268549 | neg_cos=0.206229 | ref_L2=0.000009 | ref_cos=0.997621 | ref_KL=0.001144
2025-10-01 21:11:55,930 - INFO - Task 2 Iter 600/600 | lr=1.03426e-07 | acc=1.0000 | pos_cos=0.281017 | neg_cos=0.227583 | ref_L2=0.000044 | ref_cos=0.988686 | ref_KL=0.006221
2025-10-01 21:11:56,164 - INFO - Task 2 finished | total: 135.47 s | train: 135.24 s | drift: 0.00 s
2025-10-01 21:11:56,907 - INFO - Task 1 Iter 680/1200 | lr=0.000198723 | acc=1.0000 | pos_cos=0.264503 | neg_cos=0.204359 | ref_L2=0.000028 | ref_cos=0.992951 | ref_KL=0.005235
2025-10-01 21:11:57,702 - INFO - Task 1 Iter 700/1200 | lr=3.72483e-05 | acc=0.9921 | pos_cos=0.267666 | neg_cos=0.206066 | ref_L2=0.000010 | ref_cos=0.997400 | ref_KL=0.001234
2025-10-01 21:11:58,576 - INFO - Task 1 Iter 690/1200 | lr=0.000192337 | acc=1.0000 | pos_cos=0.264195 | neg_cos=0.204156 | ref_L2=0.000028 | ref_cos=0.992737 | ref_KL=0.004261
2025-10-01 21:12:00,238 - INFO - Task 1 Iter 700/1200 | lr=0.00018599 | acc=1.0000 | pos_cos=0.264135 | neg_cos=0.204020 | ref_L2=0.000029 | ref_cos=0.992541 | ref_KL=0.004127
2025-10-01 21:12:00,643 - INFO - Task 1 Iter 710/1200 | lr=3.59889e-05 | acc=0.9733 | pos_cos=0.266473 | neg_cos=0.205127 | ref_L2=0.000009 | ref_cos=0.997763 | ref_KL=0.001367
2025-10-01 21:12:02,397 - INFO - Task 1 Iter 720/1200 | lr=3.4739e-05 | acc=0.9832 | pos_cos=0.266826 | neg_cos=0.204836 | ref_L2=0.000008 | ref_cos=0.997909 | ref_KL=0.001218
2025-10-01 21:12:02,659 - INFO - Task 1 Iter 710/1200 | lr=0.000179688 | acc=1.0000 | pos_cos=0.263951 | neg_cos=0.203737 | ref_L2=0.000027 | ref_cos=0.993055 | ref_KL=0.004045
2025-10-01 21:12:04,134 - INFO - Task 1 Iter 730/1200 | lr=3.34997e-05 | acc=0.9711 | pos_cos=0.266809 | neg_cos=0.205597 | ref_L2=0.000009 | ref_cos=0.997682 | ref_KL=0.001256
2025-10-01 21:12:04,336 - INFO - Starting task 4/8: eurosat (train=5000, test=5000, classes=10)
2025-10-01 21:12:04,574 - INFO - Task 1 Iter 720/1200 | lr=0.000173434 | acc=1.0000 | pos_cos=0.263770 | neg_cos=0.203592 | ref_L2=0.000027 | ref_cos=0.993085 | ref_KL=0.004118
2025-10-01 21:12:06,220 - INFO - Task 1 Iter 740/1200 | lr=3.22717e-05 | acc=0.9807 | pos_cos=0.267924 | neg_cos=0.205855 | ref_L2=0.000010 | ref_cos=0.997478 | ref_KL=0.001297
2025-10-01 21:12:06,520 - INFO - Task 1 Iter 730/1200 | lr=0.000167232 | acc=1.0000 | pos_cos=0.264142 | neg_cos=0.204013 | ref_L2=0.000028 | ref_cos=0.992858 | ref_KL=0.003657
2025-10-01 21:12:07,187 - INFO - Task 3 Iter 10/600 | lr=0.000499723 | acc=0.8393 | pos_cos=0.284052 | neg_cos=0.243656 | ref_L2=0.000045 | ref_cos=0.988508 | ref_KL=0.006178
2025-10-01 21:12:08,450 - INFO - Task 1 Iter 750/1200 | lr=3.10558e-05 | acc=0.9814 | pos_cos=0.268129 | neg_cos=0.205894 | ref_L2=0.000009 | ref_cos=0.997621 | ref_KL=0.001281
2025-10-01 21:12:08,517 - INFO - Task 1 Iter 740/1200 | lr=0.000161087 | acc=1.0000 | pos_cos=0.264496 | neg_cos=0.204392 | ref_L2=0.000029 | ref_cos=0.992648 | ref_KL=0.003570
2025-10-01 21:12:09,160 - INFO - Task 3 Iter 20/600 | lr=0.000498764 | acc=0.8744 | pos_cos=0.288197 | neg_cos=0.252291 | ref_L2=0.000047 | ref_cos=0.988019 | ref_KL=0.007070
2025-10-01 21:12:10,224 - INFO - Task 1 Iter 750/1200 | lr=0.000155003 | acc=1.0000 | pos_cos=0.264128 | neg_cos=0.204134 | ref_L2=0.000028 | ref_cos=0.992866 | ref_KL=0.004901
2025-10-01 21:12:10,481 - INFO - Task 1 Iter 760/1200 | lr=2.9853e-05 | acc=0.9876 | pos_cos=0.267777 | neg_cos=0.205957 | ref_L2=0.000010 | ref_cos=0.997478 | ref_KL=0.001266
2025-10-01 21:12:11,326 - INFO - Task 3 Iter 30/600 | lr=0.000497124 | acc=0.8983 | pos_cos=0.290510 | neg_cos=0.254595 | ref_L2=0.000049 | ref_cos=0.987516 | ref_KL=0.008674
2025-10-01 21:12:12,045 - INFO - Task 1 Iter 760/1200 | lr=0.000148984 | acc=1.0000 | pos_cos=0.264494 | neg_cos=0.204520 | ref_L2=0.000029 | ref_cos=0.992487 | ref_KL=0.004077
2025-10-01 21:12:13,260 - INFO - Task 3 Iter 40/600 | lr=0.000494807 | acc=0.9129 | pos_cos=0.286027 | neg_cos=0.250895 | ref_L2=0.000049 | ref_cos=0.987415 | ref_KL=0.009098
2025-10-01 21:12:13,926 - INFO - Task 1 Iter 770/1200 | lr=2.86641e-05 | acc=0.9802 | pos_cos=0.267144 | neg_cos=0.205278 | ref_L2=0.000009 | ref_cos=0.997697 | ref_KL=0.001168
2025-10-01 21:12:15,065 - INFO - Task 3 Iter 50/600 | lr=0.000491819 | acc=0.9324 | pos_cos=0.283892 | neg_cos=0.249034 | ref_L2=0.000049 | ref_cos=0.987379 | ref_KL=0.008832
2025-10-01 21:12:15,313 - INFO - Task 1 Iter 770/1200 | lr=0.000143035 | acc=1.0000 | pos_cos=0.264326 | neg_cos=0.204272 | ref_L2=0.000028 | ref_cos=0.992743 | ref_KL=0.003762
2025-10-01 21:12:15,749 - INFO - Task 1 Iter 780/1200 | lr=2.74898e-05 | acc=0.9847 | pos_cos=0.268073 | neg_cos=0.206144 | ref_L2=0.000009 | ref_cos=0.997744 | ref_KL=0.001205
2025-10-01 21:12:17,072 - INFO - Task 3 Iter 60/600 | lr=0.000488168 | acc=0.9335 | pos_cos=0.282812 | neg_cos=0.248142 | ref_L2=0.000049 | ref_cos=0.987381 | ref_KL=0.009366
2025-10-01 21:12:17,358 - INFO - Task 1 Iter 780/1200 | lr=0.000137159 | acc=1.0000 | pos_cos=0.264751 | neg_cos=0.204727 | ref_L2=0.000028 | ref_cos=0.992757 | ref_KL=0.003732
2025-10-01 21:12:17,947 - INFO - Task 1 Iter 790/1200 | lr=2.63309e-05 | acc=0.9867 | pos_cos=0.267478 | neg_cos=0.205734 | ref_L2=0.000009 | ref_cos=0.997769 | ref_KL=0.001093
2025-10-01 21:12:19,339 - INFO - Task 1 Iter 790/1200 | lr=0.00013136 | acc=1.0000 | pos_cos=0.264189 | neg_cos=0.204200 | ref_L2=0.000028 | ref_cos=0.992805 | ref_KL=0.003892
2025-10-01 21:12:19,903 - INFO - Task 3 Iter 70/600 | lr=0.000483864 | acc=0.9527 | pos_cos=0.280148 | neg_cos=0.245172 | ref_L2=0.000050 | ref_cos=0.987157 | ref_KL=0.010042
2025-10-01 21:12:20,005 - INFO - Task 1 Iter 800/1200 | lr=2.51883e-05 | acc=0.9882 | pos_cos=0.266308 | neg_cos=0.205226 | ref_L2=0.000009 | ref_cos=0.997822 | ref_KL=0.001199
2025-10-01 21:12:21,420 - INFO - Task 1 Iter 800/1200 | lr=0.000125642 | acc=1.0000 | pos_cos=0.263819 | neg_cos=0.203767 | ref_L2=0.000027 | ref_cos=0.992965 | ref_KL=0.003976
2025-10-01 21:12:21,852 - INFO - Task 3 Iter 80/600 | lr=0.00047892 | acc=0.9480 | pos_cos=0.279620 | neg_cos=0.244084 | ref_L2=0.000048 | ref_cos=0.987666 | ref_KL=0.010497
2025-10-01 21:12:22,185 - INFO - Task 1 Iter 810/1200 | lr=2.40628e-05 | acc=0.9851 | pos_cos=0.266214 | neg_cos=0.204705 | ref_L2=0.000009 | ref_cos=0.997669 | ref_KL=0.001106
2025-10-01 21:12:23,218 - INFO - Task 1 Iter 810/1200 | lr=0.00012001 | acc=1.0000 | pos_cos=0.263964 | neg_cos=0.203945 | ref_L2=0.000028 | ref_cos=0.992853 | ref_KL=0.003449
2025-10-01 21:12:23,801 - INFO - Task 3 Iter 90/600 | lr=0.000473348 | acc=0.9506 | pos_cos=0.278488 | neg_cos=0.243821 | ref_L2=0.000047 | ref_cos=0.988022 | ref_KL=0.009389
2025-10-01 21:12:24,435 - INFO - Task 1 Iter 820/1200 | lr=2.2955e-05 | acc=0.9826 | pos_cos=0.266499 | neg_cos=0.204263 | ref_L2=0.000009 | ref_cos=0.997662 | ref_KL=0.001141
2025-10-01 21:12:25,312 - INFO - Task 1 Iter 820/1200 | lr=0.000114467 | acc=1.0000 | pos_cos=0.263563 | neg_cos=0.203588 | ref_L2=0.000028 | ref_cos=0.992852 | ref_KL=0.003864
2025-10-01 21:12:25,546 - INFO - Task 3 Iter 100/600 | lr=0.000467164 | acc=0.9659 | pos_cos=0.275825 | neg_cos=0.239980 | ref_L2=0.000046 | ref_cos=0.988129 | ref_KL=0.008220
2025-10-01 21:12:26,932 - INFO - Task 1 Iter 830/1200 | lr=2.18659e-05 | acc=0.9845 | pos_cos=0.266494 | neg_cos=0.205036 | ref_L2=0.000011 | ref_cos=0.997251 | ref_KL=0.001184
2025-10-01 21:12:27,077 - INFO - Task 1 Iter 830/1200 | lr=0.000109017 | acc=1.0000 | pos_cos=0.263882 | neg_cos=0.204077 | ref_L2=0.000029 | ref_cos=0.992613 | ref_KL=0.003429
2025-10-01 21:12:27,543 - INFO - Task 3 Iter 110/600 | lr=0.000460386 | acc=0.9702 | pos_cos=0.273554 | neg_cos=0.238786 | ref_L2=0.000044 | ref_cos=0.988635 | ref_KL=0.008011
2025-10-01 21:12:29,502 - INFO - Task 3 Iter 120/600 | lr=0.00045303 | acc=0.9657 | pos_cos=0.274992 | neg_cos=0.239469 | ref_L2=0.000045 | ref_cos=0.988546 | ref_KL=0.007734
2025-10-01 21:12:29,591 - INFO - Task 1 Iter 840/1200 | lr=2.0796e-05 | acc=0.9931 | pos_cos=0.266716 | neg_cos=0.204752 | ref_L2=0.000009 | ref_cos=0.997705 | ref_KL=0.001230
2025-10-01 21:12:29,889 - INFO - Task 1 Iter 840/1200 | lr=0.000103663 | acc=1.0000 | pos_cos=0.263581 | neg_cos=0.203646 | ref_L2=0.000027 | ref_cos=0.993139 | ref_KL=0.003666
2025-10-01 21:12:31,646 - INFO - Task 1 Iter 850/1200 | lr=1.97462e-05 | acc=0.9845 | pos_cos=0.266708 | neg_cos=0.204781 | ref_L2=0.000009 | ref_cos=0.997699 | ref_KL=0.001121
2025-10-01 21:12:31,880 - INFO - Task 1 Iter 850/1200 | lr=9.84097e-05 | acc=1.0000 | pos_cos=0.263595 | neg_cos=0.203592 | ref_L2=0.000028 | ref_cos=0.992874 | ref_KL=0.003195
2025-10-01 21:12:32,007 - INFO - Task 3 Iter 130/600 | lr=0.000445119 | acc=0.9694 | pos_cos=0.274630 | neg_cos=0.239441 | ref_L2=0.000045 | ref_cos=0.988442 | ref_KL=0.008025
2025-10-01 21:12:33,828 - INFO - Task 1 Iter 860/1200 | lr=1.87172e-05 | acc=0.9875 | pos_cos=0.266408 | neg_cos=0.204944 | ref_L2=0.000010 | ref_cos=0.997392 | ref_KL=0.001142
2025-10-01 21:12:33,832 - INFO - Task 1 Iter 860/1200 | lr=9.32604e-05 | acc=1.0000 | pos_cos=0.263582 | neg_cos=0.203756 | ref_L2=0.000028 | ref_cos=0.992746 | ref_KL=0.003383
2025-10-01 21:12:33,959 - INFO - Task 3 Iter 140/600 | lr=0.000436672 | acc=0.9698 | pos_cos=0.272914 | neg_cos=0.238493 | ref_L2=0.000044 | ref_cos=0.988776 | ref_KL=0.007487
2025-10-01 21:12:35,713 - INFO - Task 3 Iter 150/600 | lr=0.000427714 | acc=0.9606 | pos_cos=0.274197 | neg_cos=0.239189 | ref_L2=0.000043 | ref_cos=0.988927 | ref_KL=0.008267
2025-10-01 21:12:36,430 - INFO - Task 1 Iter 870/1200 | lr=1.77096e-05 | acc=0.9887 | pos_cos=0.266557 | neg_cos=0.205175 | ref_L2=0.000011 | ref_cos=0.997206 | ref_KL=0.001228
2025-10-01 21:12:36,430 - INFO - Task 1 Iter 870/1200 | lr=8.82186e-05 | acc=1.0000 | pos_cos=0.264444 | neg_cos=0.204567 | ref_L2=0.000029 | ref_cos=0.992681 | ref_KL=0.003208
2025-10-01 21:12:38,029 - INFO - Task 3 Iter 160/600 | lr=0.000418269 | acc=0.9480 | pos_cos=0.273921 | neg_cos=0.239725 | ref_L2=0.000044 | ref_cos=0.988763 | ref_KL=0.008353
2025-10-01 21:12:38,362 - INFO - Task 1 Iter 880/1200 | lr=1.67242e-05 | acc=0.9787 | pos_cos=0.266879 | neg_cos=0.205429 | ref_L2=0.000010 | ref_cos=0.997529 | ref_KL=0.001194
2025-10-01 21:12:38,515 - INFO - Task 1 Iter 880/1200 | lr=8.32877e-05 | acc=1.0000 | pos_cos=0.264153 | neg_cos=0.204178 | ref_L2=0.000028 | ref_cos=0.992729 | ref_KL=0.003273
2025-10-01 21:12:40,144 - INFO - Task 1 Iter 890/1200 | lr=1.57617e-05 | acc=0.9886 | pos_cos=0.266781 | neg_cos=0.204857 | ref_L2=0.000009 | ref_cos=0.997703 | ref_KL=0.001208
2025-10-01 21:12:40,170 - INFO - Task 3 Iter 170/600 | lr=0.000408364 | acc=0.9719 | pos_cos=0.274635 | neg_cos=0.239136 | ref_L2=0.000044 | ref_cos=0.988864 | ref_KL=0.007929
2025-10-01 21:12:40,820 - INFO - Task 1 Iter 890/1200 | lr=7.8471e-05 | acc=1.0000 | pos_cos=0.263495 | neg_cos=0.203560 | ref_L2=0.000028 | ref_cos=0.992834 | ref_KL=0.003200
2025-10-01 21:12:42,195 - INFO - Task 3 Iter 180/600 | lr=0.000398024 | acc=0.9774 | pos_cos=0.272623 | neg_cos=0.237952 | ref_L2=0.000045 | ref_cos=0.988446 | ref_KL=0.008764
2025-10-01 21:12:42,869 - INFO - Task 1 Iter 900/1200 | lr=1.48226e-05 | acc=0.9863 | pos_cos=0.266899 | neg_cos=0.205252 | ref_L2=0.000008 | ref_cos=0.997835 | ref_KL=0.001013
2025-10-01 21:12:43,380 - INFO - Task 1 Iter 900/1200 | lr=7.3772e-05 | acc=1.0000 | pos_cos=0.264065 | neg_cos=0.204256 | ref_L2=0.000027 | ref_cos=0.993114 | ref_KL=0.002948
2025-10-01 21:12:44,122 - INFO - Task 3 Iter 190/600 | lr=0.000387278 | acc=0.9832 | pos_cos=0.273642 | neg_cos=0.237664 | ref_L2=0.000044 | ref_cos=0.988790 | ref_KL=0.007399
2025-10-01 21:12:44,834 - INFO - Task 1 Iter 910/1200 | lr=1.39077e-05 | acc=0.9867 | pos_cos=0.266574 | neg_cos=0.205006 | ref_L2=0.000009 | ref_cos=0.997694 | ref_KL=0.001137
2025-10-01 21:12:45,143 - INFO - Task 1 Iter 910/1200 | lr=6.91937e-05 | acc=1.0000 | pos_cos=0.264431 | neg_cos=0.204614 | ref_L2=0.000028 | ref_cos=0.992821 | ref_KL=0.003086
2025-10-01 21:12:46,725 - INFO - Task 1 Iter 920/1200 | lr=1.30175e-05 | acc=0.9911 | pos_cos=0.266732 | neg_cos=0.205171 | ref_L2=0.000009 | ref_cos=0.997788 | ref_KL=0.001074
2025-10-01 21:12:46,946 - INFO - Task 1 Iter 920/1200 | lr=6.47394e-05 | acc=1.0000 | pos_cos=0.264380 | neg_cos=0.204575 | ref_L2=0.000027 | ref_cos=0.993070 | ref_KL=0.003207
2025-10-01 21:12:47,124 - INFO - Task 3 Iter 200/600 | lr=0.000376157 | acc=0.9765 | pos_cos=0.271302 | neg_cos=0.236636 | ref_L2=0.000043 | ref_cos=0.988994 | ref_KL=0.007247
2025-10-01 21:12:48,822 - INFO - Task 1 Iter 930/1200 | lr=1.21528e-05 | acc=0.9924 | pos_cos=0.266615 | neg_cos=0.204827 | ref_L2=0.000009 | ref_cos=0.997772 | ref_KL=0.001387
2025-10-01 21:12:48,831 - INFO - Task 1 Iter 930/1200 | lr=6.04122e-05 | acc=1.0000 | pos_cos=0.264224 | neg_cos=0.204277 | ref_L2=0.000027 | ref_cos=0.993008 | ref_KL=0.003350
2025-10-01 21:12:49,250 - INFO - Task 3 Iter 210/600 | lr=0.000364689 | acc=0.9749 | pos_cos=0.271494 | neg_cos=0.236194 | ref_L2=0.000043 | ref_cos=0.989102 | ref_KL=0.005916
2025-10-01 21:12:50,707 - INFO - Task 1 Iter 940/1200 | lr=1.1314e-05 | acc=0.9959 | pos_cos=0.265978 | neg_cos=0.204405 | ref_L2=0.000011 | ref_cos=0.997105 | ref_KL=0.001490
2025-10-01 21:12:50,917 - INFO - Task 1 Iter 940/1200 | lr=5.62148e-05 | acc=1.0000 | pos_cos=0.263382 | neg_cos=0.203538 | ref_L2=0.000029 | ref_cos=0.992450 | ref_KL=0.003246
2025-10-01 21:12:51,416 - INFO - Task 3 Iter 220/600 | lr=0.000352908 | acc=0.9656 | pos_cos=0.270498 | neg_cos=0.235774 | ref_L2=0.000043 | ref_cos=0.989078 | ref_KL=0.009611
2025-10-01 21:12:52,776 - INFO - Task 1 Iter 950/1200 | lr=1.05017e-05 | acc=0.9859 | pos_cos=0.266095 | neg_cos=0.204521 | ref_L2=0.000009 | ref_cos=0.997593 | ref_KL=0.001136
2025-10-01 21:12:53,176 - INFO - Task 1 Iter 950/1200 | lr=5.21504e-05 | acc=1.0000 | pos_cos=0.263574 | neg_cos=0.203590 | ref_L2=0.000028 | ref_cos=0.992931 | ref_KL=0.002677
2025-10-01 21:12:53,350 - INFO - Task 3 Iter 230/600 | lr=0.000340845 | acc=0.9730 | pos_cos=0.269665 | neg_cos=0.234436 | ref_L2=0.000043 | ref_cos=0.988986 | ref_KL=0.007925
2025-10-01 21:12:54,425 - INFO - Task 1 Iter 960/1200 | lr=9.7166e-06 | acc=0.9868 | pos_cos=0.266250 | neg_cos=0.204758 | ref_L2=0.000009 | ref_cos=0.997747 | ref_KL=0.001210
2025-10-01 21:12:55,149 - INFO - Task 1 Iter 960/1200 | lr=4.82215e-05 | acc=1.0000 | pos_cos=0.264044 | neg_cos=0.204035 | ref_L2=0.000026 | ref_cos=0.993267 | ref_KL=0.002795
2025-10-01 21:12:55,515 - INFO - Task 3 Iter 240/600 | lr=0.000328532 | acc=0.9733 | pos_cos=0.269132 | neg_cos=0.233714 | ref_L2=0.000042 | ref_cos=0.989198 | ref_KL=0.008134
2025-10-01 21:12:57,320 - INFO - Task 3 Iter 250/600 | lr=0.000316005 | acc=0.9831 | pos_cos=0.270413 | neg_cos=0.235745 | ref_L2=0.000043 | ref_cos=0.989109 | ref_KL=0.006334
2025-10-01 21:12:57,821 - INFO - Task 1 Iter 970/1200 | lr=8.95911e-06 | acc=0.9877 | pos_cos=0.266618 | neg_cos=0.204605 | ref_L2=0.000009 | ref_cos=0.997763 | ref_KL=0.001139
2025-10-01 21:12:58,721 - INFO - Task 1 Iter 970/1200 | lr=4.4431e-05 | acc=1.0000 | pos_cos=0.263607 | neg_cos=0.203821 | ref_L2=0.000027 | ref_cos=0.993147 | ref_KL=0.003361
2025-10-01 21:12:59,586 - INFO - Task 1 Iter 980/1200 | lr=8.22977e-06 | acc=0.9869 | pos_cos=0.265976 | neg_cos=0.204382 | ref_L2=0.000009 | ref_cos=0.997641 | ref_KL=0.001068
2025-10-01 21:13:00,006 - INFO - Task 3 Iter 260/600 | lr=0.000303297 | acc=0.9871 | pos_cos=0.271522 | neg_cos=0.235842 | ref_L2=0.000042 | ref_cos=0.989334 | ref_KL=0.007022
2025-10-01 21:13:00,516 - INFO - Task 1 Iter 980/1200 | lr=4.07814e-05 | acc=1.0000 | pos_cos=0.263638 | neg_cos=0.203745 | ref_L2=0.000027 | ref_cos=0.992979 | ref_KL=0.002973
2025-10-01 21:13:01,571 - INFO - Task 1 Iter 990/1200 | lr=7.5291e-06 | acc=0.9871 | pos_cos=0.266358 | neg_cos=0.204909 | ref_L2=0.000009 | ref_cos=0.997579 | ref_KL=0.001136
2025-10-01 21:13:02,298 - INFO - Task 3 Iter 270/600 | lr=0.000290443 | acc=0.9918 | pos_cos=0.269024 | neg_cos=0.233854 | ref_L2=0.000041 | ref_cos=0.989498 | ref_KL=0.005443
2025-10-01 21:13:02,799 - INFO - Task 1 Iter 990/1200 | lr=3.72752e-05 | acc=1.0000 | pos_cos=0.263859 | neg_cos=0.204037 | ref_L2=0.000027 | ref_cos=0.992977 | ref_KL=0.002992
2025-10-01 21:13:03,464 - INFO - Task 1 Iter 1000/1200 | lr=6.85756e-06 | acc=0.9873 | pos_cos=0.266903 | neg_cos=0.204964 | ref_L2=0.000009 | ref_cos=0.997769 | ref_KL=0.001058
2025-10-01 21:13:04,521 - INFO - Task 3 Iter 280/600 | lr=0.000277478 | acc=0.9912 | pos_cos=0.270311 | neg_cos=0.234644 | ref_L2=0.000041 | ref_cos=0.989438 | ref_KL=0.006039
2025-10-01 21:13:04,804 - INFO - Task 1 Iter 1000/1200 | lr=3.39149e-05 | acc=1.0000 | pos_cos=0.264118 | neg_cos=0.204402 | ref_L2=0.000027 | ref_cos=0.993176 | ref_KL=0.003264
2025-10-01 21:13:05,516 - INFO - Task 1 Iter 1010/1200 | lr=6.21563e-06 | acc=0.9871 | pos_cos=0.266294 | neg_cos=0.204558 | ref_L2=0.000008 | ref_cos=0.997945 | ref_KL=0.000954
2025-10-01 21:13:06,508 - INFO - Task 3 Iter 290/600 | lr=0.000264438 | acc=0.9836 | pos_cos=0.268936 | neg_cos=0.233802 | ref_L2=0.000041 | ref_cos=0.989394 | ref_KL=0.005645
2025-10-01 21:13:07,165 - INFO - Task 1 Iter 1010/1200 | lr=3.07027e-05 | acc=1.0000 | pos_cos=0.263507 | neg_cos=0.203634 | ref_L2=0.000026 | ref_cos=0.993383 | ref_KL=0.002940
2025-10-01 21:13:07,636 - INFO - Task 1 Iter 1020/1200 | lr=5.60374e-06 | acc=0.9879 | pos_cos=0.267135 | neg_cos=0.205435 | ref_L2=0.000008 | ref_cos=0.997867 | ref_KL=0.000945
2025-10-01 21:13:08,505 - INFO - Task 3 Iter 300/600 | lr=0.000251359 | acc=0.9870 | pos_cos=0.267534 | neg_cos=0.232228 | ref_L2=0.000042 | ref_cos=0.989253 | ref_KL=0.006287
2025-10-01 21:13:09,264 - INFO - Task 1 Iter 1020/1200 | lr=2.76408e-05 | acc=1.0000 | pos_cos=0.264413 | neg_cos=0.204541 | ref_L2=0.000027 | ref_cos=0.993155 | ref_KL=0.002715
2025-10-01 21:13:10,362 - INFO - Task 3 Iter 310/600 | lr=0.000238276 | acc=0.9840 | pos_cos=0.267494 | neg_cos=0.232062 | ref_L2=0.000041 | ref_cos=0.989419 | ref_KL=0.006988
2025-10-01 21:13:10,399 - INFO - Task 1 Iter 1030/1200 | lr=5.02232e-06 | acc=0.9937 | pos_cos=0.266479 | neg_cos=0.205014 | ref_L2=0.000009 | ref_cos=0.997679 | ref_KL=0.001091
2025-10-01 21:13:12,067 - INFO - Task 1 Iter 1030/1200 | lr=2.47313e-05 | acc=1.0000 | pos_cos=0.264312 | neg_cos=0.204547 | ref_L2=0.000027 | ref_cos=0.993043 | ref_KL=0.002898
2025-10-01 21:13:12,213 - INFO - Task 1 Iter 1040/1200 | lr=4.47175e-06 | acc=0.9891 | pos_cos=0.266420 | neg_cos=0.205034 | ref_L2=0.000009 | ref_cos=0.997695 | ref_KL=0.001024
2025-10-01 21:13:12,765 - INFO - Task 3 Iter 320/600 | lr=0.000225225 | acc=0.9919 | pos_cos=0.268251 | neg_cos=0.233111 | ref_L2=0.000041 | ref_cos=0.989623 | ref_KL=0.006691
2025-10-01 21:13:13,857 - INFO - Task 1 Iter 1040/1200 | lr=2.19763e-05 | acc=1.0000 | pos_cos=0.264070 | neg_cos=0.204217 | ref_L2=0.000026 | ref_cos=0.993262 | ref_KL=0.002822
2025-10-01 21:13:14,083 - INFO - Task 1 Iter 1050/1200 | lr=3.95242e-06 | acc=0.9885 | pos_cos=0.266689 | neg_cos=0.205154 | ref_L2=0.000009 | ref_cos=0.997793 | ref_KL=0.000996
2025-10-01 21:13:15,272 - INFO - Task 3 Iter 330/600 | lr=0.000212242 | acc=0.9953 | pos_cos=0.268849 | neg_cos=0.233491 | ref_L2=0.000041 | ref_cos=0.989505 | ref_KL=0.005747
2025-10-01 21:13:15,515 - INFO - Task 1 Iter 1050/1200 | lr=1.93775e-05 | acc=1.0000 | pos_cos=0.264204 | neg_cos=0.204378 | ref_L2=0.000026 | ref_cos=0.993243 | ref_KL=0.002683
2025-10-01 21:13:16,962 - INFO - Task 3 Iter 340/600 | lr=0.000199363 | acc=0.9919 | pos_cos=0.267735 | neg_cos=0.232408 | ref_L2=0.000041 | ref_cos=0.989424 | ref_KL=0.006134
2025-10-01 21:13:17,039 - INFO - Task 1 Iter 1060/1200 | lr=3.46468e-06 | acc=0.9904 | pos_cos=0.266341 | neg_cos=0.205117 | ref_L2=0.000009 | ref_cos=0.997795 | ref_KL=0.001000
2025-10-01 21:13:17,792 - INFO - Task 1 Iter 1060/1200 | lr=1.69369e-05 | acc=1.0000 | pos_cos=0.264066 | neg_cos=0.204223 | ref_L2=0.000026 | ref_cos=0.993234 | ref_KL=0.002545
2025-10-01 21:13:18,795 - INFO - Task 3 Iter 350/600 | lr=0.000186623 | acc=0.9972 | pos_cos=0.266554 | neg_cos=0.231463 | ref_L2=0.000040 | ref_cos=0.989636 | ref_KL=0.005922
2025-10-01 21:13:19,410 - INFO - Task 1 Iter 1070/1200 | lr=3.00887e-06 | acc=0.9950 | pos_cos=0.266737 | neg_cos=0.205039 | ref_L2=0.000009 | ref_cos=0.997780 | ref_KL=0.001018
2025-10-01 21:13:19,978 - INFO - Task 1 Iter 1070/1200 | lr=1.4656e-05 | acc=1.0000 | pos_cos=0.264111 | neg_cos=0.204246 | ref_L2=0.000027 | ref_cos=0.993066 | ref_KL=0.002701
2025-10-01 21:13:20,889 - INFO - Task 3 Iter 360/600 | lr=0.000174057 | acc=0.9934 | pos_cos=0.266982 | neg_cos=0.231528 | ref_L2=0.000039 | ref_cos=0.989993 | ref_KL=0.006481
2025-10-01 21:13:21,604 - INFO - Task 1 Iter 1080/1200 | lr=2.5853e-06 | acc=0.9964 | pos_cos=0.266582 | neg_cos=0.204959 | ref_L2=0.000010 | ref_cos=0.997407 | ref_KL=0.001089
2025-10-01 21:13:21,822 - INFO - Task 1 Iter 1080/1200 | lr=1.25364e-05 | acc=1.0000 | pos_cos=0.263972 | neg_cos=0.204210 | ref_L2=0.000029 | ref_cos=0.992585 | ref_KL=0.002947
2025-10-01 21:13:23,201 - INFO - Task 3 Iter 370/600 | lr=0.000161699 | acc=0.9917 | pos_cos=0.265573 | neg_cos=0.230364 | ref_L2=0.000040 | ref_cos=0.989882 | ref_KL=0.005522
2025-10-01 21:13:24,023 - INFO - Task 1 Iter 1090/1200 | lr=2.19426e-06 | acc=0.9898 | pos_cos=0.266548 | neg_cos=0.204893 | ref_L2=0.000009 | ref_cos=0.997656 | ref_KL=0.001070
2025-10-01 21:13:24,503 - INFO - Task 1 Iter 1090/1200 | lr=1.05797e-05 | acc=1.0000 | pos_cos=0.263955 | neg_cos=0.204168 | ref_L2=0.000028 | ref_cos=0.992949 | ref_KL=0.003189
2025-10-01 21:13:25,258 - INFO - Task 3 Iter 380/600 | lr=0.000149583 | acc=0.9943 | pos_cos=0.266622 | neg_cos=0.231073 | ref_L2=0.000039 | ref_cos=0.989898 | ref_KL=0.005211
2025-10-01 21:13:25,848 - INFO - Task 1 Iter 1100/1200 | lr=1.83602e-06 | acc=0.9882 | pos_cos=0.266384 | neg_cos=0.204847 | ref_L2=0.000009 | ref_cos=0.997798 | ref_KL=0.001131
2025-10-01 21:13:26,403 - INFO - Task 1 Iter 1100/1200 | lr=8.78703e-06 | acc=1.0000 | pos_cos=0.263829 | neg_cos=0.204072 | ref_L2=0.000027 | ref_cos=0.993033 | ref_KL=0.002777
2025-10-01 21:13:27,670 - INFO - Task 1 Iter 1110/1200 | lr=1.51082e-06 | acc=0.9822 | pos_cos=0.266856 | neg_cos=0.205090 | ref_L2=0.000008 | ref_cos=0.997857 | ref_KL=0.000931
2025-10-01 21:13:28,174 - INFO - Task 3 Iter 390/600 | lr=0.000137743 | acc=0.9921 | pos_cos=0.266241 | neg_cos=0.230993 | ref_L2=0.000040 | ref_cos=0.989820 | ref_KL=0.005461
2025-10-01 21:13:28,253 - INFO - Task 1 Iter 1110/1200 | lr=7.15973e-06 | acc=1.0000 | pos_cos=0.263924 | neg_cos=0.204187 | ref_L2=0.000026 | ref_cos=0.993262 | ref_KL=0.002456
2025-10-01 21:13:29,400 - INFO - Task 1 Iter 1120/1200 | lr=1.21888e-06 | acc=0.9885 | pos_cos=0.266824 | neg_cos=0.205133 | ref_L2=0.000009 | ref_cos=0.997697 | ref_KL=0.001017
2025-10-01 21:13:30,067 - INFO - Task 1 Iter 1120/1200 | lr=5.6989e-06 | acc=1.0000 | pos_cos=0.264208 | neg_cos=0.204394 | ref_L2=0.000027 | ref_cos=0.993061 | ref_KL=0.002749
2025-10-01 21:13:30,451 - INFO - Task 3 Iter 400/600 | lr=0.00012621 | acc=0.9952 | pos_cos=0.265781 | neg_cos=0.230434 | ref_L2=0.000041 | ref_cos=0.989615 | ref_KL=0.005277
2025-10-01 21:13:31,194 - INFO - Task 1 Iter 1130/1200 | lr=9.60416e-07 | acc=0.9894 | pos_cos=0.266744 | neg_cos=0.204868 | ref_L2=0.000009 | ref_cos=0.997608 | ref_KL=0.001066
2025-10-01 21:13:31,986 - INFO - Task 1 Iter 1130/1200 | lr=4.40553e-06 | acc=1.0000 | pos_cos=0.263726 | neg_cos=0.203757 | ref_L2=0.000027 | ref_cos=0.993002 | ref_KL=0.002664
2025-10-01 21:13:32,489 - INFO - Task 3 Iter 410/600 | lr=0.000115017 | acc=0.9929 | pos_cos=0.265671 | neg_cos=0.230531 | ref_L2=0.000039 | ref_cos=0.989959 | ref_KL=0.004807
2025-10-01 21:13:32,912 - INFO - Task 1 Iter 1140/1200 | lr=7.35593e-07 | acc=0.9912 | pos_cos=0.266580 | neg_cos=0.204578 | ref_L2=0.000010 | ref_cos=0.997477 | ref_KL=0.001085
2025-10-01 21:13:34,436 - INFO - Task 1 Iter 1140/1200 | lr=3.28051e-06 | acc=1.0000 | pos_cos=0.264023 | neg_cos=0.204188 | ref_L2=0.000028 | ref_cos=0.992766 | ref_KL=0.002594
2025-10-01 21:13:34,629 - INFO - Task 3 Iter 420/600 | lr=0.000104194 | acc=0.9895 | pos_cos=0.264681 | neg_cos=0.229475 | ref_L2=0.000040 | ref_cos=0.989825 | ref_KL=0.005249
2025-10-01 21:13:34,692 - INFO - Task 1 Iter 1150/1200 | lr=5.44568e-07 | acc=0.9888 | pos_cos=0.266800 | neg_cos=0.205059 | ref_L2=0.000009 | ref_cos=0.997722 | ref_KL=0.000976
2025-10-01 21:13:36,388 - INFO - Task 1 Iter 1150/1200 | lr=2.32462e-06 | acc=1.0000 | pos_cos=0.264434 | neg_cos=0.204558 | ref_L2=0.000027 | ref_cos=0.993078 | ref_KL=0.002606
2025-10-01 21:13:36,448 - INFO - Task 3 Iter 430/600 | lr=9.37706e-05 | acc=0.9943 | pos_cos=0.264599 | neg_cos=0.229112 | ref_L2=0.000039 | ref_cos=0.990138 | ref_KL=0.004676
2025-10-01 21:13:38,047 - INFO - Task 1 Iter 1160/1200 | lr=3.87471e-07 | acc=0.9870 | pos_cos=0.266630 | neg_cos=0.205076 | ref_L2=0.000009 | ref_cos=0.997794 | ref_KL=0.001215
2025-10-01 21:13:38,182 - INFO - Task 3 Iter 440/600 | lr=8.37757e-05 | acc=0.9929 | pos_cos=0.262175 | neg_cos=0.226983 | ref_L2=0.000040 | ref_cos=0.989761 | ref_KL=0.004277
2025-10-01 21:13:39,946 - INFO - Task 1 Iter 1160/1200 | lr=1.5385e-06 | acc=1.0000 | pos_cos=0.264023 | neg_cos=0.204311 | ref_L2=0.000026 | ref_cos=0.993307 | ref_KL=0.002643
2025-10-01 21:13:40,148 - INFO - Task 1 Iter 1170/1200 | lr=2.6441e-07 | acc=0.9914 | pos_cos=0.266843 | neg_cos=0.204936 | ref_L2=0.000008 | ref_cos=0.997826 | ref_KL=0.001067
2025-10-01 21:13:40,543 - INFO - Task 3 Iter 450/600 | lr=7.42365e-05 | acc=0.9955 | pos_cos=0.263569 | neg_cos=0.227987 | ref_L2=0.000038 | ref_cos=0.990195 | ref_KL=0.004422
2025-10-01 21:13:41,822 - INFO - Task 1 Iter 1170/1200 | lr=9.22707e-07 | acc=1.0000 | pos_cos=0.263777 | neg_cos=0.203835 | ref_L2=0.000026 | ref_cos=0.993218 | ref_KL=0.002493
2025-10-01 21:13:42,034 - INFO - Task 1 Iter 1180/1200 | lr=1.7547e-07 | acc=0.9928 | pos_cos=0.266816 | neg_cos=0.204984 | ref_L2=0.000009 | ref_cos=0.997815 | ref_KL=0.001058
2025-10-01 21:13:42,623 - INFO - Task 3 Iter 460/600 | lr=6.51792e-05 | acc=0.9936 | pos_cos=0.265117 | neg_cos=0.229892 | ref_L2=0.000039 | ref_cos=0.990046 | ref_KL=0.004438
2025-10-01 21:13:43,967 - INFO - Task 1 Iter 1190/1200 | lr=1.20711e-07 | acc=0.9954 | pos_cos=0.266767 | neg_cos=0.205024 | ref_L2=0.000008 | ref_cos=0.997825 | ref_KL=0.001145
2025-10-01 21:13:44,297 - INFO - Task 1 Iter 1180/1200 | lr=4.7765e-07 | acc=1.0000 | pos_cos=0.263909 | neg_cos=0.204072 | ref_L2=0.000027 | ref_cos=0.993092 | ref_KL=0.002864
2025-10-01 21:13:44,364 - INFO - Task 3 Iter 470/600 | lr=5.66286e-05 | acc=0.9966 | pos_cos=0.264636 | neg_cos=0.229213 | ref_L2=0.000039 | ref_cos=0.990116 | ref_KL=0.004887
2025-10-01 21:13:45,891 - INFO - Task 1 Iter 1200/1200 | lr=1.00171e-07 | acc=0.9945 | pos_cos=0.266460 | neg_cos=0.204814 | ref_L2=0.000009 | ref_cos=0.997709 | ref_KL=0.001181
2025-10-01 21:13:46,074 - INFO - Task 1 finished | total: 260.72 s | train: 260.54 s | drift: 0.00 s
2025-10-01 21:13:46,137 - INFO - Task 1 Iter 1190/1200 | lr=2.03637e-07 | acc=1.0000 | pos_cos=0.263860 | neg_cos=0.204104 | ref_L2=0.000026 | ref_cos=0.993287 | ref_KL=0.002882
2025-10-01 21:13:46,824 - INFO - Task 3 Iter 480/600 | lr=4.86082e-05 | acc=0.9949 | pos_cos=0.264878 | neg_cos=0.229405 | ref_L2=0.000039 | ref_cos=0.990085 | ref_KL=0.004643
2025-10-01 21:13:47,867 - INFO - Task 1 Iter 1200/1200 | lr=1.00857e-07 | acc=1.0000 | pos_cos=0.264186 | neg_cos=0.204441 | ref_L2=0.000027 | ref_cos=0.993043 | ref_KL=0.003264
2025-10-01 21:13:48,057 - INFO - Task 1 finished | total: 254.86 s | train: 254.67 s | drift: 0.00 s
2025-10-01 21:13:48,609 - INFO - Task 3 Iter 490/600 | lr=4.114e-05 | acc=0.9941 | pos_cos=0.265443 | neg_cos=0.230158 | ref_L2=0.000041 | ref_cos=0.989574 | ref_KL=0.004986
2025-10-01 21:13:50,351 - INFO - Task 3 Iter 500/600 | lr=3.42443e-05 | acc=0.9896 | pos_cos=0.264863 | neg_cos=0.229501 | ref_L2=0.000039 | ref_cos=0.990084 | ref_KL=0.004849
2025-10-01 21:13:52,053 - INFO - Task 3 Iter 510/600 | lr=2.79401e-05 | acc=0.9964 | pos_cos=0.264555 | neg_cos=0.228983 | ref_L2=0.000038 | ref_cos=0.990158 | ref_KL=0.004645
2025-10-01 21:13:54,446 - INFO - Task 3 Iter 520/600 | lr=2.22448e-05 | acc=0.9974 | pos_cos=0.265479 | neg_cos=0.230363 | ref_L2=0.000038 | ref_cos=0.990359 | ref_KL=0.005231
2025-10-01 21:13:56,134 - INFO - Task 3 Iter 530/600 | lr=1.71738e-05 | acc=0.9991 | pos_cos=0.264162 | neg_cos=0.228900 | ref_L2=0.000039 | ref_cos=0.990037 | ref_KL=0.005269
2025-10-01 21:13:56,796 - INFO - Starting task 3/8: dtd (train=1880, test=1880, classes=47)
2025-10-01 21:13:57,847 - INFO - Task 3 Iter 540/600 | lr=1.27411e-05 | acc=0.9983 | pos_cos=0.263752 | neg_cos=0.228476 | ref_L2=0.000040 | ref_cos=0.989820 | ref_KL=0.005479
2025-10-01 21:13:58,715 - INFO - Starting task 3/8: dtd (train=1880, test=1880, classes=47)
2025-10-01 21:13:59,734 - INFO - Task 3 Iter 550/600 | lr=8.95887e-06 | acc=0.9974 | pos_cos=0.263885 | neg_cos=0.228621 | ref_L2=0.000039 | ref_cos=0.990039 | ref_KL=0.004955
2025-10-01 21:13:59,798 - INFO - Task 2 Iter 10/1200 | lr=9.99861e-05 | acc=0.6758 | pos_cos=0.274831 | neg_cos=0.232742 | ref_L2=0.000008 | ref_cos=0.997834 | ref_KL=0.001084
2025-10-01 21:14:01,737 - INFO - Task 2 Iter 20/1200 | lr=9.99382e-05 | acc=0.5411 | pos_cos=0.277847 | neg_cos=0.242936 | ref_L2=0.000009 | ref_cos=0.997655 | ref_KL=0.001300
2025-10-01 21:14:01,966 - INFO - Task 3 Iter 560/600 | lr=5.83746e-06 | acc=0.9974 | pos_cos=0.263271 | neg_cos=0.227941 | ref_L2=0.000039 | ref_cos=0.990140 | ref_KL=0.004760
2025-10-01 21:14:02,262 - INFO - Task 2 Iter 10/1200 | lr=0.000499931 | acc=0.6800 | pos_cos=0.271656 | neg_cos=0.229170 | ref_L2=0.000029 | ref_cos=0.992482 | ref_KL=0.003603
2025-10-01 21:14:03,794 - INFO - Task 2 Iter 30/1200 | lr=9.98561e-05 | acc=0.5064 | pos_cos=0.277114 | neg_cos=0.243253 | ref_L2=0.000010 | ref_cos=0.997333 | ref_KL=0.001471
2025-10-01 21:14:04,356 - INFO - Task 3 Iter 570/600 | lr=3.38541e-06 | acc=0.9978 | pos_cos=0.265055 | neg_cos=0.229873 | ref_L2=0.000039 | ref_cos=0.990045 | ref_KL=0.004337
2025-10-01 21:14:04,386 - INFO - Task 2 Iter 20/1200 | lr=0.000499691 | acc=0.5711 | pos_cos=0.274375 | neg_cos=0.235776 | ref_L2=0.000038 | ref_cos=0.990394 | ref_KL=0.006937
2025-10-01 21:14:05,688 - INFO - Task 2 Iter 40/1200 | lr=9.97399e-05 | acc=0.5093 | pos_cos=0.278460 | neg_cos=0.243923 | ref_L2=0.000010 | ref_cos=0.997475 | ref_KL=0.001931
2025-10-01 21:14:06,426 - INFO - Task 2 Iter 30/1200 | lr=0.00049928 | acc=0.5153 | pos_cos=0.274872 | neg_cos=0.236446 | ref_L2=0.000042 | ref_cos=0.989304 | ref_KL=0.008276
2025-10-01 21:14:07,607 - INFO - Task 2 Iter 50/1200 | lr=9.95896e-05 | acc=0.4762 | pos_cos=0.275598 | neg_cos=0.241841 | ref_L2=0.000010 | ref_cos=0.997375 | ref_KL=0.001885
2025-10-01 21:14:07,722 - INFO - Task 3 Iter 580/600 | lr=1.60946e-06 | acc=0.9974 | pos_cos=0.264287 | neg_cos=0.229096 | ref_L2=0.000038 | ref_cos=0.990154 | ref_KL=0.004397
2025-10-01 21:14:08,331 - INFO - Task 2 Iter 40/1200 | lr=0.000498698 | acc=0.5551 | pos_cos=0.275331 | neg_cos=0.235484 | ref_L2=0.000041 | ref_cos=0.989516 | ref_KL=0.008914
2025-10-01 21:14:09,745 - INFO - Task 3 Iter 590/600 | lr=5.14463e-07 | acc=0.9907 | pos_cos=0.264002 | neg_cos=0.228820 | ref_L2=0.000039 | ref_cos=0.989976 | ref_KL=0.004581
2025-10-01 21:14:10,338 - INFO - Task 2 Iter 50/1200 | lr=0.000497946 | acc=0.5699 | pos_cos=0.273878 | neg_cos=0.233598 | ref_L2=0.000043 | ref_cos=0.988890 | ref_KL=0.009960
2025-10-01 21:14:10,840 - INFO - Task 2 Iter 60/1200 | lr=9.94053e-05 | acc=0.4905 | pos_cos=0.274613 | neg_cos=0.241207 | ref_L2=0.000010 | ref_cos=0.997322 | ref_KL=0.002210
2025-10-01 21:14:11,830 - INFO - Task 3 Iter 600/600 | lr=1.03426e-07 | acc=0.9968 | pos_cos=0.263460 | neg_cos=0.228248 | ref_L2=0.000039 | ref_cos=0.990127 | ref_KL=0.004209
2025-10-01 21:14:12,030 - INFO - Task 3 finished | total: 127.60 s | train: 127.40 s | drift: 0.00 s
2025-10-01 21:14:12,881 - INFO - Task 2 Iter 60/1200 | lr=0.000497024 | acc=0.5968 | pos_cos=0.275317 | neg_cos=0.234774 | ref_L2=0.000045 | ref_cos=0.988390 | ref_KL=0.012802
2025-10-01 21:14:13,737 - INFO - Task 2 Iter 70/1200 | lr=9.91872e-05 | acc=0.4824 | pos_cos=0.274775 | neg_cos=0.240091 | ref_L2=0.000011 | ref_cos=0.997300 | ref_KL=0.002032
2025-10-01 21:14:15,217 - INFO - Task 2 Iter 70/1200 | lr=0.000495933 | acc=0.6906 | pos_cos=0.278529 | neg_cos=0.234556 | ref_L2=0.000046 | ref_cos=0.988303 | ref_KL=0.011429
2025-10-01 21:14:15,517 - INFO - Task 2 Iter 80/1200 | lr=9.89355e-05 | acc=0.5705 | pos_cos=0.276276 | neg_cos=0.239248 | ref_L2=0.000011 | ref_cos=0.997113 | ref_KL=0.001842
2025-10-01 21:14:16,991 - INFO - Task 2 Iter 80/1200 | lr=0.000494673 | acc=0.7930 | pos_cos=0.280730 | neg_cos=0.231582 | ref_L2=0.000047 | ref_cos=0.987928 | ref_KL=0.008951
2025-10-01 21:14:17,226 - INFO - Task 2 Iter 90/1200 | lr=9.86502e-05 | acc=0.5368 | pos_cos=0.276816 | neg_cos=0.239315 | ref_L2=0.000013 | ref_cos=0.996659 | ref_KL=0.002406
2025-10-01 21:14:18,655 - INFO - Task 2 Iter 90/1200 | lr=0.000493246 | acc=0.8180 | pos_cos=0.280250 | neg_cos=0.229630 | ref_L2=0.000050 | ref_cos=0.987206 | ref_KL=0.009746
2025-10-01 21:14:19,145 - INFO - Task 2 Iter 100/1200 | lr=9.83317e-05 | acc=0.5209 | pos_cos=0.275982 | neg_cos=0.237648 | ref_L2=0.000013 | ref_cos=0.996799 | ref_KL=0.002589
2025-10-01 21:14:20,330 - INFO - Task 2 Iter 100/1200 | lr=0.000491652 | acc=0.7907 | pos_cos=0.280954 | neg_cos=0.230194 | ref_L2=0.000047 | ref_cos=0.987940 | ref_KL=0.008878
2025-10-01 21:14:21,117 - INFO - Task 2 Iter 110/1200 | lr=9.798e-05 | acc=0.5593 | pos_cos=0.276897 | neg_cos=0.236665 | ref_L2=0.000013 | ref_cos=0.996621 | ref_KL=0.002530
2025-10-01 21:14:22,047 - INFO - Task 2 Iter 110/1200 | lr=0.000489892 | acc=0.8082 | pos_cos=0.281497 | neg_cos=0.230506 | ref_L2=0.000048 | ref_cos=0.987680 | ref_KL=0.009088
2025-10-01 21:14:23,788 - INFO - Task 2 Iter 120/1200 | lr=9.75955e-05 | acc=0.5561 | pos_cos=0.275545 | neg_cos=0.234963 | ref_L2=0.000013 | ref_cos=0.996625 | ref_KL=0.002660
2025-10-01 21:14:24,646 - INFO - Task 2 Iter 120/1200 | lr=0.000487968 | acc=0.8277 | pos_cos=0.280028 | neg_cos=0.228467 | ref_L2=0.000049 | ref_cos=0.987563 | ref_KL=0.009629
2025-10-01 21:14:26,163 - INFO - Task 2 Iter 130/1200 | lr=9.71784e-05 | acc=0.5855 | pos_cos=0.275377 | neg_cos=0.234913 | ref_L2=0.000013 | ref_cos=0.996545 | ref_KL=0.002990
2025-10-01 21:14:27,151 - INFO - Task 2 Iter 130/1200 | lr=0.000485881 | acc=0.9005 | pos_cos=0.281393 | neg_cos=0.228787 | ref_L2=0.000048 | ref_cos=0.987736 | ref_KL=0.008681
2025-10-01 21:14:27,943 - INFO - Task 2 Iter 140/1200 | lr=9.6729e-05 | acc=0.5966 | pos_cos=0.275241 | neg_cos=0.234213 | ref_L2=0.000014 | ref_cos=0.996375 | ref_KL=0.002724
2025-10-01 21:14:29,238 - INFO - Task 2 Iter 140/1200 | lr=0.000483632 | acc=0.9244 | pos_cos=0.282958 | neg_cos=0.229338 | ref_L2=0.000050 | ref_cos=0.987117 | ref_KL=0.007823
2025-10-01 21:14:29,765 - INFO - Task 2 Iter 150/1200 | lr=9.62477e-05 | acc=0.6146 | pos_cos=0.278637 | neg_cos=0.236699 | ref_L2=0.000015 | ref_cos=0.996184 | ref_KL=0.002565
2025-10-01 21:14:29,847 - INFO - Starting task 5/8: oxford_flower102 (train=1020, test=6149, classes=102)
2025-10-01 21:14:31,368 - INFO - Task 2 Iter 150/1200 | lr=0.000481223 | acc=0.9510 | pos_cos=0.285047 | neg_cos=0.230825 | ref_L2=0.000052 | ref_cos=0.986794 | ref_KL=0.008081
2025-10-01 21:14:31,718 - INFO - Task 2 Iter 160/1200 | lr=9.57346e-05 | acc=0.6257 | pos_cos=0.277720 | neg_cos=0.234735 | ref_L2=0.000017 | ref_cos=0.995604 | ref_KL=0.003091
2025-10-01 21:14:33,542 - INFO - Task 2 Iter 160/1200 | lr=0.000478656 | acc=0.9575 | pos_cos=0.283729 | neg_cos=0.227725 | ref_L2=0.000055 | ref_cos=0.985857 | ref_KL=0.009648
2025-10-01 21:14:33,744 - INFO - Task 2 Iter 170/1200 | lr=9.51903e-05 | acc=0.6253 | pos_cos=0.276939 | neg_cos=0.233967 | ref_L2=0.000017 | ref_cos=0.995552 | ref_KL=0.002718
2025-10-01 21:14:33,845 - INFO - Task 4 Iter 10/600 | lr=0.000499723 | acc=0.7717 | pos_cos=0.278726 | neg_cos=0.224125 | ref_L2=0.000039 | ref_cos=0.989981 | ref_KL=0.005101
2025-10-01 21:14:35,662 - INFO - Task 2 Iter 170/1200 | lr=0.000475932 | acc=0.9532 | pos_cos=0.283190 | neg_cos=0.228435 | ref_L2=0.000054 | ref_cos=0.986164 | ref_KL=0.008964
2025-10-01 21:14:35,839 - INFO - Task 4 Iter 20/600 | lr=0.000498764 | acc=0.7129 | pos_cos=0.274970 | neg_cos=0.216459 | ref_L2=0.000042 | ref_cos=0.989243 | ref_KL=0.006279
2025-10-01 21:14:36,537 - INFO - Task 2 Iter 180/1200 | lr=9.4615e-05 | acc=0.6490 | pos_cos=0.275723 | neg_cos=0.232342 | ref_L2=0.000017 | ref_cos=0.995593 | ref_KL=0.003803
2025-10-01 21:14:37,716 - INFO - Task 4 Iter 30/600 | lr=0.000497124 | acc=0.7246 | pos_cos=0.277674 | neg_cos=0.216212 | ref_L2=0.000044 | ref_cos=0.988615 | ref_KL=0.008132
2025-10-01 21:14:38,393 - INFO - Task 2 Iter 180/1200 | lr=0.000473053 | acc=0.9463 | pos_cos=0.283186 | neg_cos=0.228596 | ref_L2=0.000052 | ref_cos=0.986639 | ref_KL=0.010256
2025-10-01 21:14:38,432 - INFO - Task 2 Iter 190/1200 | lr=9.40092e-05 | acc=0.6826 | pos_cos=0.276349 | neg_cos=0.231394 | ref_L2=0.000016 | ref_cos=0.995934 | ref_KL=0.003683
2025-10-01 21:14:40,205 - INFO - Task 2 Iter 190/1200 | lr=0.000470022 | acc=0.9705 | pos_cos=0.282244 | neg_cos=0.226793 | ref_L2=0.000049 | ref_cos=0.987394 | ref_KL=0.009751
2025-10-01 21:14:40,665 - INFO - Task 4 Iter 40/600 | lr=0.000494807 | acc=0.7866 | pos_cos=0.282416 | neg_cos=0.218347 | ref_L2=0.000047 | ref_cos=0.987866 | ref_KL=0.008866
2025-10-01 21:14:40,901 - INFO - Task 2 Iter 200/1200 | lr=9.33732e-05 | acc=0.6874 | pos_cos=0.277020 | neg_cos=0.230450 | ref_L2=0.000016 | ref_cos=0.995801 | ref_KL=0.003637
2025-10-01 21:14:42,665 - INFO - Task 2 Iter 210/1200 | lr=9.27076e-05 | acc=0.6965 | pos_cos=0.277040 | neg_cos=0.231414 | ref_L2=0.000018 | ref_cos=0.995269 | ref_KL=0.003271
2025-10-01 21:14:42,686 - INFO - Task 4 Iter 50/600 | lr=0.000491819 | acc=0.8601 | pos_cos=0.284225 | neg_cos=0.216344 | ref_L2=0.000049 | ref_cos=0.987581 | ref_KL=0.008594
2025-10-01 21:14:42,833 - INFO - Task 2 Iter 200/1200 | lr=0.000466839 | acc=0.9748 | pos_cos=0.281088 | neg_cos=0.226484 | ref_L2=0.000051 | ref_cos=0.987054 | ref_KL=0.008938
2025-10-01 21:14:44,586 - INFO - Task 2 Iter 210/1200 | lr=0.000463509 | acc=0.9824 | pos_cos=0.283265 | neg_cos=0.228134 | ref_L2=0.000051 | ref_cos=0.986846 | ref_KL=0.008519
2025-10-01 21:14:44,672 - INFO - Task 2 Iter 220/1200 | lr=9.20127e-05 | acc=0.6891 | pos_cos=0.279104 | neg_cos=0.232300 | ref_L2=0.000018 | ref_cos=0.995471 | ref_KL=0.003402
2025-10-01 21:14:44,911 - INFO - Task 4 Iter 60/600 | lr=0.000488168 | acc=0.8900 | pos_cos=0.284820 | neg_cos=0.217538 | ref_L2=0.000050 | ref_cos=0.987207 | ref_KL=0.009721
2025-10-01 21:14:46,607 - INFO - Task 2 Iter 220/1200 | lr=0.000460031 | acc=0.9887 | pos_cos=0.283583 | neg_cos=0.229391 | ref_L2=0.000050 | ref_cos=0.987175 | ref_KL=0.009013
2025-10-01 21:14:46,671 - INFO - Task 2 Iter 230/1200 | lr=9.1289e-05 | acc=0.7415 | pos_cos=0.278715 | neg_cos=0.232278 | ref_L2=0.000017 | ref_cos=0.995611 | ref_KL=0.003374
2025-10-01 21:14:48,452 - INFO - Task 2 Iter 230/1200 | lr=0.00045641 | acc=0.9900 | pos_cos=0.280955 | neg_cos=0.226381 | ref_L2=0.000049 | ref_cos=0.987349 | ref_KL=0.009133
2025-10-01 21:14:48,585 - INFO - Task 4 Iter 70/600 | lr=0.000483864 | acc=0.9334 | pos_cos=0.289204 | neg_cos=0.220986 | ref_L2=0.000048 | ref_cos=0.987684 | ref_KL=0.009113
2025-10-01 21:14:49,559 - INFO - Task 2 Iter 240/1200 | lr=9.05371e-05 | acc=0.7421 | pos_cos=0.278360 | neg_cos=0.230963 | ref_L2=0.000018 | ref_cos=0.995508 | ref_KL=0.003674
2025-10-01 21:14:50,328 - INFO - Task 4 Iter 80/600 | lr=0.00047892 | acc=0.9551 | pos_cos=0.291166 | neg_cos=0.222508 | ref_L2=0.000050 | ref_cos=0.987150 | ref_KL=0.008622
2025-10-01 21:14:51,384 - INFO - Task 2 Iter 240/1200 | lr=0.000452648 | acc=0.9947 | pos_cos=0.280270 | neg_cos=0.224871 | ref_L2=0.000050 | ref_cos=0.987154 | ref_KL=0.008519
2025-10-01 21:14:51,985 - INFO - Task 2 Iter 250/1200 | lr=8.97575e-05 | acc=0.7567 | pos_cos=0.277711 | neg_cos=0.229345 | ref_L2=0.000018 | ref_cos=0.995301 | ref_KL=0.003415
2025-10-01 21:14:52,096 - INFO - Task 4 Iter 90/600 | lr=0.000473348 | acc=0.9818 | pos_cos=0.290520 | neg_cos=0.222908 | ref_L2=0.000051 | ref_cos=0.986954 | ref_KL=0.010143
2025-10-01 21:14:53,326 - INFO - Task 2 Iter 250/1200 | lr=0.000448746 | acc=0.9956 | pos_cos=0.279891 | neg_cos=0.225241 | ref_L2=0.000051 | ref_cos=0.987019 | ref_KL=0.009370
2025-10-01 21:14:54,678 - INFO - Task 4 Iter 100/600 | lr=0.000467164 | acc=0.9920 | pos_cos=0.293228 | neg_cos=0.224279 | ref_L2=0.000051 | ref_cos=0.986936 | ref_KL=0.010846
2025-10-01 21:14:54,893 - INFO - Task 2 Iter 260/1200 | lr=8.89506e-05 | acc=0.7844 | pos_cos=0.278099 | neg_cos=0.229466 | ref_L2=0.000018 | ref_cos=0.995519 | ref_KL=0.003399
2025-10-01 21:14:55,866 - INFO - Task 2 Iter 260/1200 | lr=0.000444709 | acc=0.9985 | pos_cos=0.280307 | neg_cos=0.225936 | ref_L2=0.000048 | ref_cos=0.987613 | ref_KL=0.008109
2025-10-01 21:14:56,737 - INFO - Task 4 Iter 110/600 | lr=0.000460386 | acc=0.9972 | pos_cos=0.293815 | neg_cos=0.226312 | ref_L2=0.000051 | ref_cos=0.986972 | ref_KL=0.010070
2025-10-01 21:14:56,819 - INFO - Task 2 Iter 270/1200 | lr=8.81171e-05 | acc=0.7751 | pos_cos=0.277553 | neg_cos=0.227791 | ref_L2=0.000019 | ref_cos=0.995219 | ref_KL=0.004180
2025-10-01 21:14:57,861 - INFO - Task 2 Iter 270/1200 | lr=0.000440538 | acc=0.9995 | pos_cos=0.279685 | neg_cos=0.225389 | ref_L2=0.000049 | ref_cos=0.987544 | ref_KL=0.009125
2025-10-01 21:14:58,643 - INFO - Task 4 Iter 120/600 | lr=0.00045303 | acc=0.9990 | pos_cos=0.292904 | neg_cos=0.226212 | ref_L2=0.000052 | ref_cos=0.986696 | ref_KL=0.010080
2025-10-01 21:14:59,189 - INFO - Task 2 Iter 280/1200 | lr=8.72575e-05 | acc=0.7948 | pos_cos=0.277100 | neg_cos=0.226829 | ref_L2=0.000020 | ref_cos=0.994819 | ref_KL=0.003577
2025-10-01 21:14:59,629 - INFO - Task 2 Iter 280/1200 | lr=0.000436236 | acc=0.9998 | pos_cos=0.280019 | neg_cos=0.225521 | ref_L2=0.000049 | ref_cos=0.987367 | ref_KL=0.008396
2025-10-01 21:15:01,147 - INFO - Task 2 Iter 290/1200 | lr=8.63723e-05 | acc=0.7979 | pos_cos=0.275760 | neg_cos=0.225559 | ref_L2=0.000020 | ref_cos=0.994933 | ref_KL=0.003344
2025-10-01 21:15:01,377 - INFO - Task 2 Iter 290/1200 | lr=0.000431807 | acc=0.9971 | pos_cos=0.278632 | neg_cos=0.224435 | ref_L2=0.000050 | ref_cos=0.987319 | ref_KL=0.007842
2025-10-01 21:15:02,279 - INFO - Task 4 Iter 130/600 | lr=0.000445119 | acc=0.9997 | pos_cos=0.293779 | neg_cos=0.226888 | ref_L2=0.000053 | ref_cos=0.986522 | ref_KL=0.009878
2025-10-01 21:15:03,781 - INFO - Task 2 Iter 300/1200 | lr=8.54623e-05 | acc=0.8086 | pos_cos=0.277362 | neg_cos=0.226328 | ref_L2=0.000020 | ref_cos=0.994808 | ref_KL=0.003388
2025-10-01 21:15:04,074 - INFO - Task 2 Iter 300/1200 | lr=0.000427253 | acc=0.9946 | pos_cos=0.279619 | neg_cos=0.225199 | ref_L2=0.000051 | ref_cos=0.987026 | ref_KL=0.007575
2025-10-01 21:15:04,216 - INFO - Task 4 Iter 140/600 | lr=0.000436672 | acc=0.9999 | pos_cos=0.293049 | neg_cos=0.227001 | ref_L2=0.000053 | ref_cos=0.986479 | ref_KL=0.009843
2025-10-01 21:15:05,417 - INFO - Task 2 Iter 310/1200 | lr=8.4528e-05 | acc=0.8469 | pos_cos=0.277741 | neg_cos=0.225703 | ref_L2=0.000020 | ref_cos=0.994993 | ref_KL=0.003488
2025-10-01 21:15:06,307 - INFO - Task 4 Iter 150/600 | lr=0.000427714 | acc=1.0000 | pos_cos=0.293101 | neg_cos=0.227169 | ref_L2=0.000054 | ref_cos=0.986284 | ref_KL=0.010158
2025-10-01 21:15:06,331 - INFO - Task 2 Iter 310/1200 | lr=0.000422578 | acc=0.9981 | pos_cos=0.279679 | neg_cos=0.225802 | ref_L2=0.000050 | ref_cos=0.987264 | ref_KL=0.006978
2025-10-01 21:15:07,106 - INFO - Task 2 Iter 320/1200 | lr=8.35701e-05 | acc=0.8403 | pos_cos=0.275594 | neg_cos=0.223929 | ref_L2=0.000020 | ref_cos=0.994889 | ref_KL=0.004741
2025-10-01 21:15:08,372 - INFO - Task 2 Iter 320/1200 | lr=0.000417785 | acc=0.9993 | pos_cos=0.278765 | neg_cos=0.225136 | ref_L2=0.000050 | ref_cos=0.987209 | ref_KL=0.008751
2025-10-01 21:15:08,497 - INFO - Task 4 Iter 160/600 | lr=0.000418269 | acc=1.0000 | pos_cos=0.291503 | neg_cos=0.226058 | ref_L2=0.000051 | ref_cos=0.986990 | ref_KL=0.011052
2025-10-01 21:15:09,588 - INFO - Task 2 Iter 330/1200 | lr=8.25893e-05 | acc=0.8518 | pos_cos=0.276226 | neg_cos=0.224769 | ref_L2=0.000021 | ref_cos=0.994672 | ref_KL=0.004047
2025-10-01 21:15:10,868 - INFO - Task 2 Iter 330/1200 | lr=0.000412877 | acc=0.9998 | pos_cos=0.279577 | neg_cos=0.225902 | ref_L2=0.000049 | ref_cos=0.987448 | ref_KL=0.008114
2025-10-01 21:15:11,486 - INFO - Task 4 Iter 170/600 | lr=0.000408364 | acc=1.0000 | pos_cos=0.290401 | neg_cos=0.225424 | ref_L2=0.000051 | ref_cos=0.986976 | ref_KL=0.009381
2025-10-01 21:15:11,626 - INFO - Task 2 Iter 340/1200 | lr=8.15861e-05 | acc=0.8297 | pos_cos=0.278252 | neg_cos=0.226003 | ref_L2=0.000021 | ref_cos=0.994584 | ref_KL=0.003805
2025-10-01 21:15:12,612 - INFO - Task 2 Iter 340/1200 | lr=0.000407857 | acc=0.9999 | pos_cos=0.279915 | neg_cos=0.226219 | ref_L2=0.000049 | ref_cos=0.987515 | ref_KL=0.008879
2025-10-01 21:15:13,636 - INFO - Task 2 Iter 350/1200 | lr=8.05613e-05 | acc=0.8358 | pos_cos=0.276913 | neg_cos=0.224404 | ref_L2=0.000022 | ref_cos=0.994342 | ref_KL=0.003860
2025-10-01 21:15:13,891 - INFO - Task 4 Iter 180/600 | lr=0.000398024 | acc=1.0000 | pos_cos=0.289815 | neg_cos=0.224996 | ref_L2=0.000052 | ref_cos=0.986707 | ref_KL=0.009200
2025-10-01 21:15:14,369 - INFO - Task 2 Iter 350/1200 | lr=0.000402729 | acc=1.0000 | pos_cos=0.279281 | neg_cos=0.225616 | ref_L2=0.000050 | ref_cos=0.987286 | ref_KL=0.006944
2025-10-01 21:15:15,808 - INFO - Task 4 Iter 190/600 | lr=0.000387278 | acc=1.0000 | pos_cos=0.289527 | neg_cos=0.224773 | ref_L2=0.000051 | ref_cos=0.986858 | ref_KL=0.009331
2025-10-01 21:15:16,567 - INFO - Task 2 Iter 360/1200 | lr=7.95156e-05 | acc=0.8789 | pos_cos=0.275774 | neg_cos=0.223118 | ref_L2=0.000020 | ref_cos=0.994915 | ref_KL=0.003236
2025-10-01 21:15:17,037 - INFO - Task 2 Iter 360/1200 | lr=0.000397496 | acc=1.0000 | pos_cos=0.278747 | neg_cos=0.225024 | ref_L2=0.000048 | ref_cos=0.987785 | ref_KL=0.006940
2025-10-01 21:15:18,767 - INFO - Task 2 Iter 370/1200 | lr=7.84497e-05 | acc=0.8822 | pos_cos=0.274172 | neg_cos=0.221633 | ref_L2=0.000020 | ref_cos=0.994823 | ref_KL=0.003381
2025-10-01 21:15:19,102 - INFO - Task 2 Iter 370/1200 | lr=0.000392162 | acc=1.0000 | pos_cos=0.279179 | neg_cos=0.225766 | ref_L2=0.000048 | ref_cos=0.987825 | ref_KL=0.006900
2025-10-01 21:15:19,208 - INFO - Task 4 Iter 200/600 | lr=0.000376157 | acc=1.0000 | pos_cos=0.289695 | neg_cos=0.225317 | ref_L2=0.000052 | ref_cos=0.986658 | ref_KL=0.009749
2025-10-01 21:15:20,865 - INFO - Task 2 Iter 380/1200 | lr=7.73643e-05 | acc=0.8952 | pos_cos=0.273955 | neg_cos=0.220859 | ref_L2=0.000020 | ref_cos=0.994801 | ref_KL=0.003633
2025-10-01 21:15:20,866 - INFO - Task 2 Iter 380/1200 | lr=0.000386731 | acc=1.0000 | pos_cos=0.278586 | neg_cos=0.225225 | ref_L2=0.000048 | ref_cos=0.987765 | ref_KL=0.006861
2025-10-01 21:15:20,954 - INFO - Task 4 Iter 210/600 | lr=0.000364689 | acc=1.0000 | pos_cos=0.289229 | neg_cos=0.225132 | ref_L2=0.000052 | ref_cos=0.986697 | ref_KL=0.008586
2025-10-01 21:15:22,865 - INFO - Task 4 Iter 220/600 | lr=0.000352908 | acc=1.0000 | pos_cos=0.287948 | neg_cos=0.224040 | ref_L2=0.000051 | ref_cos=0.986910 | ref_KL=0.011320
2025-10-01 21:15:23,711 - INFO - Task 2 Iter 390/1200 | lr=0.000381206 | acc=1.0000 | pos_cos=0.278904 | neg_cos=0.225594 | ref_L2=0.000048 | ref_cos=0.987701 | ref_KL=0.007181
2025-10-01 21:15:23,921 - INFO - Task 2 Iter 390/1200 | lr=7.62602e-05 | acc=0.8932 | pos_cos=0.274779 | neg_cos=0.220776 | ref_L2=0.000022 | ref_cos=0.994373 | ref_KL=0.003712
2025-10-01 21:15:25,504 - INFO - Task 2 Iter 400/1200 | lr=0.000375591 | acc=1.0000 | pos_cos=0.279353 | neg_cos=0.225962 | ref_L2=0.000048 | ref_cos=0.987723 | ref_KL=0.006735
2025-10-01 21:15:25,880 - INFO - Task 4 Iter 230/600 | lr=0.000340845 | acc=1.0000 | pos_cos=0.287529 | neg_cos=0.223966 | ref_L2=0.000051 | ref_cos=0.987024 | ref_KL=0.009345
2025-10-01 21:15:26,168 - INFO - Task 2 Iter 400/1200 | lr=7.51382e-05 | acc=0.8876 | pos_cos=0.274806 | neg_cos=0.220599 | ref_L2=0.000022 | ref_cos=0.994289 | ref_KL=0.003958
2025-10-01 21:15:27,447 - INFO - Task 2 Iter 410/1200 | lr=0.00036989 | acc=1.0000 | pos_cos=0.278715 | neg_cos=0.225397 | ref_L2=0.000048 | ref_cos=0.987676 | ref_KL=0.008846
2025-10-01 21:15:28,090 - INFO - Task 2 Iter 410/1200 | lr=7.39989e-05 | acc=0.8818 | pos_cos=0.273758 | neg_cos=0.219604 | ref_L2=0.000022 | ref_cos=0.994433 | ref_KL=0.003557
2025-10-01 21:15:28,161 - INFO - Task 4 Iter 240/600 | lr=0.000328532 | acc=1.0000 | pos_cos=0.286917 | neg_cos=0.223272 | ref_L2=0.000053 | ref_cos=0.986500 | ref_KL=0.008343
2025-10-01 21:15:30,107 - INFO - Task 4 Iter 250/600 | lr=0.000316005 | acc=1.0000 | pos_cos=0.286941 | neg_cos=0.223454 | ref_L2=0.000051 | ref_cos=0.986886 | ref_KL=0.010830
2025-10-01 21:15:30,206 - INFO - Task 2 Iter 420/1200 | lr=0.000364108 | acc=1.0000 | pos_cos=0.279471 | neg_cos=0.226278 | ref_L2=0.000046 | ref_cos=0.988136 | ref_KL=0.008041
2025-10-01 21:15:30,805 - INFO - Task 2 Iter 420/1200 | lr=7.28433e-05 | acc=0.9071 | pos_cos=0.274234 | neg_cos=0.220372 | ref_L2=0.000020 | ref_cos=0.994862 | ref_KL=0.003763
2025-10-01 21:15:32,174 - INFO - Task 2 Iter 430/1200 | lr=0.000358247 | acc=1.0000 | pos_cos=0.279111 | neg_cos=0.225859 | ref_L2=0.000045 | ref_cos=0.988409 | ref_KL=0.007244
2025-10-01 21:15:32,811 - INFO - Task 2 Iter 430/1200 | lr=7.1672e-05 | acc=0.9267 | pos_cos=0.272539 | neg_cos=0.218890 | ref_L2=0.000020 | ref_cos=0.994888 | ref_KL=0.003390
2025-10-01 21:15:33,838 - INFO - Task 4 Iter 260/600 | lr=0.000303297 | acc=1.0000 | pos_cos=0.285400 | neg_cos=0.221943 | ref_L2=0.000051 | ref_cos=0.986817 | ref_KL=0.009858
2025-10-01 21:15:34,048 - INFO - Task 2 Iter 440/1200 | lr=0.000352311 | acc=1.0000 | pos_cos=0.279451 | neg_cos=0.226437 | ref_L2=0.000045 | ref_cos=0.988403 | ref_KL=0.006618
2025-10-01 21:15:34,903 - INFO - Task 2 Iter 440/1200 | lr=7.04859e-05 | acc=0.9316 | pos_cos=0.273952 | neg_cos=0.219669 | ref_L2=0.000021 | ref_cos=0.994722 | ref_KL=0.003194
2025-10-01 21:15:35,690 - INFO - Task 4 Iter 270/600 | lr=0.000290443 | acc=1.0000 | pos_cos=0.284685 | neg_cos=0.221349 | ref_L2=0.000052 | ref_cos=0.986677 | ref_KL=0.008067
2025-10-01 21:15:36,787 - INFO - Task 2 Iter 450/1200 | lr=0.000346306 | acc=1.0000 | pos_cos=0.279078 | neg_cos=0.226144 | ref_L2=0.000046 | ref_cos=0.988227 | ref_KL=0.006267
2025-10-01 21:15:37,455 - INFO - Task 4 Iter 280/600 | lr=0.000277478 | acc=1.0000 | pos_cos=0.283550 | neg_cos=0.220204 | ref_L2=0.000051 | ref_cos=0.986846 | ref_KL=0.008181
2025-10-01 21:15:37,845 - INFO - Task 2 Iter 450/1200 | lr=6.92858e-05 | acc=0.9415 | pos_cos=0.274338 | neg_cos=0.219589 | ref_L2=0.000021 | ref_cos=0.994540 | ref_KL=0.003354
2025-10-01 21:15:38,776 - INFO - Task 2 Iter 460/1200 | lr=0.000340235 | acc=1.0000 | pos_cos=0.279056 | neg_cos=0.226275 | ref_L2=0.000048 | ref_cos=0.987721 | ref_KL=0.006571
2025-10-01 21:15:39,743 - INFO - Task 2 Iter 460/1200 | lr=6.80725e-05 | acc=0.9262 | pos_cos=0.272203 | neg_cos=0.218434 | ref_L2=0.000023 | ref_cos=0.994035 | ref_KL=0.003526
2025-10-01 21:15:40,023 - INFO - Task 4 Iter 290/600 | lr=0.000264438 | acc=1.0000 | pos_cos=0.284199 | neg_cos=0.220781 | ref_L2=0.000051 | ref_cos=0.986899 | ref_KL=0.009820
2025-10-01 21:15:40,700 - INFO - Task 2 Iter 470/1200 | lr=0.000334102 | acc=1.0000 | pos_cos=0.278793 | neg_cos=0.225711 | ref_L2=0.000046 | ref_cos=0.988227 | ref_KL=0.006605
2025-10-01 21:15:41,633 - INFO - Task 2 Iter 470/1200 | lr=6.68469e-05 | acc=0.9296 | pos_cos=0.272406 | neg_cos=0.217549 | ref_L2=0.000023 | ref_cos=0.994135 | ref_KL=0.003265
2025-10-01 21:15:42,044 - INFO - Task 4 Iter 300/600 | lr=0.000251359 | acc=1.0000 | pos_cos=0.282936 | neg_cos=0.220064 | ref_L2=0.000051 | ref_cos=0.987043 | ref_KL=0.010023
2025-10-01 21:15:43,667 - INFO - Task 2 Iter 480/1200 | lr=0.000327911 | acc=1.0000 | pos_cos=0.278959 | neg_cos=0.226043 | ref_L2=0.000045 | ref_cos=0.988404 | ref_KL=0.005769
2025-10-01 21:15:43,907 - INFO - Task 4 Iter 310/600 | lr=0.000238276 | acc=1.0000 | pos_cos=0.284125 | neg_cos=0.221264 | ref_L2=0.000050 | ref_cos=0.987082 | ref_KL=0.008463
2025-10-01 21:15:44,833 - INFO - Task 2 Iter 480/1200 | lr=6.56097e-05 | acc=0.9446 | pos_cos=0.271123 | neg_cos=0.215707 | ref_L2=0.000020 | ref_cos=0.994832 | ref_KL=0.003007
2025-10-01 21:15:45,635 - INFO - Task 4 Iter 320/600 | lr=0.000225225 | acc=1.0000 | pos_cos=0.283776 | neg_cos=0.221087 | ref_L2=0.000052 | ref_cos=0.986609 | ref_KL=0.023467
2025-10-01 21:15:45,787 - INFO - Task 2 Iter 490/1200 | lr=0.000321667 | acc=1.0000 | pos_cos=0.278399 | neg_cos=0.225689 | ref_L2=0.000046 | ref_cos=0.988237 | ref_KL=0.006264
2025-10-01 21:15:46,765 - INFO - Task 2 Iter 490/1200 | lr=6.43619e-05 | acc=0.9445 | pos_cos=0.270517 | neg_cos=0.215565 | ref_L2=0.000022 | ref_cos=0.994369 | ref_KL=0.003312
2025-10-01 21:15:47,667 - INFO - Task 2 Iter 500/1200 | lr=0.000315374 | acc=1.0000 | pos_cos=0.279310 | neg_cos=0.226517 | ref_L2=0.000045 | ref_cos=0.988445 | ref_KL=0.006395
2025-10-01 21:15:48,760 - INFO - Task 2 Iter 500/1200 | lr=6.31043e-05 | acc=0.9574 | pos_cos=0.269967 | neg_cos=0.214988 | ref_L2=0.000020 | ref_cos=0.994755 | ref_KL=0.003398
2025-10-01 21:15:49,511 - INFO - Task 4 Iter 330/600 | lr=0.000212242 | acc=1.0000 | pos_cos=0.282906 | neg_cos=0.220265 | ref_L2=0.000050 | ref_cos=0.987278 | ref_KL=0.012294
2025-10-01 21:15:49,774 - INFO - Task 2 Iter 510/1200 | lr=0.000309036 | acc=1.0000 | pos_cos=0.278490 | neg_cos=0.225903 | ref_L2=0.000044 | ref_cos=0.988721 | ref_KL=0.005838
2025-10-01 21:15:50,605 - INFO - Task 2 Iter 510/1200 | lr=6.18377e-05 | acc=0.9448 | pos_cos=0.269619 | neg_cos=0.214792 | ref_L2=0.000020 | ref_cos=0.994974 | ref_KL=0.003323
2025-10-01 21:15:51,535 - INFO - Task 4 Iter 340/600 | lr=0.000199363 | acc=1.0000 | pos_cos=0.281828 | neg_cos=0.219300 | ref_L2=0.000051 | ref_cos=0.987052 | ref_KL=0.008945
2025-10-01 21:15:52,520 - INFO - Task 2 Iter 520/1200 | lr=0.000302657 | acc=1.0000 | pos_cos=0.278320 | neg_cos=0.225660 | ref_L2=0.000044 | ref_cos=0.988757 | ref_KL=0.005307
2025-10-01 21:15:53,269 - INFO - Task 2 Iter 520/1200 | lr=6.05631e-05 | acc=0.9549 | pos_cos=0.268695 | neg_cos=0.213626 | ref_L2=0.000021 | ref_cos=0.994527 | ref_KL=0.003008
2025-10-01 21:15:53,724 - INFO - Task 4 Iter 350/600 | lr=0.000186623 | acc=1.0000 | pos_cos=0.282233 | neg_cos=0.219753 | ref_L2=0.000051 | ref_cos=0.987064 | ref_KL=0.007862
2025-10-01 21:15:54,482 - INFO - Task 2 Iter 530/1200 | lr=0.000296243 | acc=1.0000 | pos_cos=0.278853 | neg_cos=0.226203 | ref_L2=0.000045 | ref_cos=0.988556 | ref_KL=0.005858
2025-10-01 21:15:55,149 - INFO - Task 2 Iter 530/1200 | lr=5.92812e-05 | acc=0.9540 | pos_cos=0.269643 | neg_cos=0.214713 | ref_L2=0.000020 | ref_cos=0.994785 | ref_KL=0.002868
2025-10-01 21:15:56,697 - INFO - Task 4 Iter 360/600 | lr=0.000174057 | acc=1.0000 | pos_cos=0.281673 | neg_cos=0.219340 | ref_L2=0.000050 | ref_cos=0.987127 | ref_KL=0.007683
2025-10-01 21:15:57,026 - INFO - Task 2 Iter 540/1200 | lr=0.000289797 | acc=1.0000 | pos_cos=0.278100 | neg_cos=0.225523 | ref_L2=0.000045 | ref_cos=0.988403 | ref_KL=0.006546
2025-10-01 21:15:57,916 - INFO - Task 2 Iter 540/1200 | lr=5.7993e-05 | acc=0.9685 | pos_cos=0.270504 | neg_cos=0.214999 | ref_L2=0.000021 | ref_cos=0.994645 | ref_KL=0.003464
2025-10-01 21:15:58,678 - INFO - Task 4 Iter 370/600 | lr=0.000161699 | acc=1.0000 | pos_cos=0.281115 | neg_cos=0.218793 | ref_L2=0.000050 | ref_cos=0.987129 | ref_KL=0.008758
2025-10-01 21:15:59,345 - INFO - Task 2 Iter 550/1200 | lr=0.000283324 | acc=1.0000 | pos_cos=0.278041 | neg_cos=0.225440 | ref_L2=0.000045 | ref_cos=0.988355 | ref_KL=0.009528
2025-10-01 21:16:00,066 - INFO - Task 2 Iter 550/1200 | lr=5.66994e-05 | acc=0.9745 | pos_cos=0.271004 | neg_cos=0.215564 | ref_L2=0.000025 | ref_cos=0.993712 | ref_KL=0.003904
2025-10-01 21:16:00,470 - INFO - Task 4 Iter 380/600 | lr=0.000149583 | acc=1.0000 | pos_cos=0.279550 | neg_cos=0.217383 | ref_L2=0.000052 | ref_cos=0.986661 | ref_KL=0.008335
2025-10-01 21:16:01,162 - INFO - Task 2 Iter 560/1200 | lr=0.000276828 | acc=1.0000 | pos_cos=0.278458 | neg_cos=0.225912 | ref_L2=0.000044 | ref_cos=0.988765 | ref_KL=0.007309
2025-10-01 21:16:01,904 - INFO - Task 2 Iter 560/1200 | lr=5.54012e-05 | acc=0.9822 | pos_cos=0.269611 | neg_cos=0.214437 | ref_L2=0.000021 | ref_cos=0.994539 | ref_KL=0.003230
2025-10-01 21:16:02,926 - INFO - Task 2 Iter 570/1200 | lr=0.000270313 | acc=1.0000 | pos_cos=0.279894 | neg_cos=0.227532 | ref_L2=0.000044 | ref_cos=0.988767 | ref_KL=0.006343
2025-10-01 21:16:03,788 - INFO - Task 2 Iter 570/1200 | lr=5.40994e-05 | acc=0.9752 | pos_cos=0.270015 | neg_cos=0.214972 | ref_L2=0.000022 | ref_cos=0.994298 | ref_KL=0.003397
2025-10-01 21:16:04,193 - INFO - Task 4 Iter 390/600 | lr=0.000137743 | acc=1.0000 | pos_cos=0.279647 | neg_cos=0.217522 | ref_L2=0.000050 | ref_cos=0.987104 | ref_KL=0.007932
2025-10-01 21:16:05,829 - INFO - Task 2 Iter 580/1200 | lr=0.000263785 | acc=1.0000 | pos_cos=0.278739 | neg_cos=0.226185 | ref_L2=0.000044 | ref_cos=0.988844 | ref_KL=0.005684
2025-10-01 21:16:06,094 - INFO - Task 4 Iter 400/600 | lr=0.00012621 | acc=1.0000 | pos_cos=0.279251 | neg_cos=0.217088 | ref_L2=0.000050 | ref_cos=0.987131 | ref_KL=0.006705
2025-10-01 21:16:06,582 - INFO - Task 2 Iter 580/1200 | lr=5.27948e-05 | acc=0.9623 | pos_cos=0.269543 | neg_cos=0.214389 | ref_L2=0.000021 | ref_cos=0.994705 | ref_KL=0.003094
2025-10-01 21:16:07,879 - INFO - Task 2 Iter 590/1200 | lr=0.000257247 | acc=1.0000 | pos_cos=0.279354 | neg_cos=0.226905 | ref_L2=0.000045 | ref_cos=0.988595 | ref_KL=0.005507
2025-10-01 21:16:08,098 - INFO - Task 4 Iter 410/600 | lr=0.000115017 | acc=1.0000 | pos_cos=0.279367 | neg_cos=0.217143 | ref_L2=0.000052 | ref_cos=0.986645 | ref_KL=0.006811
2025-10-01 21:16:08,803 - INFO - Task 2 Iter 590/1200 | lr=5.14883e-05 | acc=0.9656 | pos_cos=0.269156 | neg_cos=0.214140 | ref_L2=0.000020 | ref_cos=0.994768 | ref_KL=0.002985
2025-10-01 21:16:10,800 - INFO - Task 2 Iter 600/1200 | lr=0.000250704 | acc=1.0000 | pos_cos=0.278593 | neg_cos=0.226132 | ref_L2=0.000044 | ref_cos=0.988818 | ref_KL=0.005646
2025-10-01 21:16:10,848 - INFO - Task 4 Iter 420/600 | lr=0.000104194 | acc=1.0000 | pos_cos=0.278980 | neg_cos=0.216724 | ref_L2=0.000050 | ref_cos=0.987152 | ref_KL=0.006939
2025-10-01 21:16:11,631 - INFO - Task 2 Iter 600/1200 | lr=5.01808e-05 | acc=0.9786 | pos_cos=0.268209 | neg_cos=0.212451 | ref_L2=0.000022 | ref_cos=0.994308 | ref_KL=0.003681
2025-10-01 21:16:12,758 - INFO - Task 2 Iter 610/1200 | lr=0.000244161 | acc=1.0000 | pos_cos=0.278554 | neg_cos=0.226198 | ref_L2=0.000045 | ref_cos=0.988599 | ref_KL=0.005379
2025-10-01 21:16:13,167 - INFO - Task 4 Iter 430/600 | lr=9.37706e-05 | acc=1.0000 | pos_cos=0.279013 | neg_cos=0.216886 | ref_L2=0.000049 | ref_cos=0.987340 | ref_KL=0.006254
2025-10-01 21:16:13,687 - INFO - Task 2 Iter 610/1200 | lr=4.88732e-05 | acc=0.9800 | pos_cos=0.267346 | neg_cos=0.212221 | ref_L2=0.000021 | ref_cos=0.994551 | ref_KL=0.002975
2025-10-01 21:16:14,564 - INFO - Task 2 Iter 620/1200 | lr=0.000237622 | acc=1.0000 | pos_cos=0.279291 | neg_cos=0.226970 | ref_L2=0.000043 | ref_cos=0.988903 | ref_KL=0.006225
2025-10-01 21:16:15,273 - INFO - Task 4 Iter 440/600 | lr=8.37757e-05 | acc=1.0000 | pos_cos=0.279082 | neg_cos=0.217107 | ref_L2=0.000050 | ref_cos=0.987241 | ref_KL=0.006164
2025-10-01 21:16:15,597 - INFO - Task 2 Iter 620/1200 | lr=4.75664e-05 | acc=0.9764 | pos_cos=0.266934 | neg_cos=0.211824 | ref_L2=0.000021 | ref_cos=0.994655 | ref_KL=0.003182
2025-10-01 21:16:16,590 - INFO - Task 2 Iter 630/1200 | lr=0.000231092 | acc=1.0000 | pos_cos=0.278868 | neg_cos=0.226469 | ref_L2=0.000044 | ref_cos=0.988771 | ref_KL=0.005640
2025-10-01 21:16:17,496 - INFO - Task 2 Iter 630/1200 | lr=4.62613e-05 | acc=0.9778 | pos_cos=0.265976 | neg_cos=0.210995 | ref_L2=0.000022 | ref_cos=0.994277 | ref_KL=0.003236
2025-10-01 21:16:18,276 - INFO - Task 2 Iter 640/1200 | lr=0.000224574 | acc=1.0000 | pos_cos=0.278994 | neg_cos=0.226705 | ref_L2=0.000044 | ref_cos=0.988747 | ref_KL=0.005757
2025-10-01 21:16:18,880 - INFO - Task 4 Iter 450/600 | lr=7.42365e-05 | acc=1.0000 | pos_cos=0.278955 | neg_cos=0.217063 | ref_L2=0.000051 | ref_cos=0.987067 | ref_KL=0.006346
2025-10-01 21:16:19,326 - INFO - Task 2 Iter 640/1200 | lr=4.49589e-05 | acc=0.9860 | pos_cos=0.265521 | neg_cos=0.210620 | ref_L2=0.000022 | ref_cos=0.994249 | ref_KL=0.003146
2025-10-01 21:16:20,756 - INFO - Task 4 Iter 460/600 | lr=6.51792e-05 | acc=1.0000 | pos_cos=0.278110 | neg_cos=0.216125 | ref_L2=0.000050 | ref_cos=0.987195 | ref_KL=0.006512
2025-10-01 21:16:21,555 - INFO - Task 2 Iter 650/1200 | lr=0.000218074 | acc=1.0000 | pos_cos=0.278059 | neg_cos=0.225753 | ref_L2=0.000043 | ref_cos=0.988906 | ref_KL=0.005231
2025-10-01 21:16:22,569 - INFO - Task 4 Iter 470/600 | lr=5.66286e-05 | acc=1.0000 | pos_cos=0.278280 | neg_cos=0.216388 | ref_L2=0.000049 | ref_cos=0.987365 | ref_KL=0.005687
2025-10-01 21:16:23,060 - INFO - Task 2 Iter 650/1200 | lr=4.36599e-05 | acc=0.9795 | pos_cos=0.265370 | neg_cos=0.210044 | ref_L2=0.000020 | ref_cos=0.994754 | ref_KL=0.002536
2025-10-01 21:16:23,464 - INFO - Task 2 Iter 660/1200 | lr=0.000211596 | acc=1.0000 | pos_cos=0.278135 | neg_cos=0.225777 | ref_L2=0.000043 | ref_cos=0.988975 | ref_KL=0.005147
2025-10-01 21:16:24,774 - INFO - Task 4 Iter 480/600 | lr=4.86082e-05 | acc=1.0000 | pos_cos=0.278107 | neg_cos=0.216177 | ref_L2=0.000051 | ref_cos=0.987003 | ref_KL=0.005878
2025-10-01 21:16:25,008 - INFO - Task 2 Iter 660/1200 | lr=4.23653e-05 | acc=0.9857 | pos_cos=0.266805 | neg_cos=0.211080 | ref_L2=0.000020 | ref_cos=0.994960 | ref_KL=0.002842
2025-10-01 21:16:25,543 - INFO - Task 2 Iter 670/1200 | lr=0.000205144 | acc=1.0000 | pos_cos=0.277385 | neg_cos=0.225120 | ref_L2=0.000042 | ref_cos=0.989131 | ref_KL=0.004842
2025-10-01 21:16:26,885 - INFO - Task 2 Iter 670/1200 | lr=4.10759e-05 | acc=0.9930 | pos_cos=0.266202 | neg_cos=0.210629 | ref_L2=0.000021 | ref_cos=0.994523 | ref_KL=0.003246
2025-10-01 21:16:27,599 - INFO - Task 2 Iter 680/1200 | lr=0.000198723 | acc=1.0000 | pos_cos=0.279000 | neg_cos=0.226862 | ref_L2=0.000044 | ref_cos=0.988841 | ref_KL=0.005004
2025-10-01 21:16:27,617 - INFO - Task 4 Iter 490/600 | lr=4.114e-05 | acc=1.0000 | pos_cos=0.276870 | neg_cos=0.214983 | ref_L2=0.000050 | ref_cos=0.987238 | ref_KL=0.005420
2025-10-01 21:16:28,809 - INFO - Task 2 Iter 680/1200 | lr=3.97928e-05 | acc=0.9933 | pos_cos=0.267561 | neg_cos=0.212261 | ref_L2=0.000022 | ref_cos=0.994469 | ref_KL=0.002997
2025-10-01 21:16:29,710 - INFO - Task 4 Iter 500/600 | lr=3.42443e-05 | acc=1.0000 | pos_cos=0.278020 | neg_cos=0.216174 | ref_L2=0.000051 | ref_cos=0.986907 | ref_KL=0.005864
2025-10-01 21:16:29,809 - INFO - Task 2 Iter 690/1200 | lr=0.000192337 | acc=1.0000 | pos_cos=0.278814 | neg_cos=0.226573 | ref_L2=0.000042 | ref_cos=0.989172 | ref_KL=0.005019
2025-10-01 21:16:30,475 - INFO - Task 2 Iter 690/1200 | lr=3.85166e-05 | acc=0.9805 | pos_cos=0.265686 | neg_cos=0.210394 | ref_L2=0.000023 | ref_cos=0.994231 | ref_KL=0.003029
2025-10-01 21:16:31,567 - INFO - Task 4 Iter 510/600 | lr=2.79401e-05 | acc=1.0000 | pos_cos=0.278166 | neg_cos=0.216370 | ref_L2=0.000050 | ref_cos=0.987310 | ref_KL=0.006127
2025-10-01 21:16:32,125 - INFO - Task 2 Iter 700/1200 | lr=3.72483e-05 | acc=0.9865 | pos_cos=0.265793 | neg_cos=0.210708 | ref_L2=0.000022 | ref_cos=0.994248 | ref_KL=0.003806
2025-10-01 21:16:32,319 - INFO - Task 2 Iter 700/1200 | lr=0.00018599 | acc=1.0000 | pos_cos=0.278864 | neg_cos=0.226661 | ref_L2=0.000044 | ref_cos=0.988841 | ref_KL=0.005679
2025-10-01 21:16:34,955 - INFO - Task 4 Iter 520/600 | lr=2.22448e-05 | acc=1.0000 | pos_cos=0.277534 | neg_cos=0.215649 | ref_L2=0.000048 | ref_cos=0.987652 | ref_KL=0.006111
2025-10-01 21:16:35,325 - INFO - Task 2 Iter 710/1200 | lr=3.59889e-05 | acc=0.9830 | pos_cos=0.266556 | neg_cos=0.211426 | ref_L2=0.000023 | ref_cos=0.994092 | ref_KL=0.003264
2025-10-01 21:16:35,680 - INFO - Task 2 Iter 710/1200 | lr=0.000179688 | acc=1.0000 | pos_cos=0.278815 | neg_cos=0.226652 | ref_L2=0.000044 | ref_cos=0.988629 | ref_KL=0.004834
2025-10-01 21:16:37,045 - INFO - Task 4 Iter 530/600 | lr=1.71738e-05 | acc=1.0000 | pos_cos=0.277229 | neg_cos=0.215538 | ref_L2=0.000048 | ref_cos=0.987659 | ref_KL=0.005731
2025-10-01 21:16:37,324 - INFO - Task 2 Iter 720/1200 | lr=3.4739e-05 | acc=0.9842 | pos_cos=0.265964 | neg_cos=0.210878 | ref_L2=0.000024 | ref_cos=0.993884 | ref_KL=0.003318
2025-10-01 21:16:37,639 - INFO - Task 2 Iter 720/1200 | lr=0.000173434 | acc=1.0000 | pos_cos=0.279193 | neg_cos=0.227052 | ref_L2=0.000044 | ref_cos=0.988834 | ref_KL=0.004915
2025-10-01 21:16:39,168 - INFO - Task 4 Iter 540/600 | lr=1.27411e-05 | acc=1.0000 | pos_cos=0.277686 | neg_cos=0.215889 | ref_L2=0.000049 | ref_cos=0.987509 | ref_KL=0.005774
2025-10-01 21:16:39,382 - INFO - Task 2 Iter 730/1200 | lr=3.34997e-05 | acc=0.9848 | pos_cos=0.266483 | neg_cos=0.211196 | ref_L2=0.000021 | ref_cos=0.994592 | ref_KL=0.003036
2025-10-01 21:16:39,604 - INFO - Task 2 Iter 730/1200 | lr=0.000167232 | acc=1.0000 | pos_cos=0.279465 | neg_cos=0.227256 | ref_L2=0.000041 | ref_cos=0.989488 | ref_KL=0.005266
2025-10-01 21:16:41,369 - INFO - Task 2 Iter 740/1200 | lr=3.22717e-05 | acc=0.9889 | pos_cos=0.265615 | neg_cos=0.210495 | ref_L2=0.000020 | ref_cos=0.994793 | ref_KL=0.002931
2025-10-01 21:16:41,511 - INFO - Task 2 Iter 740/1200 | lr=0.000161087 | acc=1.0000 | pos_cos=0.279279 | neg_cos=0.227128 | ref_L2=0.000042 | ref_cos=0.989172 | ref_KL=0.005221
2025-10-01 21:16:42,239 - INFO - Task 4 Iter 550/600 | lr=8.95887e-06 | acc=1.0000 | pos_cos=0.277044 | neg_cos=0.215224 | ref_L2=0.000049 | ref_cos=0.987527 | ref_KL=0.006360
2025-10-01 21:16:43,236 - INFO - Task 2 Iter 750/1200 | lr=3.10558e-05 | acc=0.9946 | pos_cos=0.265001 | neg_cos=0.209723 | ref_L2=0.000020 | ref_cos=0.994971 | ref_KL=0.002689
2025-10-01 21:16:43,346 - INFO - Task 2 Iter 750/1200 | lr=0.000155003 | acc=1.0000 | pos_cos=0.278482 | neg_cos=0.226478 | ref_L2=0.000041 | ref_cos=0.989466 | ref_KL=0.004449
2025-10-01 21:16:44,265 - INFO - Task 4 Iter 560/600 | lr=5.83746e-06 | acc=1.0000 | pos_cos=0.277361 | neg_cos=0.215684 | ref_L2=0.000049 | ref_cos=0.987388 | ref_KL=0.006984
2025-10-01 21:16:45,389 - INFO - Task 2 Iter 760/1200 | lr=2.9853e-05 | acc=0.9879 | pos_cos=0.264832 | neg_cos=0.209724 | ref_L2=0.000021 | ref_cos=0.994566 | ref_KL=0.002606
2025-10-01 21:16:45,811 - INFO - Task 2 Iter 760/1200 | lr=0.000148984 | acc=1.0000 | pos_cos=0.278601 | neg_cos=0.226323 | ref_L2=0.000042 | ref_cos=0.989270 | ref_KL=0.004233
2025-10-01 21:16:46,114 - INFO - Task 4 Iter 570/600 | lr=3.38541e-06 | acc=1.0000 | pos_cos=0.277984 | neg_cos=0.216164 | ref_L2=0.000052 | ref_cos=0.986675 | ref_KL=0.006302
2025-10-01 21:16:48,761 - INFO - Task 2 Iter 770/1200 | lr=2.86641e-05 | acc=0.9917 | pos_cos=0.263780 | neg_cos=0.208240 | ref_L2=0.000020 | ref_cos=0.994818 | ref_KL=0.002577
2025-10-01 21:16:49,338 - INFO - Task 2 Iter 770/1200 | lr=0.000143035 | acc=1.0000 | pos_cos=0.278379 | neg_cos=0.226238 | ref_L2=0.000042 | ref_cos=0.989285 | ref_KL=0.004520
2025-10-01 21:16:49,589 - INFO - Task 4 Iter 580/600 | lr=1.60946e-06 | acc=1.0000 | pos_cos=0.276852 | neg_cos=0.215144 | ref_L2=0.000052 | ref_cos=0.986758 | ref_KL=0.006409
2025-10-01 21:16:50,891 - INFO - Task 2 Iter 780/1200 | lr=2.74898e-05 | acc=0.9890 | pos_cos=0.264134 | neg_cos=0.209166 | ref_L2=0.000020 | ref_cos=0.994825 | ref_KL=0.003161
2025-10-01 21:16:51,368 - INFO - Task 2 Iter 780/1200 | lr=0.000137159 | acc=1.0000 | pos_cos=0.279273 | neg_cos=0.227189 | ref_L2=0.000042 | ref_cos=0.989297 | ref_KL=0.005660
2025-10-01 21:16:51,619 - INFO - Task 4 Iter 590/600 | lr=5.14463e-07 | acc=1.0000 | pos_cos=0.277797 | neg_cos=0.216004 | ref_L2=0.000050 | ref_cos=0.987114 | ref_KL=0.006469
2025-10-01 21:16:52,913 - INFO - Task 2 Iter 790/1200 | lr=2.63309e-05 | acc=0.9962 | pos_cos=0.265391 | neg_cos=0.209600 | ref_L2=0.000022 | ref_cos=0.994438 | ref_KL=0.003095
2025-10-01 21:16:53,503 - INFO - Task 2 Iter 790/1200 | lr=0.00013136 | acc=1.0000 | pos_cos=0.277593 | neg_cos=0.225643 | ref_L2=0.000042 | ref_cos=0.989351 | ref_KL=0.004651
2025-10-01 21:16:53,682 - INFO - Task 4 Iter 600/600 | lr=1.03426e-07 | acc=1.0000 | pos_cos=0.277156 | neg_cos=0.215390 | ref_L2=0.000049 | ref_cos=0.987352 | ref_KL=0.006072
2025-10-01 21:16:53,949 - INFO - Task 4 finished | total: 143.24 s | train: 142.98 s | drift: 0.00 s
2025-10-01 21:16:54,764 - INFO - Task 2 Iter 800/1200 | lr=2.51883e-05 | acc=0.9961 | pos_cos=0.265246 | neg_cos=0.209928 | ref_L2=0.000020 | ref_cos=0.994785 | ref_KL=0.002649
2025-10-01 21:16:55,206 - INFO - Task 2 Iter 800/1200 | lr=0.000125642 | acc=1.0000 | pos_cos=0.278244 | neg_cos=0.226322 | ref_L2=0.000042 | ref_cos=0.989178 | ref_KL=0.004693
2025-10-01 21:16:56,535 - INFO - Task 2 Iter 810/1200 | lr=2.40628e-05 | acc=0.9868 | pos_cos=0.265363 | neg_cos=0.210593 | ref_L2=0.000021 | ref_cos=0.994732 | ref_KL=0.002326
2025-10-01 21:16:56,937 - INFO - Task 2 Iter 810/1200 | lr=0.00012001 | acc=1.0000 | pos_cos=0.279100 | neg_cos=0.227036 | ref_L2=0.000041 | ref_cos=0.989400 | ref_KL=0.004219
2025-10-01 21:16:58,297 - INFO - Task 2 Iter 820/1200 | lr=2.2955e-05 | acc=0.9905 | pos_cos=0.264238 | neg_cos=0.208727 | ref_L2=0.000024 | ref_cos=0.993983 | ref_KL=0.002687
2025-10-01 21:16:58,615 - INFO - Task 2 Iter 820/1200 | lr=0.000114467 | acc=1.0000 | pos_cos=0.278510 | neg_cos=0.226504 | ref_L2=0.000043 | ref_cos=0.988957 | ref_KL=0.004415
2025-10-01 21:16:59,036 - INFO - Starting task 6/8: food101 (train=75750, test=25250, classes=101)
2025-10-01 21:17:00,802 - INFO - Task 2 Iter 830/1200 | lr=2.18659e-05 | acc=0.9955 | pos_cos=0.263288 | neg_cos=0.208260 | ref_L2=0.000021 | ref_cos=0.994677 | ref_KL=0.002552
2025-10-01 21:17:00,959 - INFO - Task 2 Iter 830/1200 | lr=0.000109017 | acc=1.0000 | pos_cos=0.277801 | neg_cos=0.225769 | ref_L2=0.000041 | ref_cos=0.989598 | ref_KL=0.004138
2025-10-01 21:17:02,775 - INFO - Task 5 Iter 10/600 | lr=0.000499723 | acc=0.8766 | pos_cos=0.284928 | neg_cos=0.219100 | ref_L2=0.000052 | ref_cos=0.986774 | ref_KL=0.006214
2025-10-01 21:17:03,630 - INFO - Task 2 Iter 840/1200 | lr=0.000103663 | acc=1.0000 | pos_cos=0.278921 | neg_cos=0.226828 | ref_L2=0.000041 | ref_cos=0.989458 | ref_KL=0.004423
2025-10-01 21:17:03,754 - INFO - Task 2 Iter 840/1200 | lr=2.0796e-05 | acc=0.9939 | pos_cos=0.263960 | neg_cos=0.208932 | ref_L2=0.000020 | ref_cos=0.994756 | ref_KL=0.003034
2025-10-01 21:17:05,020 - INFO - Task 5 Iter 20/600 | lr=0.000498764 | acc=0.8406 | pos_cos=0.285197 | neg_cos=0.221562 | ref_L2=0.000052 | ref_cos=0.986650 | ref_KL=0.006838
2025-10-01 21:17:05,408 - INFO - Task 2 Iter 850/1200 | lr=9.84097e-05 | acc=1.0000 | pos_cos=0.279205 | neg_cos=0.227221 | ref_L2=0.000042 | ref_cos=0.989190 | ref_KL=0.004317
2025-10-01 21:17:05,687 - INFO - Task 2 Iter 850/1200 | lr=1.97462e-05 | acc=0.9979 | pos_cos=0.264354 | neg_cos=0.209250 | ref_L2=0.000022 | ref_cos=0.994494 | ref_KL=0.003038
2025-10-01 21:17:06,876 - INFO - Task 5 Iter 30/600 | lr=0.000497124 | acc=0.8310 | pos_cos=0.284453 | neg_cos=0.219677 | ref_L2=0.000054 | ref_cos=0.986165 | ref_KL=0.009025
2025-10-01 21:17:07,544 - INFO - Task 2 Iter 860/1200 | lr=9.32604e-05 | acc=1.0000 | pos_cos=0.279766 | neg_cos=0.227788 | ref_L2=0.000041 | ref_cos=0.989406 | ref_KL=0.004003
2025-10-01 21:17:07,825 - INFO - Task 2 Iter 860/1200 | lr=1.87172e-05 | acc=0.9864 | pos_cos=0.264065 | neg_cos=0.209395 | ref_L2=0.000021 | ref_cos=0.994686 | ref_KL=0.002505
2025-10-01 21:17:09,000 - INFO - Task 5 Iter 40/600 | lr=0.000494807 | acc=0.8298 | pos_cos=0.284414 | neg_cos=0.219853 | ref_L2=0.000056 | ref_cos=0.985767 | ref_KL=0.009545
2025-10-01 21:17:09,755 - INFO - Task 2 Iter 870/1200 | lr=8.82186e-05 | acc=1.0000 | pos_cos=0.278547 | neg_cos=0.226616 | ref_L2=0.000043 | ref_cos=0.988941 | ref_KL=0.004194
2025-10-01 21:17:09,890 - INFO - Task 2 Iter 870/1200 | lr=1.77096e-05 | acc=0.9953 | pos_cos=0.264335 | neg_cos=0.208901 | ref_L2=0.000025 | ref_cos=0.993683 | ref_KL=0.002869
2025-10-01 21:17:10,791 - INFO - Task 5 Iter 50/600 | lr=0.000491819 | acc=0.8655 | pos_cos=0.281971 | neg_cos=0.219254 | ref_L2=0.000056 | ref_cos=0.985737 | ref_KL=0.009741
2025-10-01 21:17:11,843 - INFO - Task 2 Iter 880/1200 | lr=8.32877e-05 | acc=1.0000 | pos_cos=0.278301 | neg_cos=0.226385 | ref_L2=0.000041 | ref_cos=0.989536 | ref_KL=0.004302
2025-10-01 21:17:11,865 - INFO - Task 2 Iter 880/1200 | lr=1.67242e-05 | acc=0.9968 | pos_cos=0.264229 | neg_cos=0.208795 | ref_L2=0.000020 | ref_cos=0.994843 | ref_KL=0.002473
2025-10-01 21:17:12,741 - INFO - Task 5 Iter 60/600 | lr=0.000488168 | acc=0.8659 | pos_cos=0.282763 | neg_cos=0.219752 | ref_L2=0.000055 | ref_cos=0.985795 | ref_KL=0.009580
2025-10-01 21:17:14,384 - INFO - Task 2 Iter 890/1200 | lr=7.8471e-05 | acc=1.0000 | pos_cos=0.277866 | neg_cos=0.225900 | ref_L2=0.000042 | ref_cos=0.989304 | ref_KL=0.004637
2025-10-01 21:17:14,513 - INFO - Task 2 Iter 890/1200 | lr=1.57617e-05 | acc=0.9947 | pos_cos=0.263021 | neg_cos=0.207901 | ref_L2=0.000021 | ref_cos=0.994731 | ref_KL=0.002978
2025-10-01 21:17:15,536 - INFO - Task 5 Iter 70/600 | lr=0.000483864 | acc=0.8648 | pos_cos=0.283263 | neg_cos=0.220222 | ref_L2=0.000056 | ref_cos=0.985648 | ref_KL=0.009041
2025-10-01 21:17:16,756 - INFO - Task 2 Iter 900/1200 | lr=7.3772e-05 | acc=1.0000 | pos_cos=0.278166 | neg_cos=0.226296 | ref_L2=0.000041 | ref_cos=0.989465 | ref_KL=0.004246
2025-10-01 21:17:17,086 - INFO - Task 2 Iter 900/1200 | lr=1.48226e-05 | acc=0.9963 | pos_cos=0.264045 | neg_cos=0.208816 | ref_L2=0.000019 | ref_cos=0.995030 | ref_KL=0.002755
2025-10-01 21:17:17,489 - INFO - Task 5 Iter 80/600 | lr=0.00047892 | acc=0.8682 | pos_cos=0.284050 | neg_cos=0.221414 | ref_L2=0.000056 | ref_cos=0.985581 | ref_KL=0.009620
2025-10-01 21:17:18,802 - INFO - Task 2 Iter 910/1200 | lr=1.39077e-05 | acc=0.9930 | pos_cos=0.264564 | neg_cos=0.209149 | ref_L2=0.000020 | ref_cos=0.994769 | ref_KL=0.002600
2025-10-01 21:17:18,884 - INFO - Task 2 Iter 910/1200 | lr=6.91937e-05 | acc=1.0000 | pos_cos=0.279161 | neg_cos=0.227339 | ref_L2=0.000040 | ref_cos=0.989633 | ref_KL=0.003838
2025-10-01 21:17:19,374 - INFO - Task 5 Iter 90/600 | lr=0.000473348 | acc=0.8298 | pos_cos=0.285164 | neg_cos=0.222795 | ref_L2=0.000057 | ref_cos=0.985415 | ref_KL=0.009052
2025-10-01 21:17:20,723 - INFO - Task 2 Iter 920/1200 | lr=1.30175e-05 | acc=0.9955 | pos_cos=0.262173 | neg_cos=0.207024 | ref_L2=0.000020 | ref_cos=0.994867 | ref_KL=0.002480
2025-10-01 21:17:21,192 - INFO - Task 2 Iter 920/1200 | lr=6.47394e-05 | acc=1.0000 | pos_cos=0.277981 | neg_cos=0.226055 | ref_L2=0.000041 | ref_cos=0.989631 | ref_KL=0.003762
2025-10-01 21:17:21,405 - INFO - Task 5 Iter 100/600 | lr=0.000467164 | acc=0.8365 | pos_cos=0.282661 | neg_cos=0.221623 | ref_L2=0.000057 | ref_cos=0.985497 | ref_KL=0.008180
2025-10-01 21:17:22,525 - INFO - Task 2 Iter 930/1200 | lr=1.21528e-05 | acc=0.9984 | pos_cos=0.264075 | neg_cos=0.209026 | ref_L2=0.000022 | ref_cos=0.994330 | ref_KL=0.002758
2025-10-01 21:17:23,430 - INFO - Task 5 Iter 110/600 | lr=0.000460386 | acc=0.8433 | pos_cos=0.283016 | neg_cos=0.221899 | ref_L2=0.000056 | ref_cos=0.985742 | ref_KL=0.009580
2025-10-01 21:17:23,584 - INFO - Task 2 Iter 930/1200 | lr=6.04122e-05 | acc=1.0000 | pos_cos=0.279310 | neg_cos=0.227340 | ref_L2=0.000043 | ref_cos=0.989063 | ref_KL=0.004254
2025-10-01 21:17:24,495 - INFO - Task 2 Iter 940/1200 | lr=1.1314e-05 | acc=0.9995 | pos_cos=0.263346 | neg_cos=0.208124 | ref_L2=0.000023 | ref_cos=0.994103 | ref_KL=0.002820
2025-10-01 21:17:25,401 - INFO - Task 2 Iter 940/1200 | lr=5.62148e-05 | acc=1.0000 | pos_cos=0.277741 | neg_cos=0.225758 | ref_L2=0.000043 | ref_cos=0.989087 | ref_KL=0.004218
2025-10-01 21:17:25,618 - INFO - Task 5 Iter 120/600 | lr=0.00045303 | acc=0.8826 | pos_cos=0.284717 | neg_cos=0.222148 | ref_L2=0.000057 | ref_cos=0.985428 | ref_KL=0.008854
2025-10-01 21:17:27,416 - INFO - Task 2 Iter 950/1200 | lr=1.05017e-05 | acc=0.9931 | pos_cos=0.262608 | neg_cos=0.207395 | ref_L2=0.000021 | ref_cos=0.994553 | ref_KL=0.002696
2025-10-01 21:17:28,021 - INFO - Task 2 Iter 950/1200 | lr=5.21504e-05 | acc=1.0000 | pos_cos=0.277680 | neg_cos=0.225755 | ref_L2=0.000041 | ref_cos=0.989411 | ref_KL=0.004068
2025-10-01 21:17:28,516 - INFO - Task 5 Iter 130/600 | lr=0.000445119 | acc=0.8447 | pos_cos=0.283765 | neg_cos=0.222461 | ref_L2=0.000056 | ref_cos=0.985763 | ref_KL=0.009015
2025-10-01 21:17:29,546 - INFO - Task 2 Iter 960/1200 | lr=9.7166e-06 | acc=0.9945 | pos_cos=0.263530 | neg_cos=0.208435 | ref_L2=0.000020 | ref_cos=0.994884 | ref_KL=0.002549
2025-10-01 21:17:30,141 - INFO - Task 2 Iter 960/1200 | lr=4.82215e-05 | acc=1.0000 | pos_cos=0.278801 | neg_cos=0.226902 | ref_L2=0.000041 | ref_cos=0.989411 | ref_KL=0.004395
2025-10-01 21:17:30,446 - INFO - Task 5 Iter 140/600 | lr=0.000436672 | acc=0.8627 | pos_cos=0.283089 | neg_cos=0.221646 | ref_L2=0.000056 | ref_cos=0.985770 | ref_KL=0.007953
2025-10-01 21:17:32,455 - INFO - Task 5 Iter 150/600 | lr=0.000427714 | acc=0.8743 | pos_cos=0.283656 | neg_cos=0.221162 | ref_L2=0.000057 | ref_cos=0.985413 | ref_KL=0.008526
2025-10-01 21:17:32,631 - INFO - Task 2 Iter 970/1200 | lr=8.95911e-06 | acc=0.9955 | pos_cos=0.263178 | neg_cos=0.207651 | ref_L2=0.000020 | ref_cos=0.994940 | ref_KL=0.002613
2025-10-01 21:17:32,845 - INFO - Task 2 Iter 970/1200 | lr=4.4431e-05 | acc=1.0000 | pos_cos=0.277812 | neg_cos=0.225849 | ref_L2=0.000040 | ref_cos=0.989808 | ref_KL=0.004197
2025-10-01 21:17:34,665 - INFO - Task 5 Iter 160/600 | lr=0.000418269 | acc=0.8587 | pos_cos=0.281680 | neg_cos=0.220177 | ref_L2=0.000057 | ref_cos=0.985368 | ref_KL=0.007862
2025-10-01 21:17:34,722 - INFO - Task 2 Iter 980/1200 | lr=8.22977e-06 | acc=0.9984 | pos_cos=0.263367 | neg_cos=0.208127 | ref_L2=0.000020 | ref_cos=0.994961 | ref_KL=0.002435
2025-10-01 21:17:34,953 - INFO - Task 2 Iter 980/1200 | lr=4.07814e-05 | acc=1.0000 | pos_cos=0.277586 | neg_cos=0.225704 | ref_L2=0.000039 | ref_cos=0.989918 | ref_KL=0.004249
2025-10-01 21:17:36,555 - INFO - Task 2 Iter 990/1200 | lr=7.5291e-06 | acc=0.9920 | pos_cos=0.262374 | neg_cos=0.207744 | ref_L2=0.000020 | ref_cos=0.994931 | ref_KL=0.002757
2025-10-01 21:17:36,832 - INFO - Task 5 Iter 170/600 | lr=0.000408364 | acc=0.8587 | pos_cos=0.279838 | neg_cos=0.219488 | ref_L2=0.000057 | ref_cos=0.985474 | ref_KL=0.008807
2025-10-01 21:17:37,063 - INFO - Task 2 Iter 990/1200 | lr=3.72752e-05 | acc=1.0000 | pos_cos=0.277738 | neg_cos=0.225914 | ref_L2=0.000041 | ref_cos=0.989526 | ref_KL=0.004239
2025-10-01 21:17:38,764 - INFO - Task 2 Iter 1000/1200 | lr=6.85756e-06 | acc=0.9947 | pos_cos=0.264752 | neg_cos=0.209514 | ref_L2=0.000021 | ref_cos=0.994605 | ref_KL=0.003081
2025-10-01 21:17:38,845 - INFO - Task 2 Iter 1000/1200 | lr=3.39149e-05 | acc=1.0000 | pos_cos=0.279133 | neg_cos=0.227163 | ref_L2=0.000042 | ref_cos=0.989341 | ref_KL=0.004573
2025-10-01 21:17:39,379 - INFO - Task 5 Iter 180/600 | lr=0.000398024 | acc=0.8351 | pos_cos=0.280811 | neg_cos=0.219362 | ref_L2=0.000057 | ref_cos=0.985288 | ref_KL=0.008741
2025-10-01 21:17:41,303 - INFO - Task 2 Iter 1010/1200 | lr=3.07027e-05 | acc=1.0000 | pos_cos=0.278296 | neg_cos=0.226406 | ref_L2=0.000041 | ref_cos=0.989406 | ref_KL=0.004141
2025-10-01 21:17:41,575 - INFO - Task 2 Iter 1010/1200 | lr=6.21563e-06 | acc=0.9981 | pos_cos=0.263302 | neg_cos=0.208462 | ref_L2=0.000020 | ref_cos=0.994851 | ref_KL=0.002922
2025-10-01 21:17:41,663 - INFO - Task 5 Iter 190/600 | lr=0.000387278 | acc=0.8652 | pos_cos=0.280524 | neg_cos=0.219981 | ref_L2=0.000055 | ref_cos=0.986014 | ref_KL=0.010695
2025-10-01 21:17:43,085 - INFO - Task 2 Iter 1020/1200 | lr=2.76408e-05 | acc=1.0000 | pos_cos=0.277128 | neg_cos=0.225260 | ref_L2=0.000042 | ref_cos=0.989133 | ref_KL=0.003798
2025-10-01 21:17:43,304 - INFO - Task 2 Iter 1020/1200 | lr=5.60374e-06 | acc=0.9994 | pos_cos=0.263893 | neg_cos=0.208445 | ref_L2=0.000022 | ref_cos=0.994426 | ref_KL=0.002565
2025-10-01 21:17:44,332 - INFO - Task 5 Iter 200/600 | lr=0.000376157 | acc=0.8765 | pos_cos=0.280798 | neg_cos=0.218403 | ref_L2=0.000056 | ref_cos=0.985771 | ref_KL=0.008602
2025-10-01 21:17:45,732 - INFO - Task 2 Iter 1030/1200 | lr=2.47313e-05 | acc=1.0000 | pos_cos=0.277567 | neg_cos=0.225694 | ref_L2=0.000041 | ref_cos=0.989571 | ref_KL=0.004110
2025-10-01 21:17:46,157 - INFO - Task 2 Iter 1030/1200 | lr=5.02232e-06 | acc=0.9941 | pos_cos=0.262999 | neg_cos=0.208023 | ref_L2=0.000021 | ref_cos=0.994726 | ref_KL=0.002764
2025-10-01 21:17:46,430 - INFO - Task 5 Iter 210/600 | lr=0.000364689 | acc=0.8670 | pos_cos=0.279781 | neg_cos=0.217482 | ref_L2=0.000056 | ref_cos=0.985698 | ref_KL=0.008315
2025-10-01 21:17:47,500 - INFO - Task 2 Iter 1040/1200 | lr=2.19763e-05 | acc=1.0000 | pos_cos=0.278477 | neg_cos=0.226589 | ref_L2=0.000041 | ref_cos=0.989526 | ref_KL=0.004231
2025-10-01 21:17:48,131 - INFO - Task 2 Iter 1040/1200 | lr=4.47175e-06 | acc=0.9967 | pos_cos=0.262572 | neg_cos=0.207338 | ref_L2=0.000022 | ref_cos=0.994386 | ref_KL=0.002836
2025-10-01 21:17:48,793 - INFO - Task 5 Iter 220/600 | lr=0.000352908 | acc=0.8609 | pos_cos=0.277972 | neg_cos=0.217582 | ref_L2=0.000055 | ref_cos=0.985857 | ref_KL=0.009102
2025-10-01 21:17:49,273 - INFO - Task 2 Iter 1050/1200 | lr=1.93775e-05 | acc=1.0000 | pos_cos=0.278905 | neg_cos=0.227017 | ref_L2=0.000041 | ref_cos=0.989538 | ref_KL=0.004625
2025-10-01 21:17:50,056 - INFO - Task 2 Iter 1050/1200 | lr=3.95242e-06 | acc=0.9989 | pos_cos=0.263550 | neg_cos=0.208226 | ref_L2=0.000022 | ref_cos=0.994356 | ref_KL=0.002908
2025-10-01 21:17:50,816 - INFO - Task 5 Iter 230/600 | lr=0.000340845 | acc=0.8676 | pos_cos=0.278604 | neg_cos=0.217785 | ref_L2=0.000055 | ref_cos=0.985902 | ref_KL=0.008933
2025-10-01 21:17:51,176 - INFO - Task 2 Iter 1060/1200 | lr=1.69369e-05 | acc=1.0000 | pos_cos=0.278915 | neg_cos=0.227001 | ref_L2=0.000042 | ref_cos=0.989298 | ref_KL=0.004332
2025-10-01 21:17:52,002 - INFO - Task 2 Iter 1060/1200 | lr=3.46468e-06 | acc=0.9968 | pos_cos=0.262410 | neg_cos=0.207762 | ref_L2=0.000023 | ref_cos=0.994091 | ref_KL=0.003082
2025-10-01 21:17:52,765 - INFO - Task 5 Iter 240/600 | lr=0.000328532 | acc=0.8583 | pos_cos=0.278087 | neg_cos=0.217366 | ref_L2=0.000056 | ref_cos=0.985765 | ref_KL=0.008018
2025-10-01 21:17:53,863 - INFO - Task 2 Iter 1070/1200 | lr=1.4656e-05 | acc=1.0000 | pos_cos=0.278350 | neg_cos=0.226455 | ref_L2=0.000041 | ref_cos=0.989566 | ref_KL=0.003966
2025-10-01 21:17:54,797 - INFO - Task 5 Iter 250/600 | lr=0.000316005 | acc=0.8729 | pos_cos=0.278735 | neg_cos=0.217850 | ref_L2=0.000055 | ref_cos=0.985840 | ref_KL=0.008212
2025-10-01 21:17:55,188 - INFO - Task 2 Iter 1070/1200 | lr=3.00887e-06 | acc=0.9971 | pos_cos=0.262691 | neg_cos=0.207807 | ref_L2=0.000020 | ref_cos=0.994868 | ref_KL=0.002594
2025-10-01 21:17:55,647 - INFO - Task 2 Iter 1080/1200 | lr=1.25364e-05 | acc=1.0000 | pos_cos=0.279717 | neg_cos=0.227740 | ref_L2=0.000042 | ref_cos=0.989273 | ref_KL=0.003900
2025-10-01 21:17:57,357 - INFO - Task 2 Iter 1080/1200 | lr=2.5853e-06 | acc=0.9952 | pos_cos=0.263394 | neg_cos=0.208157 | ref_L2=0.000021 | ref_cos=0.994547 | ref_KL=0.002973
2025-10-01 21:17:57,596 - INFO - Task 5 Iter 260/600 | lr=0.000303297 | acc=0.8804 | pos_cos=0.279269 | neg_cos=0.218645 | ref_L2=0.000055 | ref_cos=0.986018 | ref_KL=0.008963
2025-10-01 21:17:58,155 - INFO - Task 2 Iter 1090/1200 | lr=1.05797e-05 | acc=1.0000 | pos_cos=0.278476 | neg_cos=0.226546 | ref_L2=0.000040 | ref_cos=0.989694 | ref_KL=0.003716
2025-10-01 21:17:59,610 - INFO - Task 5 Iter 270/600 | lr=0.000290443 | acc=0.8570 | pos_cos=0.279372 | neg_cos=0.218317 | ref_L2=0.000056 | ref_cos=0.985765 | ref_KL=0.007309
2025-10-01 21:18:00,182 - INFO - Task 2 Iter 1090/1200 | lr=2.19426e-06 | acc=0.9949 | pos_cos=0.262100 | neg_cos=0.207349 | ref_L2=0.000020 | ref_cos=0.994985 | ref_KL=0.002967
2025-10-01 21:18:00,204 - INFO - Task 2 Iter 1100/1200 | lr=8.78703e-06 | acc=1.0000 | pos_cos=0.277868 | neg_cos=0.226010 | ref_L2=0.000040 | ref_cos=0.989719 | ref_KL=0.003559
2025-10-01 21:18:01,723 - INFO - Task 5 Iter 280/600 | lr=0.000277478 | acc=0.8456 | pos_cos=0.279032 | neg_cos=0.218733 | ref_L2=0.000055 | ref_cos=0.985896 | ref_KL=0.007357
2025-10-01 21:18:02,026 - INFO - Task 2 Iter 1100/1200 | lr=1.83602e-06 | acc=0.9962 | pos_cos=0.262592 | neg_cos=0.206998 | ref_L2=0.000020 | ref_cos=0.994885 | ref_KL=0.002685
2025-10-01 21:18:02,274 - INFO - Task 2 Iter 1110/1200 | lr=7.15973e-06 | acc=1.0000 | pos_cos=0.277727 | neg_cos=0.225912 | ref_L2=0.000043 | ref_cos=0.988954 | ref_KL=0.003852
2025-10-01 21:18:03,875 - INFO - Task 5 Iter 290/600 | lr=0.000264438 | acc=0.8534 | pos_cos=0.279553 | neg_cos=0.219162 | ref_L2=0.000056 | ref_cos=0.985579 | ref_KL=0.008136
2025-10-01 21:18:03,904 - INFO - Task 2 Iter 1110/1200 | lr=1.51082e-06 | acc=0.9987 | pos_cos=0.263023 | neg_cos=0.207611 | ref_L2=0.000023 | ref_cos=0.994130 | ref_KL=0.002608
2025-10-01 21:18:04,226 - INFO - Task 2 Iter 1120/1200 | lr=5.6989e-06 | acc=1.0000 | pos_cos=0.278679 | neg_cos=0.226820 | ref_L2=0.000042 | ref_cos=0.989266 | ref_KL=0.004682
2025-10-01 21:18:05,681 - INFO - Task 2 Iter 1120/1200 | lr=1.21888e-06 | acc=0.9970 | pos_cos=0.264535 | neg_cos=0.209373 | ref_L2=0.000021 | ref_cos=0.994625 | ref_KL=0.002782
2025-10-01 21:18:05,845 - INFO - Task 5 Iter 300/600 | lr=0.000251359 | acc=0.8530 | pos_cos=0.279261 | neg_cos=0.219033 | ref_L2=0.000054 | ref_cos=0.986237 | ref_KL=0.007123
2025-10-01 21:18:06,977 - INFO - Task 2 Iter 1130/1200 | lr=4.40553e-06 | acc=1.0000 | pos_cos=0.278445 | neg_cos=0.226594 | ref_L2=0.000042 | ref_cos=0.989365 | ref_KL=0.005304
2025-10-01 21:18:07,880 - INFO - Task 5 Iter 310/600 | lr=0.000238276 | acc=0.8805 | pos_cos=0.280115 | neg_cos=0.218701 | ref_L2=0.000055 | ref_cos=0.985972 | ref_KL=0.007451
2025-10-01 21:18:08,195 - INFO - Task 2 Iter 1130/1200 | lr=9.60416e-07 | acc=0.9941 | pos_cos=0.263298 | neg_cos=0.208422 | ref_L2=0.000022 | ref_cos=0.994261 | ref_KL=0.002761
2025-10-01 21:18:09,214 - INFO - Task 2 Iter 1140/1200 | lr=3.28051e-06 | acc=1.0000 | pos_cos=0.278434 | neg_cos=0.226554 | ref_L2=0.000040 | ref_cos=0.989769 | ref_KL=0.004832
2025-10-01 21:18:09,849 - INFO - Task 2 Iter 1140/1200 | lr=7.35593e-07 | acc=0.9979 | pos_cos=0.262753 | neg_cos=0.207842 | ref_L2=0.000022 | ref_cos=0.994494 | ref_KL=0.003005
2025-10-01 21:18:09,971 - INFO - Task 5 Iter 320/600 | lr=0.000225225 | acc=0.8741 | pos_cos=0.280047 | neg_cos=0.218973 | ref_L2=0.000053 | ref_cos=0.986426 | ref_KL=0.007018
2025-10-01 21:18:11,324 - INFO - Task 2 Iter 1150/1200 | lr=2.32462e-06 | acc=1.0000 | pos_cos=0.279109 | neg_cos=0.227232 | ref_L2=0.000042 | ref_cos=0.989224 | ref_KL=0.004134
2025-10-01 21:18:11,670 - INFO - Task 2 Iter 1150/1200 | lr=5.44568e-07 | acc=0.9979 | pos_cos=0.264067 | neg_cos=0.209105 | ref_L2=0.000022 | ref_cos=0.994479 | ref_KL=0.002909
2025-10-01 21:18:12,582 - INFO - Task 5 Iter 330/600 | lr=0.000212242 | acc=0.8535 | pos_cos=0.278670 | neg_cos=0.219302 | ref_L2=0.000055 | ref_cos=0.986019 | ref_KL=0.006906
2025-10-01 21:18:14,199 - INFO - Task 2 Iter 1160/1200 | lr=1.5385e-06 | acc=1.0000 | pos_cos=0.277891 | neg_cos=0.225951 | ref_L2=0.000041 | ref_cos=0.989545 | ref_KL=0.004002
2025-10-01 21:18:14,326 - INFO - Task 2 Iter 1160/1200 | lr=3.87471e-07 | acc=0.9972 | pos_cos=0.263639 | neg_cos=0.208314 | ref_L2=0.000021 | ref_cos=0.994579 | ref_KL=0.002522
2025-10-01 21:18:14,563 - INFO - Task 5 Iter 340/600 | lr=0.000199363 | acc=0.8688 | pos_cos=0.279787 | neg_cos=0.218612 | ref_L2=0.000053 | ref_cos=0.986462 | ref_KL=0.006564
2025-10-01 21:18:16,304 - INFO - Task 2 Iter 1170/1200 | lr=9.22707e-07 | acc=1.0000 | pos_cos=0.278109 | neg_cos=0.226174 | ref_L2=0.000041 | ref_cos=0.989461 | ref_KL=0.003840
2025-10-01 21:18:16,334 - INFO - Task 2 Iter 1170/1200 | lr=2.6441e-07 | acc=0.9990 | pos_cos=0.263100 | neg_cos=0.207803 | ref_L2=0.000021 | ref_cos=0.994556 | ref_KL=0.002458
2025-10-01 21:18:16,466 - INFO - Task 5 Iter 350/600 | lr=0.000186623 | acc=0.8527 | pos_cos=0.278768 | neg_cos=0.219129 | ref_L2=0.000052 | ref_cos=0.986694 | ref_KL=0.006488
2025-10-01 21:18:18,262 - INFO - Task 2 Iter 1180/1200 | lr=4.7765e-07 | acc=1.0000 | pos_cos=0.278068 | neg_cos=0.226080 | ref_L2=0.000041 | ref_cos=0.989578 | ref_KL=0.004439
2025-10-01 21:18:18,491 - INFO - Task 5 Iter 360/600 | lr=0.000174057 | acc=0.8714 | pos_cos=0.278043 | neg_cos=0.218621 | ref_L2=0.000053 | ref_cos=0.986504 | ref_KL=0.006385
2025-10-01 21:18:18,542 - INFO - Task 2 Iter 1180/1200 | lr=1.7547e-07 | acc=0.9971 | pos_cos=0.262839 | neg_cos=0.207408 | ref_L2=0.000019 | ref_cos=0.995016 | ref_KL=0.002398
2025-10-01 21:18:20,509 - INFO - Task 5 Iter 370/600 | lr=0.000161699 | acc=0.8795 | pos_cos=0.278694 | neg_cos=0.217507 | ref_L2=0.000055 | ref_cos=0.985912 | ref_KL=0.006669
2025-10-01 21:18:21,105 - INFO - Task 2 Iter 1190/1200 | lr=2.03637e-07 | acc=1.0000 | pos_cos=0.277966 | neg_cos=0.226053 | ref_L2=0.000042 | ref_cos=0.989311 | ref_KL=0.004377
2025-10-01 21:18:21,250 - INFO - Task 2 Iter 1190/1200 | lr=1.20711e-07 | acc=0.9969 | pos_cos=0.262993 | neg_cos=0.207892 | ref_L2=0.000021 | ref_cos=0.994516 | ref_KL=0.002808
2025-10-01 21:18:22,691 - INFO - Task 5 Iter 380/600 | lr=0.000149583 | acc=0.8718 | pos_cos=0.279116 | neg_cos=0.217494 | ref_L2=0.000053 | ref_cos=0.986358 | ref_KL=0.006988
2025-10-01 21:18:22,948 - INFO - Task 2 Iter 1200/1200 | lr=1.00857e-07 | acc=1.0000 | pos_cos=0.278514 | neg_cos=0.226573 | ref_L2=0.000041 | ref_cos=0.989595 | ref_KL=0.003945
2025-10-01 21:18:23,218 - INFO - Task 2 Iter 1200/1200 | lr=1.00171e-07 | acc=0.9973 | pos_cos=0.263230 | neg_cos=0.208148 | ref_L2=0.000021 | ref_cos=0.994554 | ref_KL=0.002676
2025-10-01 21:18:23,238 - INFO - Task 2 finished | total: 264.16 s | train: 263.87 s | drift: 0.00 s
2025-10-01 21:18:23,460 - INFO - Task 2 finished | total: 266.33 s | train: 266.09 s | drift: 0.00 s
2025-10-01 21:18:25,177 - INFO - Task 5 Iter 390/600 | lr=0.000137743 | acc=0.8683 | pos_cos=0.278374 | neg_cos=0.217676 | ref_L2=0.000053 | ref_cos=0.986533 | ref_KL=0.007109
2025-10-01 21:18:26,863 - INFO - Task 5 Iter 400/600 | lr=0.00012621 | acc=0.9044 | pos_cos=0.279840 | neg_cos=0.217585 | ref_L2=0.000054 | ref_cos=0.986137 | ref_KL=0.006616
2025-10-01 21:18:28,582 - INFO - Task 5 Iter 410/600 | lr=0.000115017 | acc=0.8829 | pos_cos=0.279527 | neg_cos=0.218344 | ref_L2=0.000051 | ref_cos=0.986895 | ref_KL=0.006078
2025-10-01 21:18:30,287 - INFO - Task 5 Iter 420/600 | lr=0.000104194 | acc=0.8709 | pos_cos=0.278936 | neg_cos=0.218020 | ref_L2=0.000053 | ref_cos=0.986439 | ref_KL=0.006039
2025-10-01 21:18:30,661 - INFO - Starting task 4/8: eurosat (train=5000, test=5000, classes=10)
2025-10-01 21:18:30,801 - INFO - Starting task 4/8: eurosat (train=5000, test=5000, classes=10)
2025-10-01 21:18:32,137 - INFO - Task 5 Iter 430/600 | lr=9.37706e-05 | acc=0.8724 | pos_cos=0.278557 | neg_cos=0.218177 | ref_L2=0.000052 | ref_cos=0.986722 | ref_KL=0.006095
2025-10-01 21:18:33,416 - INFO - Task 3 Iter 10/1200 | lr=9.99861e-05 | acc=0.7012 | pos_cos=0.272705 | neg_cos=0.239036 | ref_L2=0.000021 | ref_cos=0.994504 | ref_KL=0.002575
2025-10-01 21:18:33,644 - INFO - Task 3 Iter 10/1200 | lr=0.000499931 | acc=0.8473 | pos_cos=0.285247 | neg_cos=0.245614 | ref_L2=0.000042 | ref_cos=0.989244 | ref_KL=0.004230
2025-10-01 21:18:34,412 - INFO - Task 5 Iter 440/600 | lr=8.37757e-05 | acc=0.8672 | pos_cos=0.279109 | neg_cos=0.218418 | ref_L2=0.000055 | ref_cos=0.985966 | ref_KL=0.007001
2025-10-01 21:18:35,513 - INFO - Task 3 Iter 20/1200 | lr=9.99382e-05 | acc=0.7147 | pos_cos=0.285375 | neg_cos=0.253343 | ref_L2=0.000020 | ref_cos=0.994762 | ref_KL=0.002795
2025-10-01 21:18:35,858 - INFO - Task 3 Iter 20/1200 | lr=0.000499691 | acc=0.8480 | pos_cos=0.291665 | neg_cos=0.254804 | ref_L2=0.000043 | ref_cos=0.989052 | ref_KL=0.005677
2025-10-01 21:18:37,350 - INFO - Task 5 Iter 450/600 | lr=7.42365e-05 | acc=0.8824 | pos_cos=0.278530 | neg_cos=0.217991 | ref_L2=0.000054 | ref_cos=0.986227 | ref_KL=0.006803
2025-10-01 21:18:37,481 - INFO - Task 3 Iter 30/1200 | lr=9.98561e-05 | acc=0.8073 | pos_cos=0.294627 | neg_cos=0.260710 | ref_L2=0.000019 | ref_cos=0.995169 | ref_KL=0.003114
2025-10-01 21:18:37,840 - INFO - Task 3 Iter 30/1200 | lr=0.00049928 | acc=0.8819 | pos_cos=0.291967 | neg_cos=0.256229 | ref_L2=0.000044 | ref_cos=0.988861 | ref_KL=0.006320
2025-10-01 21:18:39,385 - INFO - Task 5 Iter 460/600 | lr=6.51792e-05 | acc=0.8637 | pos_cos=0.279298 | neg_cos=0.218603 | ref_L2=0.000053 | ref_cos=0.986505 | ref_KL=0.006168
2025-10-01 21:18:39,632 - INFO - Task 3 Iter 40/1200 | lr=9.97399e-05 | acc=0.8300 | pos_cos=0.296585 | neg_cos=0.262818 | ref_L2=0.000020 | ref_cos=0.994830 | ref_KL=0.003125
2025-10-01 21:18:39,787 - INFO - Task 3 Iter 40/1200 | lr=0.000498698 | acc=0.9155 | pos_cos=0.286282 | neg_cos=0.252196 | ref_L2=0.000045 | ref_cos=0.988396 | ref_KL=0.006519
2025-10-01 21:18:41,494 - INFO - Task 5 Iter 470/600 | lr=5.66286e-05 | acc=0.8825 | pos_cos=0.278629 | neg_cos=0.218145 | ref_L2=0.000053 | ref_cos=0.986313 | ref_KL=0.006348
2025-10-01 21:18:41,696 - INFO - Task 3 Iter 50/1200 | lr=9.95896e-05 | acc=0.8624 | pos_cos=0.293980 | neg_cos=0.260463 | ref_L2=0.000021 | ref_cos=0.994750 | ref_KL=0.003200
2025-10-01 21:18:41,751 - INFO - Task 3 Iter 50/1200 | lr=0.000497946 | acc=0.9376 | pos_cos=0.280669 | neg_cos=0.244870 | ref_L2=0.000046 | ref_cos=0.988115 | ref_KL=0.007238
2025-10-01 21:18:43,423 - INFO - Task 5 Iter 480/600 | lr=4.86082e-05 | acc=0.8904 | pos_cos=0.278606 | neg_cos=0.218260 | ref_L2=0.000053 | ref_cos=0.986375 | ref_KL=0.006979
2025-10-01 21:18:43,709 - INFO - Task 3 Iter 60/1200 | lr=9.94053e-05 | acc=0.9024 | pos_cos=0.291372 | neg_cos=0.257653 | ref_L2=0.000022 | ref_cos=0.994420 | ref_KL=0.003231
2025-10-01 21:18:44,135 - INFO - Task 3 Iter 60/1200 | lr=0.000497024 | acc=0.9564 | pos_cos=0.276482 | neg_cos=0.241381 | ref_L2=0.000046 | ref_cos=0.988133 | ref_KL=0.007595
2025-10-01 21:18:45,580 - INFO - Task 5 Iter 490/600 | lr=4.114e-05 | acc=0.8897 | pos_cos=0.279370 | neg_cos=0.218324 | ref_L2=0.000054 | ref_cos=0.986157 | ref_KL=0.006981
2025-10-01 21:18:46,630 - INFO - Task 3 Iter 70/1200 | lr=9.91872e-05 | acc=0.8987 | pos_cos=0.291153 | neg_cos=0.257415 | ref_L2=0.000020 | ref_cos=0.994807 | ref_KL=0.003226
2025-10-01 21:18:46,864 - INFO - Task 3 Iter 70/1200 | lr=0.000495933 | acc=0.9565 | pos_cos=0.276879 | neg_cos=0.242229 | ref_L2=0.000046 | ref_cos=0.988329 | ref_KL=0.007153
2025-10-01 21:18:47,593 - INFO - Task 5 Iter 500/600 | lr=3.42443e-05 | acc=0.8661 | pos_cos=0.279204 | neg_cos=0.218154 | ref_L2=0.000053 | ref_cos=0.986498 | ref_KL=0.006530
2025-10-01 21:18:48,788 - INFO - Task 3 Iter 80/1200 | lr=9.89355e-05 | acc=0.9173 | pos_cos=0.288102 | neg_cos=0.254364 | ref_L2=0.000019 | ref_cos=0.995133 | ref_KL=0.002961
2025-10-01 21:18:49,011 - INFO - Task 3 Iter 80/1200 | lr=0.000494673 | acc=0.9499 | pos_cos=0.278718 | neg_cos=0.243361 | ref_L2=0.000044 | ref_cos=0.988686 | ref_KL=0.006309
2025-10-01 21:18:49,630 - INFO - Task 5 Iter 510/600 | lr=2.79401e-05 | acc=0.8471 | pos_cos=0.278686 | neg_cos=0.218111 | ref_L2=0.000053 | ref_cos=0.986351 | ref_KL=0.007139
2025-10-01 21:18:50,705 - INFO - Task 3 Iter 90/1200 | lr=9.86502e-05 | acc=0.9148 | pos_cos=0.283435 | neg_cos=0.250628 | ref_L2=0.000019 | ref_cos=0.995165 | ref_KL=0.002886
2025-10-01 21:18:50,782 - INFO - Task 3 Iter 90/1200 | lr=0.000493246 | acc=0.9489 | pos_cos=0.278756 | neg_cos=0.244662 | ref_L2=0.000042 | ref_cos=0.989128 | ref_KL=0.006256
2025-10-01 21:18:52,311 - INFO - Task 5 Iter 520/600 | lr=2.22448e-05 | acc=0.8651 | pos_cos=0.278465 | neg_cos=0.217460 | ref_L2=0.000053 | ref_cos=0.986509 | ref_KL=0.006791
2025-10-01 21:18:52,522 - INFO - Task 3 Iter 100/1200 | lr=9.83317e-05 | acc=0.9314 | pos_cos=0.281835 | neg_cos=0.247944 | ref_L2=0.000021 | ref_cos=0.994750 | ref_KL=0.002627
2025-10-01 21:18:52,969 - INFO - Task 3 Iter 100/1200 | lr=0.000491652 | acc=0.9450 | pos_cos=0.278553 | neg_cos=0.242835 | ref_L2=0.000044 | ref_cos=0.988745 | ref_KL=0.005622
2025-10-01 21:18:54,356 - INFO - Task 5 Iter 530/600 | lr=1.71738e-05 | acc=0.8531 | pos_cos=0.278381 | neg_cos=0.217905 | ref_L2=0.000055 | ref_cos=0.985938 | ref_KL=0.006497
2025-10-01 21:18:54,414 - INFO - Task 3 Iter 110/1200 | lr=9.798e-05 | acc=0.9265 | pos_cos=0.277820 | neg_cos=0.243472 | ref_L2=0.000019 | ref_cos=0.995259 | ref_KL=0.002404
2025-10-01 21:18:55,046 - INFO - Task 3 Iter 110/1200 | lr=0.000489892 | acc=0.9396 | pos_cos=0.276915 | neg_cos=0.242557 | ref_L2=0.000042 | ref_cos=0.989134 | ref_KL=0.005902
2025-10-01 21:18:56,163 - INFO - Task 3 Iter 120/1200 | lr=9.75955e-05 | acc=0.9429 | pos_cos=0.276593 | neg_cos=0.242452 | ref_L2=0.000022 | ref_cos=0.994489 | ref_KL=0.003573
2025-10-01 21:18:56,524 - INFO - Task 5 Iter 540/600 | lr=1.27411e-05 | acc=0.8542 | pos_cos=0.278281 | neg_cos=0.217988 | ref_L2=0.000053 | ref_cos=0.986456 | ref_KL=0.007200
2025-10-01 21:18:56,836 - INFO - Task 3 Iter 120/1200 | lr=0.000487968 | acc=0.9431 | pos_cos=0.275642 | neg_cos=0.240906 | ref_L2=0.000046 | ref_cos=0.988318 | ref_KL=0.007103
2025-10-01 21:18:58,357 - INFO - Task 5 Iter 550/600 | lr=8.95887e-06 | acc=0.8704 | pos_cos=0.277670 | neg_cos=0.217676 | ref_L2=0.000052 | ref_cos=0.986716 | ref_KL=0.006392
2025-10-01 21:18:58,723 - INFO - Task 3 Iter 130/1200 | lr=9.71784e-05 | acc=0.9431 | pos_cos=0.271225 | neg_cos=0.236733 | ref_L2=0.000020 | ref_cos=0.994958 | ref_KL=0.003062
2025-10-01 21:18:59,494 - INFO - Task 3 Iter 130/1200 | lr=0.000485881 | acc=0.9450 | pos_cos=0.275063 | neg_cos=0.239977 | ref_L2=0.000044 | ref_cos=0.988679 | ref_KL=0.006046
2025-10-01 21:19:00,118 - INFO - Task 5 Iter 560/600 | lr=5.83746e-06 | acc=0.8871 | pos_cos=0.278843 | neg_cos=0.218097 | ref_L2=0.000053 | ref_cos=0.986518 | ref_KL=0.007625
2025-10-01 21:19:00,667 - INFO - Task 3 Iter 140/1200 | lr=9.6729e-05 | acc=0.9319 | pos_cos=0.270853 | neg_cos=0.236122 | ref_L2=0.000018 | ref_cos=0.995327 | ref_KL=0.002502
2025-10-01 21:19:01,426 - INFO - Task 3 Iter 140/1200 | lr=0.000483632 | acc=0.9669 | pos_cos=0.273014 | neg_cos=0.237940 | ref_L2=0.000043 | ref_cos=0.989010 | ref_KL=0.005133
2025-10-01 21:19:01,852 - INFO - Task 5 Iter 570/600 | lr=3.38541e-06 | acc=0.8757 | pos_cos=0.278665 | neg_cos=0.218395 | ref_L2=0.000052 | ref_cos=0.986603 | ref_KL=0.006230
2025-10-01 21:19:02,662 - INFO - Task 3 Iter 150/1200 | lr=9.62477e-05 | acc=0.9488 | pos_cos=0.270667 | neg_cos=0.235372 | ref_L2=0.000020 | ref_cos=0.994940 | ref_KL=0.002730
2025-10-01 21:19:03,221 - INFO - Task 3 Iter 150/1200 | lr=0.000481223 | acc=0.9638 | pos_cos=0.268884 | neg_cos=0.234752 | ref_L2=0.000044 | ref_cos=0.988630 | ref_KL=0.005972
2025-10-01 21:19:04,838 - INFO - Task 5 Iter 580/600 | lr=1.60946e-06 | acc=0.8664 | pos_cos=0.278199 | neg_cos=0.218337 | ref_L2=0.000053 | ref_cos=0.986451 | ref_KL=0.006069
2025-10-01 21:19:05,062 - INFO - Task 3 Iter 160/1200 | lr=9.57346e-05 | acc=0.9622 | pos_cos=0.268122 | neg_cos=0.232673 | ref_L2=0.000018 | ref_cos=0.995288 | ref_KL=0.002672
2025-10-01 21:19:05,732 - INFO - Task 3 Iter 160/1200 | lr=0.000478656 | acc=0.9744 | pos_cos=0.268386 | neg_cos=0.232862 | ref_L2=0.000042 | ref_cos=0.989120 | ref_KL=0.006125
2025-10-01 21:19:07,026 - INFO - Task 5 Iter 590/600 | lr=5.14463e-07 | acc=0.8647 | pos_cos=0.278210 | neg_cos=0.217927 | ref_L2=0.000053 | ref_cos=0.986317 | ref_KL=0.005980
2025-10-01 21:19:07,213 - INFO - Task 3 Iter 170/1200 | lr=9.51903e-05 | acc=0.9586 | pos_cos=0.267296 | neg_cos=0.232280 | ref_L2=0.000021 | ref_cos=0.994588 | ref_KL=0.002756
2025-10-01 21:19:07,793 - INFO - Task 3 Iter 170/1200 | lr=0.000475932 | acc=0.9772 | pos_cos=0.268550 | neg_cos=0.233310 | ref_L2=0.000044 | ref_cos=0.988824 | ref_KL=0.005605
2025-10-01 21:19:09,099 - INFO - Task 5 Iter 600/600 | lr=1.03426e-07 | acc=0.8594 | pos_cos=0.278251 | neg_cos=0.218333 | ref_L2=0.000052 | ref_cos=0.986633 | ref_KL=0.005991
2025-10-01 21:19:09,324 - INFO - Task 3 Iter 180/1200 | lr=9.4615e-05 | acc=0.9681 | pos_cos=0.269344 | neg_cos=0.233549 | ref_L2=0.000018 | ref_cos=0.995331 | ref_KL=0.002747
2025-10-01 21:19:09,606 - INFO - Task 5 finished | total: 129.78 s | train: 129.28 s | drift: 0.00 s
2025-10-01 21:19:09,788 - INFO - Task 3 Iter 180/1200 | lr=0.000473053 | acc=0.9815 | pos_cos=0.269800 | neg_cos=0.234149 | ref_L2=0.000042 | ref_cos=0.989178 | ref_KL=0.005490
2025-10-01 21:19:11,044 - INFO - Task 3 Iter 190/1200 | lr=9.40092e-05 | acc=0.9635 | pos_cos=0.269919 | neg_cos=0.234444 | ref_L2=0.000018 | ref_cos=0.995343 | ref_KL=0.003264
2025-10-01 21:19:11,542 - INFO - Task 3 Iter 190/1200 | lr=0.000470022 | acc=0.9781 | pos_cos=0.267387 | neg_cos=0.231930 | ref_L2=0.000043 | ref_cos=0.989051 | ref_KL=0.005944
2025-10-01 21:19:13,580 - INFO - Task 3 Iter 200/1200 | lr=9.33732e-05 | acc=0.9449 | pos_cos=0.270251 | neg_cos=0.235163 | ref_L2=0.000017 | ref_cos=0.995681 | ref_KL=0.002587
2025-10-01 21:19:13,828 - INFO - Task 3 Iter 200/1200 | lr=0.000466839 | acc=0.9760 | pos_cos=0.266070 | neg_cos=0.230861 | ref_L2=0.000041 | ref_cos=0.989516 | ref_KL=0.005258
2025-10-01 21:19:15,318 - INFO - Task 3 Iter 210/1200 | lr=9.27076e-05 | acc=0.9481 | pos_cos=0.270151 | neg_cos=0.235265 | ref_L2=0.000018 | ref_cos=0.995304 | ref_KL=0.002324
2025-10-01 21:19:15,525 - INFO - Task 3 Iter 210/1200 | lr=0.000463509 | acc=0.9764 | pos_cos=0.264760 | neg_cos=0.229582 | ref_L2=0.000043 | ref_cos=0.989109 | ref_KL=0.005470
2025-10-01 21:19:17,190 - INFO - Task 3 Iter 220/1200 | lr=9.20127e-05 | acc=0.9601 | pos_cos=0.267339 | neg_cos=0.231046 | ref_L2=0.000019 | ref_cos=0.995041 | ref_KL=0.002562
2025-10-01 21:19:17,298 - INFO - Task 3 Iter 220/1200 | lr=0.000460031 | acc=0.9810 | pos_cos=0.263614 | neg_cos=0.228642 | ref_L2=0.000042 | ref_cos=0.989180 | ref_KL=0.004549
2025-10-01 21:19:18,936 - INFO - Task 3 Iter 230/1200 | lr=0.00045641 | acc=0.9865 | pos_cos=0.264430 | neg_cos=0.228881 | ref_L2=0.000040 | ref_cos=0.989659 | ref_KL=0.004895
2025-10-01 21:19:19,173 - INFO - Task 3 Iter 230/1200 | lr=9.1289e-05 | acc=0.9609 | pos_cos=0.270981 | neg_cos=0.235372 | ref_L2=0.000018 | ref_cos=0.995481 | ref_KL=0.002208
2025-10-01 21:19:20,608 - INFO - Task 3 Iter 240/1200 | lr=0.000452648 | acc=0.9911 | pos_cos=0.262924 | neg_cos=0.227951 | ref_L2=0.000042 | ref_cos=0.989305 | ref_KL=0.005423
2025-10-01 21:19:21,209 - INFO - Task 3 Iter 240/1200 | lr=9.05371e-05 | acc=0.9588 | pos_cos=0.268866 | neg_cos=0.233995 | ref_L2=0.000018 | ref_cos=0.995296 | ref_KL=0.002416
2025-10-01 21:19:22,241 - INFO - Task 3 Iter 250/1200 | lr=0.000448746 | acc=0.9942 | pos_cos=0.260740 | neg_cos=0.224997 | ref_L2=0.000042 | ref_cos=0.989304 | ref_KL=0.005530
2025-10-01 21:19:23,023 - INFO - Task 3 Iter 250/1200 | lr=8.97575e-05 | acc=0.9797 | pos_cos=0.269158 | neg_cos=0.233079 | ref_L2=0.000017 | ref_cos=0.995551 | ref_KL=0.002658
2025-10-01 21:19:24,463 - INFO - Task 3 Iter 260/1200 | lr=0.000444709 | acc=0.9840 | pos_cos=0.263278 | neg_cos=0.227913 | ref_L2=0.000044 | ref_cos=0.988719 | ref_KL=0.005129
2025-10-01 21:19:25,650 - INFO - Task 3 Iter 260/1200 | lr=8.89506e-05 | acc=0.9586 | pos_cos=0.269472 | neg_cos=0.234099 | ref_L2=0.000019 | ref_cos=0.995076 | ref_KL=0.002526
2025-10-01 21:19:26,131 - INFO - Task 3 Iter 270/1200 | lr=0.000440538 | acc=0.9791 | pos_cos=0.264082 | neg_cos=0.228958 | ref_L2=0.000041 | ref_cos=0.989491 | ref_KL=0.005963
2025-10-01 21:19:27,442 - INFO - Task 3 Iter 270/1200 | lr=8.81171e-05 | acc=0.9636 | pos_cos=0.270117 | neg_cos=0.235014 | ref_L2=0.000018 | ref_cos=0.995433 | ref_KL=0.003212
2025-10-01 21:19:27,852 - INFO - Task 3 Iter 280/1200 | lr=0.000436236 | acc=0.9842 | pos_cos=0.263686 | neg_cos=0.228248 | ref_L2=0.000041 | ref_cos=0.989511 | ref_KL=0.005310
2025-10-01 21:19:29,193 - INFO - Task 3 Iter 280/1200 | lr=8.72575e-05 | acc=0.9625 | pos_cos=0.269782 | neg_cos=0.234531 | ref_L2=0.000018 | ref_cos=0.995307 | ref_KL=0.002575
2025-10-01 21:19:29,575 - INFO - Task 3 Iter 290/1200 | lr=0.000431807 | acc=0.9741 | pos_cos=0.260113 | neg_cos=0.225284 | ref_L2=0.000042 | ref_cos=0.989339 | ref_KL=0.005277
2025-10-01 21:19:30,971 - INFO - Task 3 Iter 290/1200 | lr=8.63723e-05 | acc=0.9524 | pos_cos=0.267912 | neg_cos=0.232857 | ref_L2=0.000019 | ref_cos=0.995068 | ref_KL=0.002473
2025-10-01 21:19:31,325 - INFO - Task 3 Iter 300/1200 | lr=0.000427253 | acc=0.9792 | pos_cos=0.259119 | neg_cos=0.224198 | ref_L2=0.000042 | ref_cos=0.989221 | ref_KL=0.006462
2025-10-01 21:19:32,753 - INFO - Task 3 Iter 300/1200 | lr=8.54623e-05 | acc=0.9618 | pos_cos=0.269301 | neg_cos=0.234252 | ref_L2=0.000018 | ref_cos=0.995278 | ref_KL=0.002558
2025-10-01 21:19:33,021 - INFO - Task 3 Iter 310/1200 | lr=0.000422578 | acc=0.9841 | pos_cos=0.258378 | neg_cos=0.223340 | ref_L2=0.000043 | ref_cos=0.989109 | ref_KL=0.005577
2025-10-01 21:19:34,559 - INFO - Task 3 Iter 310/1200 | lr=8.4528e-05 | acc=0.9731 | pos_cos=0.269250 | neg_cos=0.234127 | ref_L2=0.000017 | ref_cos=0.995572 | ref_KL=0.002227
2025-10-01 21:19:35,171 - INFO - Task 3 Iter 320/1200 | lr=0.000417785 | acc=0.9886 | pos_cos=0.260119 | neg_cos=0.224972 | ref_L2=0.000042 | ref_cos=0.989322 | ref_KL=0.005619
2025-10-01 21:19:36,905 - INFO - Task 3 Iter 320/1200 | lr=8.35701e-05 | acc=0.9717 | pos_cos=0.269337 | neg_cos=0.234408 | ref_L2=0.000016 | ref_cos=0.995852 | ref_KL=0.002187
2025-10-01 21:19:37,597 - INFO - Task 3 Iter 330/1200 | lr=0.000412877 | acc=0.9912 | pos_cos=0.257748 | neg_cos=0.222725 | ref_L2=0.000041 | ref_cos=0.989411 | ref_KL=0.005327
2025-10-01 21:19:39,347 - INFO - Task 3 Iter 340/1200 | lr=0.000407857 | acc=0.9838 | pos_cos=0.256850 | neg_cos=0.221659 | ref_L2=0.000040 | ref_cos=0.989684 | ref_KL=0.004760
2025-10-01 21:19:39,582 - INFO - Task 3 Iter 330/1200 | lr=8.25893e-05 | acc=0.9816 | pos_cos=0.270004 | neg_cos=0.234911 | ref_L2=0.000017 | ref_cos=0.995583 | ref_KL=0.002123
2025-10-01 21:19:41,246 - INFO - Task 3 Iter 350/1200 | lr=0.000402729 | acc=0.9836 | pos_cos=0.255852 | neg_cos=0.220907 | ref_L2=0.000041 | ref_cos=0.989544 | ref_KL=0.005829
2025-10-01 21:19:41,399 - INFO - Task 3 Iter 340/1200 | lr=8.15861e-05 | acc=0.9689 | pos_cos=0.266062 | neg_cos=0.230729 | ref_L2=0.000016 | ref_cos=0.995957 | ref_KL=0.001811
2025-10-01 21:19:42,982 - INFO - Task 3 Iter 360/1200 | lr=0.000397496 | acc=0.9867 | pos_cos=0.256248 | neg_cos=0.220965 | ref_L2=0.000041 | ref_cos=0.989473 | ref_KL=0.007150
2025-10-01 21:19:43,227 - INFO - Task 3 Iter 350/1200 | lr=8.05613e-05 | acc=0.9636 | pos_cos=0.262426 | neg_cos=0.227257 | ref_L2=0.000017 | ref_cos=0.995721 | ref_KL=0.002062
2025-10-01 21:19:44,666 - INFO - Task 3 Iter 370/1200 | lr=0.000392162 | acc=0.9939 | pos_cos=0.255569 | neg_cos=0.220381 | ref_L2=0.000041 | ref_cos=0.989576 | ref_KL=0.006743
2025-10-01 21:19:45,048 - INFO - Task 3 Iter 360/1200 | lr=7.95156e-05 | acc=0.9667 | pos_cos=0.264789 | neg_cos=0.229064 | ref_L2=0.000016 | ref_cos=0.995789 | ref_KL=0.002132
2025-10-01 21:19:46,326 - INFO - Task 3 Iter 380/1200 | lr=0.000386731 | acc=0.9965 | pos_cos=0.254790 | neg_cos=0.219294 | ref_L2=0.000041 | ref_cos=0.989491 | ref_KL=0.005660
2025-10-01 21:19:46,909 - INFO - Task 3 Iter 370/1200 | lr=7.84497e-05 | acc=0.9822 | pos_cos=0.265737 | neg_cos=0.230440 | ref_L2=0.000017 | ref_cos=0.995756 | ref_KL=0.002427
2025-10-01 21:19:48,686 - INFO - Task 3 Iter 380/1200 | lr=7.73643e-05 | acc=0.9834 | pos_cos=0.268612 | neg_cos=0.232560 | ref_L2=0.000017 | ref_cos=0.995597 | ref_KL=0.002288
2025-10-01 21:19:48,709 - INFO - Task 3 Iter 390/1200 | lr=0.000381206 | acc=0.9898 | pos_cos=0.255462 | neg_cos=0.220520 | ref_L2=0.000042 | ref_cos=0.989317 | ref_KL=0.005165
2025-10-01 21:19:50,479 - INFO - Task 3 Iter 400/1200 | lr=0.000375591 | acc=0.9965 | pos_cos=0.255381 | neg_cos=0.219921 | ref_L2=0.000041 | ref_cos=0.989517 | ref_KL=0.005448
2025-10-01 21:19:51,156 - INFO - Task 3 Iter 390/1200 | lr=7.62602e-05 | acc=0.9732 | pos_cos=0.267493 | neg_cos=0.231747 | ref_L2=0.000018 | ref_cos=0.995316 | ref_KL=0.002406
2025-10-01 21:19:52,174 - INFO - Task 3 Iter 410/1200 | lr=0.00036989 | acc=0.9922 | pos_cos=0.255449 | neg_cos=0.219949 | ref_L2=0.000043 | ref_cos=0.988974 | ref_KL=0.005175
2025-10-01 21:19:53,085 - INFO - Task 3 Iter 400/1200 | lr=7.51382e-05 | acc=0.9851 | pos_cos=0.267700 | neg_cos=0.232150 | ref_L2=0.000017 | ref_cos=0.995689 | ref_KL=0.002165
2025-10-01 21:19:54,018 - INFO - Task 3 Iter 420/1200 | lr=0.000364108 | acc=0.9904 | pos_cos=0.253161 | neg_cos=0.218093 | ref_L2=0.000040 | ref_cos=0.989761 | ref_KL=0.005327
2025-10-01 21:19:54,809 - INFO - Task 3 Iter 410/1200 | lr=7.39989e-05 | acc=0.9869 | pos_cos=0.266371 | neg_cos=0.230547 | ref_L2=0.000019 | ref_cos=0.995076 | ref_KL=0.002321
2025-10-01 21:19:55,834 - INFO - Task 3 Iter 430/1200 | lr=0.000358247 | acc=0.9884 | pos_cos=0.253284 | neg_cos=0.218421 | ref_L2=0.000039 | ref_cos=0.990005 | ref_KL=0.005092
2025-10-01 21:19:56,667 - INFO - Task 3 Iter 420/1200 | lr=7.28433e-05 | acc=0.9758 | pos_cos=0.265709 | neg_cos=0.230786 | ref_L2=0.000017 | ref_cos=0.995593 | ref_KL=0.002222
2025-10-01 21:19:57,566 - INFO - Task 3 Iter 440/1200 | lr=0.000352311 | acc=0.9959 | pos_cos=0.255893 | neg_cos=0.220355 | ref_L2=0.000039 | ref_cos=0.989931 | ref_KL=0.005862
2025-10-01 21:19:58,734 - INFO - Task 3 Iter 430/1200 | lr=7.1672e-05 | acc=0.9681 | pos_cos=0.263055 | neg_cos=0.228316 | ref_L2=0.000015 | ref_cos=0.996133 | ref_KL=0.002030
2025-10-01 21:19:59,831 - INFO - Task 3 Iter 450/1200 | lr=0.000346306 | acc=0.9875 | pos_cos=0.256748 | neg_cos=0.221589 | ref_L2=0.000039 | ref_cos=0.990014 | ref_KL=0.005374
2025-10-01 21:20:00,562 - INFO - Task 3 Iter 440/1200 | lr=7.04859e-05 | acc=0.9766 | pos_cos=0.264152 | neg_cos=0.228688 | ref_L2=0.000015 | ref_cos=0.996078 | ref_KL=0.002187
2025-10-01 21:20:01,455 - INFO - Task 3 Iter 460/1200 | lr=0.000340235 | acc=0.9873 | pos_cos=0.255483 | neg_cos=0.220081 | ref_L2=0.000040 | ref_cos=0.989824 | ref_KL=0.004789
2025-10-01 21:20:03,120 - INFO - Task 3 Iter 470/1200 | lr=0.000334102 | acc=0.9907 | pos_cos=0.254881 | neg_cos=0.219782 | ref_L2=0.000041 | ref_cos=0.989590 | ref_KL=0.004945
2025-10-01 21:20:03,300 - INFO - Task 3 Iter 450/1200 | lr=6.92858e-05 | acc=0.9709 | pos_cos=0.262903 | neg_cos=0.227665 | ref_L2=0.000016 | ref_cos=0.995789 | ref_KL=0.002007
2025-10-01 21:20:05,310 - INFO - Task 3 Iter 460/1200 | lr=6.80725e-05 | acc=0.9820 | pos_cos=0.264047 | neg_cos=0.228548 | ref_L2=0.000017 | ref_cos=0.995523 | ref_KL=0.002082
2025-10-01 21:20:05,320 - INFO - Task 3 Iter 480/1200 | lr=0.000327911 | acc=0.9968 | pos_cos=0.253955 | neg_cos=0.218520 | ref_L2=0.000038 | ref_cos=0.990181 | ref_KL=0.006349
2025-10-01 21:20:07,085 - INFO - Task 3 Iter 490/1200 | lr=0.000321667 | acc=0.9959 | pos_cos=0.253013 | neg_cos=0.217730 | ref_L2=0.000040 | ref_cos=0.989871 | ref_KL=0.005664
2025-10-01 21:20:07,118 - INFO - Task 3 Iter 470/1200 | lr=6.68469e-05 | acc=0.9692 | pos_cos=0.262201 | neg_cos=0.227083 | ref_L2=0.000016 | ref_cos=0.995833 | ref_KL=0.002417
2025-10-01 21:20:08,755 - INFO - Task 3 Iter 500/1200 | lr=0.000315374 | acc=0.9974 | pos_cos=0.252410 | neg_cos=0.217229 | ref_L2=0.000041 | ref_cos=0.989593 | ref_KL=0.005884
2025-10-01 21:20:09,663 - INFO - Task 3 Iter 480/1200 | lr=6.56097e-05 | acc=0.9789 | pos_cos=0.260968 | neg_cos=0.225448 | ref_L2=0.000015 | ref_cos=0.996182 | ref_KL=0.002213
2025-10-01 21:20:10,440 - INFO - Task 3 Iter 510/1200 | lr=0.000309036 | acc=0.9951 | pos_cos=0.253314 | neg_cos=0.218002 | ref_L2=0.000039 | ref_cos=0.989928 | ref_KL=0.005207
2025-10-01 21:20:11,421 - INFO - Task 3 Iter 490/1200 | lr=6.43619e-05 | acc=0.9860 | pos_cos=0.261738 | neg_cos=0.226062 | ref_L2=0.000015 | ref_cos=0.996174 | ref_KL=0.002020
2025-10-01 21:20:12,891 - INFO - Task 3 Iter 520/1200 | lr=0.000302657 | acc=0.9956 | pos_cos=0.253211 | neg_cos=0.217868 | ref_L2=0.000039 | ref_cos=0.989967 | ref_KL=0.004008
2025-10-01 21:20:13,286 - INFO - Task 3 Iter 500/1200 | lr=6.31043e-05 | acc=0.9845 | pos_cos=0.263167 | neg_cos=0.227801 | ref_L2=0.000016 | ref_cos=0.995938 | ref_KL=0.002312
2025-10-01 21:20:14,817 - INFO - Task 3 Iter 530/1200 | lr=0.000296243 | acc=0.9953 | pos_cos=0.252764 | neg_cos=0.217410 | ref_L2=0.000041 | ref_cos=0.989583 | ref_KL=0.004216
2025-10-01 21:20:15,000 - INFO - Task 3 Iter 510/1200 | lr=6.18377e-05 | acc=0.9826 | pos_cos=0.262518 | neg_cos=0.227220 | ref_L2=0.000015 | ref_cos=0.996101 | ref_KL=0.002017
2025-10-01 21:20:16,561 - INFO - Task 3 Iter 540/1200 | lr=0.000289797 | acc=0.9942 | pos_cos=0.252365 | neg_cos=0.217141 | ref_L2=0.000039 | ref_cos=0.989926 | ref_KL=0.004574
2025-10-01 21:20:17,545 - INFO - Task 3 Iter 520/1200 | lr=6.05631e-05 | acc=0.9804 | pos_cos=0.260931 | neg_cos=0.225425 | ref_L2=0.000016 | ref_cos=0.996017 | ref_KL=0.001673
2025-10-01 21:20:18,343 - INFO - Task 3 Iter 550/1200 | lr=0.000283324 | acc=0.9980 | pos_cos=0.250334 | neg_cos=0.215146 | ref_L2=0.000039 | ref_cos=0.990047 | ref_KL=0.004539
2025-10-01 21:20:19,466 - INFO - Task 3 Iter 530/1200 | lr=5.92812e-05 | acc=0.9836 | pos_cos=0.259247 | neg_cos=0.223955 | ref_L2=0.000017 | ref_cos=0.995585 | ref_KL=0.001860
2025-10-01 21:20:20,075 - INFO - Task 3 Iter 560/1200 | lr=0.000276828 | acc=0.9975 | pos_cos=0.251143 | neg_cos=0.215802 | ref_L2=0.000038 | ref_cos=0.990162 | ref_KL=0.006468
2025-10-01 21:20:21,397 - INFO - Task 3 Iter 540/1200 | lr=5.7993e-05 | acc=0.9775 | pos_cos=0.259910 | neg_cos=0.224416 | ref_L2=0.000015 | ref_cos=0.996127 | ref_KL=0.001798
2025-10-01 21:20:21,777 - INFO - Task 3 Iter 570/1200 | lr=0.000270313 | acc=0.9939 | pos_cos=0.252071 | neg_cos=0.216805 | ref_L2=0.000038 | ref_cos=0.990302 | ref_KL=0.005286
2025-10-01 21:20:23,228 - INFO - Task 3 Iter 550/1200 | lr=5.66994e-05 | acc=0.9831 | pos_cos=0.260203 | neg_cos=0.225192 | ref_L2=0.000015 | ref_cos=0.996034 | ref_KL=0.001761
2025-10-01 21:20:24,072 - INFO - Task 3 Iter 580/1200 | lr=0.000263785 | acc=0.9960 | pos_cos=0.252429 | neg_cos=0.217188 | ref_L2=0.000040 | ref_cos=0.989874 | ref_KL=0.004559
2025-10-01 21:20:25,159 - INFO - Task 3 Iter 560/1200 | lr=5.54012e-05 | acc=0.9826 | pos_cos=0.259306 | neg_cos=0.224017 | ref_L2=0.000015 | ref_cos=0.996139 | ref_KL=0.003001
2025-10-01 21:20:25,763 - INFO - Task 3 Iter 590/1200 | lr=0.000257247 | acc=0.9930 | pos_cos=0.250066 | neg_cos=0.214982 | ref_L2=0.000040 | ref_cos=0.989745 | ref_KL=0.004257
2025-10-01 21:20:26,858 - INFO - Task 3 Iter 570/1200 | lr=5.40994e-05 | acc=0.9834 | pos_cos=0.258938 | neg_cos=0.223151 | ref_L2=0.000014 | ref_cos=0.996295 | ref_KL=0.002363
2025-10-01 21:20:27,481 - INFO - Task 3 Iter 600/1200 | lr=0.000250704 | acc=0.9940 | pos_cos=0.250002 | neg_cos=0.214668 | ref_L2=0.000037 | ref_cos=0.990410 | ref_KL=0.004045
2025-10-01 21:20:29,168 - INFO - Task 3 Iter 610/1200 | lr=0.000244161 | acc=0.9963 | pos_cos=0.250135 | neg_cos=0.214750 | ref_L2=0.000039 | ref_cos=0.989981 | ref_KL=0.004718
2025-10-01 21:20:29,438 - INFO - Task 3 Iter 580/1200 | lr=5.27948e-05 | acc=0.9854 | pos_cos=0.261336 | neg_cos=0.226134 | ref_L2=0.000015 | ref_cos=0.996142 | ref_KL=0.001853
2025-10-01 21:20:30,898 - INFO - Task 3 Iter 620/1200 | lr=0.000237622 | acc=0.9950 | pos_cos=0.249756 | neg_cos=0.214726 | ref_L2=0.000039 | ref_cos=0.990023 | ref_KL=0.005189
2025-10-01 21:20:31,136 - INFO - Task 3 Iter 590/1200 | lr=5.14883e-05 | acc=0.9753 | pos_cos=0.261299 | neg_cos=0.226191 | ref_L2=0.000016 | ref_cos=0.995969 | ref_KL=0.001688
2025-10-01 21:20:32,818 - INFO - Task 3 Iter 600/1200 | lr=5.01808e-05 | acc=0.9823 | pos_cos=0.263221 | neg_cos=0.227975 | ref_L2=0.000014 | ref_cos=0.996370 | ref_KL=0.001701
2025-10-01 21:20:33,025 - INFO - Task 3 Iter 630/1200 | lr=0.000231092 | acc=0.9951 | pos_cos=0.250021 | neg_cos=0.214527 | ref_L2=0.000037 | ref_cos=0.990539 | ref_KL=0.004803
2025-10-01 21:20:34,495 - INFO - Task 3 Iter 610/1200 | lr=4.88732e-05 | acc=0.9748 | pos_cos=0.261523 | neg_cos=0.226014 | ref_L2=0.000017 | ref_cos=0.995616 | ref_KL=0.001595
2025-10-01 21:20:34,757 - INFO - Task 3 Iter 640/1200 | lr=0.000224574 | acc=0.9983 | pos_cos=0.249165 | neg_cos=0.214100 | ref_L2=0.000037 | ref_cos=0.990568 | ref_KL=0.004492
2025-10-01 21:20:36,161 - INFO - Task 3 Iter 620/1200 | lr=4.75664e-05 | acc=0.9836 | pos_cos=0.260219 | neg_cos=0.224623 | ref_L2=0.000016 | ref_cos=0.995824 | ref_KL=0.001883
2025-10-01 21:20:37,141 - INFO - Task 3 Iter 650/1200 | lr=0.000218074 | acc=0.9981 | pos_cos=0.249910 | neg_cos=0.214557 | ref_L2=0.000036 | ref_cos=0.990760 | ref_KL=0.003887
2025-10-01 21:20:38,489 - INFO - Task 3 Iter 630/1200 | lr=4.62613e-05 | acc=0.9833 | pos_cos=0.262650 | neg_cos=0.227107 | ref_L2=0.000015 | ref_cos=0.996067 | ref_KL=0.001756
2025-10-01 21:20:38,912 - INFO - Task 3 Iter 660/1200 | lr=0.000211596 | acc=0.9993 | pos_cos=0.249374 | neg_cos=0.214033 | ref_L2=0.000037 | ref_cos=0.990511 | ref_KL=0.003744
2025-10-01 21:20:40,210 - INFO - Task 3 Iter 640/1200 | lr=4.49589e-05 | acc=0.9917 | pos_cos=0.261958 | neg_cos=0.226449 | ref_L2=0.000015 | ref_cos=0.996266 | ref_KL=0.001642
2025-10-01 21:20:40,747 - INFO - Task 3 Iter 670/1200 | lr=0.000205144 | acc=0.9998 | pos_cos=0.248884 | neg_cos=0.213782 | ref_L2=0.000038 | ref_cos=0.990179 | ref_KL=0.004188
2025-10-01 21:20:42,392 - INFO - Task 3 Iter 680/1200 | lr=0.000198723 | acc=0.9999 | pos_cos=0.249792 | neg_cos=0.214434 | ref_L2=0.000038 | ref_cos=0.990351 | ref_KL=0.004201
2025-10-01 21:20:42,801 - INFO - Task 3 Iter 650/1200 | lr=4.36599e-05 | acc=0.9872 | pos_cos=0.260950 | neg_cos=0.225335 | ref_L2=0.000014 | ref_cos=0.996527 | ref_KL=0.001580
2025-10-01 21:20:44,288 - INFO - Task 3 Iter 690/1200 | lr=0.000192337 | acc=1.0000 | pos_cos=0.249547 | neg_cos=0.214329 | ref_L2=0.000039 | ref_cos=0.989940 | ref_KL=0.003961
2025-10-01 21:20:44,784 - INFO - Task 3 Iter 660/1200 | lr=4.23653e-05 | acc=0.9880 | pos_cos=0.259292 | neg_cos=0.223575 | ref_L2=0.000015 | ref_cos=0.996126 | ref_KL=0.001511
2025-10-01 21:20:46,155 - INFO - Task 3 Iter 700/1200 | lr=0.00018599 | acc=1.0000 | pos_cos=0.249050 | neg_cos=0.213709 | ref_L2=0.000038 | ref_cos=0.990367 | ref_KL=0.003864
2025-10-01 21:20:46,539 - INFO - Task 3 Iter 670/1200 | lr=4.10759e-05 | acc=0.9915 | pos_cos=0.258934 | neg_cos=0.223354 | ref_L2=0.000015 | ref_cos=0.996212 | ref_KL=0.001601
2025-10-01 21:20:48,287 - INFO - Task 3 Iter 680/1200 | lr=3.97928e-05 | acc=0.9927 | pos_cos=0.259233 | neg_cos=0.223762 | ref_L2=0.000015 | ref_cos=0.996044 | ref_KL=0.001682
2025-10-01 21:20:48,541 - INFO - Task 3 Iter 710/1200 | lr=0.000179688 | acc=0.9963 | pos_cos=0.248411 | neg_cos=0.213226 | ref_L2=0.000036 | ref_cos=0.990672 | ref_KL=0.003471
2025-10-01 21:20:49,962 - INFO - Task 3 Iter 690/1200 | lr=3.85166e-05 | acc=0.9929 | pos_cos=0.259822 | neg_cos=0.224412 | ref_L2=0.000016 | ref_cos=0.995988 | ref_KL=0.001783
2025-10-01 21:20:50,266 - INFO - Task 3 Iter 720/1200 | lr=0.000173434 | acc=0.9987 | pos_cos=0.247451 | neg_cos=0.212297 | ref_L2=0.000038 | ref_cos=0.990268 | ref_KL=0.003341
2025-10-01 21:20:51,830 - INFO - Task 3 Iter 700/1200 | lr=3.72483e-05 | acc=0.9897 | pos_cos=0.258549 | neg_cos=0.222843 | ref_L2=0.000015 | ref_cos=0.996180 | ref_KL=0.001550
2025-10-01 21:20:52,169 - INFO - Task 3 Iter 730/1200 | lr=0.000167232 | acc=0.9981 | pos_cos=0.248366 | neg_cos=0.213060 | ref_L2=0.000039 | ref_cos=0.990131 | ref_KL=0.004781
2025-10-01 21:20:53,879 - INFO - Task 3 Iter 740/1200 | lr=0.000161087 | acc=0.9980 | pos_cos=0.248991 | neg_cos=0.213856 | ref_L2=0.000038 | ref_cos=0.990386 | ref_KL=0.004210
2025-10-01 21:20:54,459 - INFO - Task 3 Iter 710/1200 | lr=3.59889e-05 | acc=0.9897 | pos_cos=0.258016 | neg_cos=0.222523 | ref_L2=0.000014 | ref_cos=0.996428 | ref_KL=0.001501
2025-10-01 21:20:55,601 - INFO - Task 3 Iter 750/1200 | lr=0.000155003 | acc=0.9993 | pos_cos=0.248550 | neg_cos=0.213151 | ref_L2=0.000037 | ref_cos=0.990494 | ref_KL=0.003890
2025-10-01 21:20:56,350 - INFO - Task 3 Iter 720/1200 | lr=3.4739e-05 | acc=0.9916 | pos_cos=0.257484 | neg_cos=0.222408 | ref_L2=0.000015 | ref_cos=0.996242 | ref_KL=0.001389
2025-10-01 21:20:57,433 - INFO - Task 3 Iter 760/1200 | lr=0.000148984 | acc=0.9998 | pos_cos=0.248543 | neg_cos=0.213300 | ref_L2=0.000037 | ref_cos=0.990497 | ref_KL=0.003661
2025-10-01 21:20:58,059 - INFO - Task 3 Iter 730/1200 | lr=3.34997e-05 | acc=0.9873 | pos_cos=0.257608 | neg_cos=0.222042 | ref_L2=0.000015 | ref_cos=0.996051 | ref_KL=0.001499
2025-10-01 21:20:59,758 - INFO - Task 3 Iter 740/1200 | lr=3.22717e-05 | acc=0.9812 | pos_cos=0.257408 | neg_cos=0.221882 | ref_L2=0.000015 | ref_cos=0.996226 | ref_KL=0.001766
2025-10-01 21:20:59,819 - INFO - Task 3 Iter 770/1200 | lr=0.000143035 | acc=0.9999 | pos_cos=0.248214 | neg_cos=0.212852 | ref_L2=0.000038 | ref_cos=0.990378 | ref_KL=0.003843
2025-10-01 21:21:01,526 - INFO - Task 3 Iter 750/1200 | lr=3.10558e-05 | acc=0.9791 | pos_cos=0.258306 | neg_cos=0.222885 | ref_L2=0.000015 | ref_cos=0.996227 | ref_KL=0.001817
2025-10-01 21:21:01,596 - INFO - Task 3 Iter 780/1200 | lr=0.000137159 | acc=0.9986 | pos_cos=0.247375 | neg_cos=0.212065 | ref_L2=0.000037 | ref_cos=0.990501 | ref_KL=0.003501
2025-10-01 21:21:03,232 - INFO - Task 3 Iter 760/1200 | lr=2.9853e-05 | acc=0.9826 | pos_cos=0.258631 | neg_cos=0.223330 | ref_L2=0.000015 | ref_cos=0.996279 | ref_KL=0.001615
2025-10-01 21:21:03,772 - INFO - Task 3 Iter 790/1200 | lr=0.00013136 | acc=0.9995 | pos_cos=0.247514 | neg_cos=0.212374 | ref_L2=0.000037 | ref_cos=0.990494 | ref_KL=0.003714
2025-10-01 21:21:05,456 - INFO - Task 3 Iter 800/1200 | lr=0.000125642 | acc=0.9980 | pos_cos=0.247883 | neg_cos=0.212700 | ref_L2=0.000037 | ref_cos=0.990585 | ref_KL=0.003923
2025-10-01 21:21:05,763 - INFO - Task 3 Iter 770/1200 | lr=2.86641e-05 | acc=0.9878 | pos_cos=0.257701 | neg_cos=0.222115 | ref_L2=0.000016 | ref_cos=0.995777 | ref_KL=0.001759
2025-10-01 21:21:07,444 - INFO - Task 3 Iter 780/1200 | lr=2.74898e-05 | acc=0.9847 | pos_cos=0.255898 | neg_cos=0.220390 | ref_L2=0.000016 | ref_cos=0.995973 | ref_KL=0.001812
2025-10-01 21:21:07,475 - INFO - Task 3 Iter 810/1200 | lr=0.00012001 | acc=0.9981 | pos_cos=0.247096 | neg_cos=0.211968 | ref_L2=0.000037 | ref_cos=0.990511 | ref_KL=0.003386
2025-10-01 21:21:09,184 - INFO - Task 3 Iter 820/1200 | lr=0.000114467 | acc=0.9993 | pos_cos=0.247253 | neg_cos=0.211872 | ref_L2=0.000036 | ref_cos=0.990671 | ref_KL=0.003578
2025-10-01 21:21:09,732 - INFO - Task 3 Iter 790/1200 | lr=2.63309e-05 | acc=0.9887 | pos_cos=0.255753 | neg_cos=0.220421 | ref_L2=0.000015 | ref_cos=0.996259 | ref_KL=0.001729
2025-10-01 21:21:11,078 - INFO - Task 3 Iter 830/1200 | lr=0.000109017 | acc=0.9998 | pos_cos=0.247353 | neg_cos=0.212177 | ref_L2=0.000037 | ref_cos=0.990436 | ref_KL=0.003557
2025-10-01 21:21:11,449 - INFO - Task 3 Iter 800/1200 | lr=2.51883e-05 | acc=0.9913 | pos_cos=0.256228 | neg_cos=0.221287 | ref_L2=0.000014 | ref_cos=0.996360 | ref_KL=0.001598
2025-10-01 21:21:13,365 - INFO - Task 3 Iter 810/1200 | lr=2.40628e-05 | acc=0.9958 | pos_cos=0.257327 | neg_cos=0.221916 | ref_L2=0.000014 | ref_cos=0.996319 | ref_KL=0.001419
2025-10-01 21:21:13,489 - INFO - Task 3 Iter 840/1200 | lr=0.000103663 | acc=0.9999 | pos_cos=0.247934 | neg_cos=0.212634 | ref_L2=0.000037 | ref_cos=0.990629 | ref_KL=0.003393
2025-10-01 21:21:15,183 - INFO - Task 3 Iter 850/1200 | lr=9.84097e-05 | acc=1.0000 | pos_cos=0.247150 | neg_cos=0.211845 | ref_L2=0.000038 | ref_cos=0.990187 | ref_KL=0.003209
2025-10-01 21:21:15,422 - INFO - Task 3 Iter 820/1200 | lr=2.2955e-05 | acc=0.9941 | pos_cos=0.258189 | neg_cos=0.222614 | ref_L2=0.000014 | ref_cos=0.996468 | ref_KL=0.001490
2025-10-01 21:21:16,947 - INFO - Task 3 Iter 860/1200 | lr=9.32604e-05 | acc=1.0000 | pos_cos=0.247933 | neg_cos=0.212796 | ref_L2=0.000038 | ref_cos=0.990281 | ref_KL=0.003381
2025-10-01 21:21:17,258 - INFO - Task 3 Iter 830/1200 | lr=2.18659e-05 | acc=0.9938 | pos_cos=0.257124 | neg_cos=0.221642 | ref_L2=0.000016 | ref_cos=0.996009 | ref_KL=0.001656
2025-10-01 21:21:18,673 - INFO - Task 3 Iter 870/1200 | lr=8.82186e-05 | acc=0.9977 | pos_cos=0.247583 | neg_cos=0.212358 | ref_L2=0.000037 | ref_cos=0.990645 | ref_KL=0.003602
2025-10-01 21:21:19,887 - INFO - Task 3 Iter 840/1200 | lr=2.0796e-05 | acc=0.9932 | pos_cos=0.257067 | neg_cos=0.221741 | ref_L2=0.000015 | ref_cos=0.996084 | ref_KL=0.001538
2025-10-01 21:21:20,647 - INFO - Task 3 Iter 880/1200 | lr=8.32877e-05 | acc=0.9992 | pos_cos=0.246956 | neg_cos=0.211593 | ref_L2=0.000036 | ref_cos=0.990711 | ref_KL=0.003825
2025-10-01 21:21:21,586 - INFO - Task 3 Iter 850/1200 | lr=1.97462e-05 | acc=0.9898 | pos_cos=0.257063 | neg_cos=0.221538 | ref_L2=0.000016 | ref_cos=0.995949 | ref_KL=0.001534
2025-10-01 21:21:22,600 - INFO - Task 3 Iter 890/1200 | lr=7.8471e-05 | acc=0.9997 | pos_cos=0.246705 | neg_cos=0.211509 | ref_L2=0.000036 | ref_cos=0.990718 | ref_KL=0.003377
2025-10-01 21:21:23,537 - INFO - Task 3 Iter 860/1200 | lr=1.87172e-05 | acc=0.9854 | pos_cos=0.256176 | neg_cos=0.220773 | ref_L2=0.000015 | ref_cos=0.996090 | ref_KL=0.001491
2025-10-01 21:21:24,943 - INFO - Task 3 Iter 900/1200 | lr=7.3772e-05 | acc=0.9999 | pos_cos=0.246919 | neg_cos=0.211652 | ref_L2=0.000035 | ref_cos=0.990939 | ref_KL=0.003681
2025-10-01 21:21:25,439 - INFO - Task 3 Iter 870/1200 | lr=1.77096e-05 | acc=0.9822 | pos_cos=0.256653 | neg_cos=0.220939 | ref_L2=0.000014 | ref_cos=0.996360 | ref_KL=0.001490
2025-10-01 21:21:26,624 - INFO - Task 3 Iter 910/1200 | lr=6.91937e-05 | acc=1.0000 | pos_cos=0.247224 | neg_cos=0.212067 | ref_L2=0.000037 | ref_cos=0.990583 | ref_KL=0.003152
2025-10-01 21:21:27,480 - INFO - Task 3 Iter 880/1200 | lr=1.67242e-05 | acc=0.9851 | pos_cos=0.255896 | neg_cos=0.220714 | ref_L2=0.000014 | ref_cos=0.996525 | ref_KL=0.001581
2025-10-01 21:21:28,299 - INFO - Task 3 Iter 920/1200 | lr=6.47394e-05 | acc=1.0000 | pos_cos=0.246279 | neg_cos=0.211067 | ref_L2=0.000036 | ref_cos=0.990706 | ref_KL=0.003213
2025-10-01 21:21:29,400 - INFO - Task 3 Iter 890/1200 | lr=1.57617e-05 | acc=0.9920 | pos_cos=0.255736 | neg_cos=0.220475 | ref_L2=0.000014 | ref_cos=0.996372 | ref_KL=0.001496
2025-10-01 21:21:29,962 - INFO - Task 3 Iter 930/1200 | lr=6.04122e-05 | acc=1.0000 | pos_cos=0.246495 | neg_cos=0.211141 | ref_L2=0.000037 | ref_cos=0.990533 | ref_KL=0.003073
2025-10-01 21:21:31,709 - INFO - Task 3 Iter 940/1200 | lr=5.62148e-05 | acc=1.0000 | pos_cos=0.246798 | neg_cos=0.211454 | ref_L2=0.000036 | ref_cos=0.990783 | ref_KL=0.003071
2025-10-01 21:21:32,188 - INFO - Task 3 Iter 900/1200 | lr=1.48226e-05 | acc=0.9954 | pos_cos=0.256372 | neg_cos=0.221123 | ref_L2=0.000013 | ref_cos=0.996624 | ref_KL=0.001407
2025-10-01 21:21:34,094 - INFO - Task 3 Iter 950/1200 | lr=5.21504e-05 | acc=1.0000 | pos_cos=0.246591 | neg_cos=0.211339 | ref_L2=0.000036 | ref_cos=0.990682 | ref_KL=0.003302
2025-10-01 21:21:34,130 - INFO - Task 3 Iter 910/1200 | lr=1.39077e-05 | acc=0.9926 | pos_cos=0.258280 | neg_cos=0.222901 | ref_L2=0.000013 | ref_cos=0.996569 | ref_KL=0.001329
2025-10-01 21:21:35,906 - INFO - Task 3 Iter 960/1200 | lr=4.82215e-05 | acc=1.0000 | pos_cos=0.245881 | neg_cos=0.210498 | ref_L2=0.000037 | ref_cos=0.990622 | ref_KL=0.003690
2025-10-01 21:21:36,299 - INFO - Task 3 Iter 920/1200 | lr=1.30175e-05 | acc=0.9889 | pos_cos=0.257342 | neg_cos=0.222384 | ref_L2=0.000014 | ref_cos=0.996427 | ref_KL=0.001432
2025-10-01 21:21:38,149 - INFO - Task 3 Iter 930/1200 | lr=1.21528e-05 | acc=0.9895 | pos_cos=0.256826 | neg_cos=0.221466 | ref_L2=0.000015 | ref_cos=0.996202 | ref_KL=0.001549
2025-10-01 21:21:38,247 - INFO - Task 3 Iter 970/1200 | lr=4.4431e-05 | acc=0.9979 | pos_cos=0.245931 | neg_cos=0.210833 | ref_L2=0.000037 | ref_cos=0.990508 | ref_KL=0.003259
2025-10-01 21:21:39,876 - INFO - Task 3 Iter 940/1200 | lr=1.1314e-05 | acc=0.9907 | pos_cos=0.257042 | neg_cos=0.221185 | ref_L2=0.000015 | ref_cos=0.996255 | ref_KL=0.001479
2025-10-01 21:21:40,033 - INFO - Task 3 Iter 980/1200 | lr=4.07814e-05 | acc=0.9993 | pos_cos=0.246527 | neg_cos=0.211359 | ref_L2=0.000036 | ref_cos=0.990730 | ref_KL=0.003813
2025-10-01 21:21:41,773 - INFO - Task 3 Iter 990/1200 | lr=3.72752e-05 | acc=0.9998 | pos_cos=0.246233 | neg_cos=0.210977 | ref_L2=0.000037 | ref_cos=0.990414 | ref_KL=0.003268
2025-10-01 21:21:42,472 - INFO - Task 3 Iter 950/1200 | lr=1.05017e-05 | acc=0.9905 | pos_cos=0.256359 | neg_cos=0.220848 | ref_L2=0.000014 | ref_cos=0.996443 | ref_KL=0.001486
2025-10-01 21:21:43,458 - INFO - Task 3 Iter 1000/1200 | lr=3.39149e-05 | acc=0.9999 | pos_cos=0.246864 | neg_cos=0.211489 | ref_L2=0.000036 | ref_cos=0.990671 | ref_KL=0.002899
2025-10-01 21:21:44,255 - INFO - Task 3 Iter 960/1200 | lr=9.7166e-06 | acc=0.9907 | pos_cos=0.255481 | neg_cos=0.219884 | ref_L2=0.000016 | ref_cos=0.996026 | ref_KL=0.001635
2025-10-01 21:21:45,155 - INFO - Task 3 Iter 1010/1200 | lr=3.07027e-05 | acc=1.0000 | pos_cos=0.246663 | neg_cos=0.211280 | ref_L2=0.000036 | ref_cos=0.990792 | ref_KL=0.003029
2025-10-01 21:21:46,869 - INFO - Task 3 Iter 1020/1200 | lr=2.76408e-05 | acc=1.0000 | pos_cos=0.247299 | neg_cos=0.211962 | ref_L2=0.000036 | ref_cos=0.990822 | ref_KL=0.003092
2025-10-01 21:21:46,930 - INFO - Task 3 Iter 970/1200 | lr=8.95911e-06 | acc=0.9848 | pos_cos=0.256390 | neg_cos=0.220892 | ref_L2=0.000016 | ref_cos=0.995813 | ref_KL=0.001628
2025-10-01 21:21:48,695 - INFO - Task 3 Iter 980/1200 | lr=8.22977e-06 | acc=0.9883 | pos_cos=0.258011 | neg_cos=0.222415 | ref_L2=0.000014 | ref_cos=0.996416 | ref_KL=0.001612
2025-10-01 21:21:49,240 - INFO - Task 3 Iter 1030/1200 | lr=2.47313e-05 | acc=1.0000 | pos_cos=0.245659 | neg_cos=0.210481 | ref_L2=0.000036 | ref_cos=0.990823 | ref_KL=0.003041
2025-10-01 21:21:50,529 - INFO - Task 3 Iter 990/1200 | lr=7.5291e-06 | acc=0.9943 | pos_cos=0.258007 | neg_cos=0.222521 | ref_L2=0.000016 | ref_cos=0.995990 | ref_KL=0.001551
2025-10-01 21:21:51,014 - INFO - Task 3 Iter 1040/1200 | lr=2.19763e-05 | acc=1.0000 | pos_cos=0.245807 | neg_cos=0.210634 | ref_L2=0.000036 | ref_cos=0.990725 | ref_KL=0.002853
2025-10-01 21:21:52,297 - INFO - Task 3 Iter 1000/1200 | lr=6.85756e-06 | acc=0.9920 | pos_cos=0.258020 | neg_cos=0.222707 | ref_L2=0.000014 | ref_cos=0.996338 | ref_KL=0.001340
2025-10-01 21:21:52,791 - INFO - Task 3 Iter 1050/1200 | lr=1.93775e-05 | acc=1.0000 | pos_cos=0.245603 | neg_cos=0.210386 | ref_L2=0.000036 | ref_cos=0.990856 | ref_KL=0.003006
2025-10-01 21:21:54,022 - INFO - Task 3 Iter 1010/1200 | lr=6.21563e-06 | acc=0.9947 | pos_cos=0.257793 | neg_cos=0.222308 | ref_L2=0.000013 | ref_cos=0.996551 | ref_KL=0.001377
2025-10-01 21:21:54,495 - INFO - Task 3 Iter 1060/1200 | lr=1.69369e-05 | acc=1.0000 | pos_cos=0.245706 | neg_cos=0.210493 | ref_L2=0.000036 | ref_cos=0.990694 | ref_KL=0.003166
2025-10-01 21:21:55,696 - INFO - Task 3 Iter 1020/1200 | lr=5.60374e-06 | acc=0.9920 | pos_cos=0.256852 | neg_cos=0.221311 | ref_L2=0.000014 | ref_cos=0.996446 | ref_KL=0.001491
2025-10-01 21:21:56,149 - INFO - Task 3 Iter 1070/1200 | lr=1.4656e-05 | acc=1.0000 | pos_cos=0.246057 | neg_cos=0.210833 | ref_L2=0.000038 | ref_cos=0.990371 | ref_KL=0.002978
2025-10-01 21:21:57,846 - INFO - Task 3 Iter 1080/1200 | lr=1.25364e-05 | acc=1.0000 | pos_cos=0.245950 | neg_cos=0.210626 | ref_L2=0.000036 | ref_cos=0.990729 | ref_KL=0.002984
2025-10-01 21:21:58,182 - INFO - Task 3 Iter 1030/1200 | lr=5.02232e-06 | acc=0.9959 | pos_cos=0.256991 | neg_cos=0.221339 | ref_L2=0.000014 | ref_cos=0.996537 | ref_KL=0.001484
2025-10-01 21:21:59,950 - INFO - Task 3 Iter 1040/1200 | lr=4.47175e-06 | acc=0.9971 | pos_cos=0.256557 | neg_cos=0.220821 | ref_L2=0.000014 | ref_cos=0.996454 | ref_KL=0.001354
2025-10-01 21:22:00,273 - INFO - Task 3 Iter 1090/1200 | lr=1.05797e-05 | acc=0.9972 | pos_cos=0.245791 | neg_cos=0.210600 | ref_L2=0.000035 | ref_cos=0.990936 | ref_KL=0.003091
2025-10-01 21:22:01,943 - INFO - Task 3 Iter 1050/1200 | lr=3.95242e-06 | acc=0.9976 | pos_cos=0.256720 | neg_cos=0.221187 | ref_L2=0.000015 | ref_cos=0.996234 | ref_KL=0.001537
2025-10-01 21:22:02,481 - INFO - Task 3 Iter 1100/1200 | lr=8.78703e-06 | acc=0.9990 | pos_cos=0.246120 | neg_cos=0.210881 | ref_L2=0.000035 | ref_cos=0.991166 | ref_KL=0.002961
2025-10-01 21:22:03,764 - INFO - Task 3 Iter 1060/1200 | lr=3.46468e-06 | acc=0.9954 | pos_cos=0.256573 | neg_cos=0.221160 | ref_L2=0.000014 | ref_cos=0.996418 | ref_KL=0.001527
2025-10-01 21:22:04,135 - INFO - Task 3 Iter 1110/1200 | lr=7.15973e-06 | acc=0.9997 | pos_cos=0.245827 | neg_cos=0.210698 | ref_L2=0.000036 | ref_cos=0.990796 | ref_KL=0.003164
2025-10-01 21:22:05,638 - INFO - Task 3 Iter 1070/1200 | lr=3.00887e-06 | acc=0.9860 | pos_cos=0.256466 | neg_cos=0.221241 | ref_L2=0.000015 | ref_cos=0.996041 | ref_KL=0.001460
2025-10-01 21:22:05,777 - INFO - Task 3 Iter 1120/1200 | lr=5.6989e-06 | acc=0.9999 | pos_cos=0.246081 | neg_cos=0.210875 | ref_L2=0.000036 | ref_cos=0.990667 | ref_KL=0.003269
2025-10-01 21:22:07,377 - INFO - Task 3 Iter 1080/1200 | lr=2.5853e-06 | acc=0.9792 | pos_cos=0.256546 | neg_cos=0.221003 | ref_L2=0.000015 | ref_cos=0.996253 | ref_KL=0.001354
2025-10-01 21:22:07,779 - INFO - Task 3 Iter 1130/1200 | lr=4.40553e-06 | acc=1.0000 | pos_cos=0.245908 | neg_cos=0.210623 | ref_L2=0.000037 | ref_cos=0.990531 | ref_KL=0.002937
2025-10-01 21:22:09,585 - INFO - Task 3 Iter 1140/1200 | lr=3.28051e-06 | acc=1.0000 | pos_cos=0.246259 | neg_cos=0.210996 | ref_L2=0.000038 | ref_cos=0.990151 | ref_KL=0.002979
2025-10-01 21:22:09,900 - INFO - Task 3 Iter 1090/1200 | lr=2.19426e-06 | acc=0.9884 | pos_cos=0.256399 | neg_cos=0.221067 | ref_L2=0.000014 | ref_cos=0.996415 | ref_KL=0.001393
2025-10-01 21:22:11,485 - INFO - Task 3 Iter 1150/1200 | lr=2.32462e-06 | acc=1.0000 | pos_cos=0.245796 | neg_cos=0.210554 | ref_L2=0.000037 | ref_cos=0.990568 | ref_KL=0.002906
2025-10-01 21:22:12,504 - INFO - Task 3 Iter 1100/1200 | lr=1.83602e-06 | acc=0.9923 | pos_cos=0.254822 | neg_cos=0.219737 | ref_L2=0.000013 | ref_cos=0.996631 | ref_KL=0.001366
2025-10-01 21:22:14,122 - INFO - Task 3 Iter 1160/1200 | lr=1.5385e-06 | acc=1.0000 | pos_cos=0.245398 | neg_cos=0.210149 | ref_L2=0.000037 | ref_cos=0.990473 | ref_KL=0.003059
2025-10-01 21:22:14,325 - INFO - Task 3 Iter 1110/1200 | lr=1.51082e-06 | acc=0.9945 | pos_cos=0.255713 | neg_cos=0.220217 | ref_L2=0.000014 | ref_cos=0.996294 | ref_KL=0.001359
2025-10-01 21:22:15,961 - INFO - Task 3 Iter 1170/1200 | lr=9.22707e-07 | acc=1.0000 | pos_cos=0.246576 | neg_cos=0.211256 | ref_L2=0.000038 | ref_cos=0.990212 | ref_KL=0.003443
2025-10-01 21:22:15,988 - INFO - Task 3 Iter 1120/1200 | lr=1.21888e-06 | acc=0.9953 | pos_cos=0.256204 | neg_cos=0.220758 | ref_L2=0.000016 | ref_cos=0.995986 | ref_KL=0.001542
2025-10-01 21:22:17,783 - INFO - Task 3 Iter 1130/1200 | lr=9.60416e-07 | acc=0.9858 | pos_cos=0.255643 | neg_cos=0.220102 | ref_L2=0.000014 | ref_cos=0.996345 | ref_KL=0.001412
2025-10-01 21:22:17,785 - INFO - Task 3 Iter 1180/1200 | lr=4.7765e-07 | acc=1.0000 | pos_cos=0.245244 | neg_cos=0.209949 | ref_L2=0.000037 | ref_cos=0.990497 | ref_KL=0.003087
2025-10-01 21:22:19,422 - INFO - Task 3 Iter 1190/1200 | lr=2.03637e-07 | acc=1.0000 | pos_cos=0.245365 | neg_cos=0.210089 | ref_L2=0.000036 | ref_cos=0.990878 | ref_KL=0.002992
2025-10-01 21:22:20,039 - INFO - Task 3 Iter 1140/1200 | lr=7.35593e-07 | acc=0.9922 | pos_cos=0.255307 | neg_cos=0.219917 | ref_L2=0.000015 | ref_cos=0.996082 | ref_KL=0.001363
2025-10-01 21:22:21,095 - INFO - Task 3 Iter 1200/1200 | lr=1.00857e-07 | acc=1.0000 | pos_cos=0.245763 | neg_cos=0.210431 | ref_L2=0.000036 | ref_cos=0.990844 | ref_KL=0.002964
2025-10-01 21:22:21,238 - INFO - Task 3 finished | total: 230.49 s | train: 230.34 s | drift: 0.00 s
2025-10-01 21:22:21,952 - INFO - Task 3 Iter 1150/1200 | lr=5.44568e-07 | acc=0.9973 | pos_cos=0.255455 | neg_cos=0.220001 | ref_L2=0.000015 | ref_cos=0.996146 | ref_KL=0.001418
2025-10-01 21:22:24,354 - INFO - Task 3 Iter 1160/1200 | lr=3.87471e-07 | acc=0.9899 | pos_cos=0.255802 | neg_cos=0.220409 | ref_L2=0.000015 | ref_cos=0.996134 | ref_KL=0.001444
2025-10-01 21:22:26,034 - INFO - Task 3 Iter 1170/1200 | lr=2.6441e-07 | acc=0.9931 | pos_cos=0.255087 | neg_cos=0.219470 | ref_L2=0.000015 | ref_cos=0.996187 | ref_KL=0.001601
2025-10-01 21:22:27,692 - INFO - Task 3 Iter 1180/1200 | lr=1.7547e-07 | acc=0.9906 | pos_cos=0.255975 | neg_cos=0.220402 | ref_L2=0.000014 | ref_cos=0.996407 | ref_KL=0.001403
2025-10-01 21:22:29,356 - INFO - Task 3 Iter 1190/1200 | lr=1.20711e-07 | acc=0.9934 | pos_cos=0.255240 | neg_cos=0.219690 | ref_L2=0.000013 | ref_cos=0.996681 | ref_KL=0.001463
2025-10-01 21:22:31,017 - INFO - Task 3 Iter 1200/1200 | lr=1.00171e-07 | acc=0.9977 | pos_cos=0.255580 | neg_cos=0.220045 | ref_L2=0.000015 | ref_cos=0.996282 | ref_KL=0.001458
2025-10-01 21:22:31,204 - INFO - Task 3 finished | total: 240.33 s | train: 240.14 s | drift: 0.00 s
2025-10-01 21:22:37,291 - INFO - Starting task 5/8: oxford_flower102 (train=1020, test=6149, classes=102)
2025-10-01 21:22:40,387 - INFO - Task 4 Iter 10/1200 | lr=0.000499931 | acc=0.7821 | pos_cos=0.256563 | neg_cos=0.205864 | ref_L2=0.000037 | ref_cos=0.990449 | ref_KL=0.003795
2025-10-01 21:22:42,095 - INFO - Task 4 Iter 20/1200 | lr=0.000499691 | acc=0.7407 | pos_cos=0.264211 | neg_cos=0.204944 | ref_L2=0.000042 | ref_cos=0.989370 | ref_KL=0.005568
2025-10-01 21:22:43,823 - INFO - Task 4 Iter 30/1200 | lr=0.00049928 | acc=0.7204 | pos_cos=0.261699 | neg_cos=0.202944 | ref_L2=0.000045 | ref_cos=0.988594 | ref_KL=0.006547
2025-10-01 21:22:46,231 - INFO - Task 4 Iter 40/1200 | lr=0.000498698 | acc=0.8112 | pos_cos=0.268599 | neg_cos=0.205601 | ref_L2=0.000044 | ref_cos=0.988666 | ref_KL=0.006348
2025-10-01 21:22:47,373 - INFO - Starting task 5/8: oxford_flower102 (train=1020, test=6149, classes=102)
2025-10-01 21:22:47,976 - INFO - Task 4 Iter 50/1200 | lr=0.000497946 | acc=0.8548 | pos_cos=0.271565 | neg_cos=0.205769 | ref_L2=0.000043 | ref_cos=0.988941 | ref_KL=0.007010
2025-10-01 21:22:49,685 - INFO - Task 4 Iter 60/1200 | lr=0.000497024 | acc=0.8960 | pos_cos=0.273841 | neg_cos=0.205236 | ref_L2=0.000044 | ref_cos=0.988782 | ref_KL=0.006350
2025-10-01 21:22:50,833 - INFO - Task 4 Iter 10/1200 | lr=9.99861e-05 | acc=0.7792 | pos_cos=0.279078 | neg_cos=0.210490 | ref_L2=0.000014 | ref_cos=0.996483 | ref_KL=0.001434
2025-10-01 21:22:52,632 - INFO - Task 4 Iter 20/1200 | lr=9.99382e-05 | acc=0.7131 | pos_cos=0.282532 | neg_cos=0.217560 | ref_L2=0.000014 | ref_cos=0.996426 | ref_KL=0.001663
2025-10-01 21:22:52,686 - INFO - Task 4 Iter 70/1200 | lr=0.000495933 | acc=0.9348 | pos_cos=0.274853 | neg_cos=0.206748 | ref_L2=0.000044 | ref_cos=0.988788 | ref_KL=0.006641
2025-10-01 21:22:54,444 - INFO - Task 4 Iter 80/1200 | lr=0.000494673 | acc=0.9584 | pos_cos=0.274970 | neg_cos=0.207090 | ref_L2=0.000046 | ref_cos=0.988334 | ref_KL=0.006379
2025-10-01 21:22:54,633 - INFO - Task 4 Iter 30/1200 | lr=9.98561e-05 | acc=0.6680 | pos_cos=0.278684 | neg_cos=0.217002 | ref_L2=0.000016 | ref_cos=0.995914 | ref_KL=0.002164
2025-10-01 21:22:56,168 - INFO - Task 4 Iter 90/1200 | lr=0.000493246 | acc=0.9777 | pos_cos=0.279469 | neg_cos=0.211219 | ref_L2=0.000045 | ref_cos=0.988396 | ref_KL=0.006090
2025-10-01 21:22:57,439 - INFO - Task 4 Iter 40/1200 | lr=9.97399e-05 | acc=0.7136 | pos_cos=0.277141 | neg_cos=0.215503 | ref_L2=0.000016 | ref_cos=0.995872 | ref_KL=0.001976
2025-10-01 21:22:58,513 - INFO - Task 4 Iter 100/1200 | lr=0.000491652 | acc=0.9907 | pos_cos=0.281630 | neg_cos=0.213671 | ref_L2=0.000045 | ref_cos=0.988499 | ref_KL=0.006037
2025-10-01 21:22:59,318 - INFO - Task 4 Iter 50/1200 | lr=9.95896e-05 | acc=0.7126 | pos_cos=0.276483 | neg_cos=0.214466 | ref_L2=0.000015 | ref_cos=0.996140 | ref_KL=0.002045
2025-10-01 21:23:00,161 - INFO - Task 4 Iter 110/1200 | lr=0.000489892 | acc=0.9956 | pos_cos=0.279465 | neg_cos=0.212430 | ref_L2=0.000045 | ref_cos=0.988482 | ref_KL=0.006223
2025-10-01 21:23:01,217 - INFO - Task 4 Iter 60/1200 | lr=9.94053e-05 | acc=0.7313 | pos_cos=0.278690 | neg_cos=0.213794 | ref_L2=0.000015 | ref_cos=0.996182 | ref_KL=0.001992
2025-10-01 21:23:01,810 - INFO - Task 4 Iter 120/1200 | lr=0.000487968 | acc=0.9959 | pos_cos=0.275724 | neg_cos=0.209065 | ref_L2=0.000047 | ref_cos=0.988083 | ref_KL=0.006616
2025-10-01 21:23:04,492 - INFO - Task 4 Iter 70/1200 | lr=9.91872e-05 | acc=0.7206 | pos_cos=0.278448 | neg_cos=0.215100 | ref_L2=0.000015 | ref_cos=0.996257 | ref_KL=0.002294
2025-10-01 21:23:04,765 - INFO - Task 4 Iter 130/1200 | lr=0.000485881 | acc=0.9940 | pos_cos=0.277982 | neg_cos=0.211187 | ref_L2=0.000045 | ref_cos=0.988421 | ref_KL=0.006497
2025-10-01 21:23:06,221 - INFO - Task 4 Iter 80/1200 | lr=9.89355e-05 | acc=0.7498 | pos_cos=0.279772 | neg_cos=0.216122 | ref_L2=0.000016 | ref_cos=0.995858 | ref_KL=0.002223
2025-10-01 21:23:06,420 - INFO - Task 4 Iter 140/1200 | lr=0.000483632 | acc=0.9979 | pos_cos=0.279807 | neg_cos=0.213942 | ref_L2=0.000044 | ref_cos=0.988732 | ref_KL=0.005261
2025-10-01 21:23:08,061 - INFO - Task 4 Iter 150/1200 | lr=0.000481223 | acc=0.9993 | pos_cos=0.277373 | neg_cos=0.211943 | ref_L2=0.000046 | ref_cos=0.988282 | ref_KL=0.005399
2025-10-01 21:23:08,205 - INFO - Task 4 Iter 90/1200 | lr=9.86502e-05 | acc=0.7918 | pos_cos=0.283074 | neg_cos=0.217151 | ref_L2=0.000017 | ref_cos=0.995662 | ref_KL=0.002257
2025-10-01 21:23:09,676 - INFO - Task 4 Iter 160/1200 | lr=0.000478656 | acc=0.9997 | pos_cos=0.276091 | neg_cos=0.211160 | ref_L2=0.000047 | ref_cos=0.988020 | ref_KL=0.006203
2025-10-01 21:23:10,899 - INFO - Task 4 Iter 100/1200 | lr=9.83317e-05 | acc=0.8023 | pos_cos=0.284847 | neg_cos=0.218595 | ref_L2=0.000017 | ref_cos=0.995536 | ref_KL=0.002219
2025-10-01 21:23:12,063 - INFO - Task 4 Iter 170/1200 | lr=0.000475932 | acc=0.9999 | pos_cos=0.276951 | neg_cos=0.212360 | ref_L2=0.000045 | ref_cos=0.988372 | ref_KL=0.005963
2025-10-01 21:23:12,601 - INFO - Task 4 Iter 110/1200 | lr=9.798e-05 | acc=0.8253 | pos_cos=0.285079 | neg_cos=0.217675 | ref_L2=0.000017 | ref_cos=0.995747 | ref_KL=0.002279
2025-10-01 21:23:13,718 - INFO - Task 4 Iter 180/1200 | lr=0.000473053 | acc=1.0000 | pos_cos=0.275333 | neg_cos=0.210558 | ref_L2=0.000045 | ref_cos=0.988366 | ref_KL=0.006118
2025-10-01 21:23:14,265 - INFO - Task 4 Iter 120/1200 | lr=9.75955e-05 | acc=0.8303 | pos_cos=0.283596 | neg_cos=0.217573 | ref_L2=0.000019 | ref_cos=0.995219 | ref_KL=0.003287
2025-10-01 21:23:15,377 - INFO - Task 4 Iter 190/1200 | lr=0.000470022 | acc=1.0000 | pos_cos=0.275512 | neg_cos=0.210933 | ref_L2=0.000045 | ref_cos=0.988447 | ref_KL=0.005895
2025-10-01 21:23:15,765 - INFO - Starting task 7/8: oxford_pets (train=3680, test=3669, classes=37)
2025-10-01 21:23:17,482 - INFO - Task 4 Iter 130/1200 | lr=9.71784e-05 | acc=0.8382 | pos_cos=0.285537 | neg_cos=0.217203 | ref_L2=0.000019 | ref_cos=0.995219 | ref_KL=0.002905
2025-10-01 21:23:18,634 - INFO - Task 4 Iter 200/1200 | lr=0.000466839 | acc=1.0000 | pos_cos=0.274521 | neg_cos=0.210525 | ref_L2=0.000045 | ref_cos=0.988475 | ref_KL=0.005506
2025-10-01 21:23:18,906 - INFO - Task 6 Iter 10/600 | lr=0.000499723 | acc=0.8538 | pos_cos=0.295122 | neg_cos=0.224251 | ref_L2=0.000072 | ref_cos=0.981489 | ref_KL=0.018760
2025-10-01 21:23:19,348 - INFO - Task 4 Iter 140/1200 | lr=9.6729e-05 | acc=0.8579 | pos_cos=0.287959 | neg_cos=0.219998 | ref_L2=0.000016 | ref_cos=0.995794 | ref_KL=0.002346
2025-10-01 21:23:20,499 - INFO - Task 4 Iter 210/1200 | lr=0.000463509 | acc=1.0000 | pos_cos=0.271797 | neg_cos=0.207792 | ref_L2=0.000045 | ref_cos=0.988453 | ref_KL=0.006012
2025-10-01 21:23:21,059 - INFO - Task 4 Iter 150/1200 | lr=9.62477e-05 | acc=0.8811 | pos_cos=0.289621 | neg_cos=0.221521 | ref_L2=0.000018 | ref_cos=0.995389 | ref_KL=0.002426
2025-10-01 21:23:21,161 - INFO - Task 6 Iter 20/600 | lr=0.000498764 | acc=0.8375 | pos_cos=0.291631 | neg_cos=0.228363 | ref_L2=0.000089 | ref_cos=0.977333 | ref_KL=0.026082
2025-10-01 21:23:22,377 - INFO - Task 4 Iter 220/1200 | lr=0.000460031 | acc=1.0000 | pos_cos=0.273558 | neg_cos=0.209771 | ref_L2=0.000047 | ref_cos=0.988004 | ref_KL=0.005543
2025-10-01 21:23:23,173 - INFO - Task 6 Iter 30/600 | lr=0.000497124 | acc=0.8542 | pos_cos=0.290109 | neg_cos=0.229564 | ref_L2=0.000092 | ref_cos=0.976346 | ref_KL=0.022365
2025-10-01 21:23:23,201 - INFO - Task 4 Iter 160/1200 | lr=9.57346e-05 | acc=0.8729 | pos_cos=0.289920 | neg_cos=0.221936 | ref_L2=0.000019 | ref_cos=0.995156 | ref_KL=0.002704
2025-10-01 21:23:25,205 - INFO - Task 6 Iter 40/600 | lr=0.000494807 | acc=0.9078 | pos_cos=0.288942 | neg_cos=0.231326 | ref_L2=0.000098 | ref_cos=0.974900 | ref_KL=0.024071
2025-10-01 21:23:25,333 - INFO - Task 4 Iter 230/1200 | lr=0.00045641 | acc=1.0000 | pos_cos=0.272137 | neg_cos=0.208758 | ref_L2=0.000046 | ref_cos=0.988207 | ref_KL=0.005761
2025-10-01 21:23:26,071 - INFO - Task 4 Iter 170/1200 | lr=9.51903e-05 | acc=0.8957 | pos_cos=0.291466 | neg_cos=0.223669 | ref_L2=0.000019 | ref_cos=0.995114 | ref_KL=0.002938
2025-10-01 21:23:27,293 - INFO - Task 4 Iter 240/1200 | lr=0.000452648 | acc=1.0000 | pos_cos=0.271439 | neg_cos=0.208442 | ref_L2=0.000045 | ref_cos=0.988502 | ref_KL=0.005915
2025-10-01 21:23:27,577 - INFO - Task 6 Iter 50/600 | lr=0.000491819 | acc=0.9153 | pos_cos=0.289566 | neg_cos=0.231014 | ref_L2=0.000098 | ref_cos=0.974983 | ref_KL=0.022456
2025-10-01 21:23:28,160 - INFO - Task 4 Iter 180/1200 | lr=9.4615e-05 | acc=0.9149 | pos_cos=0.290767 | neg_cos=0.222822 | ref_L2=0.000020 | ref_cos=0.994869 | ref_KL=0.002741
2025-10-01 21:23:29,407 - INFO - Task 4 Iter 250/1200 | lr=0.000448746 | acc=1.0000 | pos_cos=0.271745 | neg_cos=0.208630 | ref_L2=0.000046 | ref_cos=0.988219 | ref_KL=0.005863
2025-10-01 21:23:29,958 - INFO - Task 6 Iter 60/600 | lr=0.000488168 | acc=0.9188 | pos_cos=0.287153 | neg_cos=0.231672 | ref_L2=0.000096 | ref_cos=0.975459 | ref_KL=0.020878
2025-10-01 21:23:30,050 - INFO - Task 4 Iter 190/1200 | lr=9.40092e-05 | acc=0.9311 | pos_cos=0.292821 | neg_cos=0.222801 | ref_L2=0.000019 | ref_cos=0.995188 | ref_KL=0.002522
2025-10-01 21:23:32,718 - INFO - Task 6 Iter 70/600 | lr=0.000483864 | acc=0.9347 | pos_cos=0.287628 | neg_cos=0.231698 | ref_L2=0.000093 | ref_cos=0.976177 | ref_KL=0.018775
2025-10-01 21:23:32,800 - INFO - Task 4 Iter 260/1200 | lr=0.000444709 | acc=1.0000 | pos_cos=0.269962 | neg_cos=0.207071 | ref_L2=0.000046 | ref_cos=0.988186 | ref_KL=0.005739
2025-10-01 21:23:33,290 - INFO - Task 4 Iter 200/1200 | lr=9.33732e-05 | acc=0.9452 | pos_cos=0.293943 | neg_cos=0.224931 | ref_L2=0.000019 | ref_cos=0.995103 | ref_KL=0.002594
2025-10-01 21:23:34,736 - INFO - Task 4 Iter 270/1200 | lr=0.000440538 | acc=1.0000 | pos_cos=0.269111 | neg_cos=0.206604 | ref_L2=0.000046 | ref_cos=0.988258 | ref_KL=0.005145
2025-10-01 21:23:35,265 - INFO - Task 6 Iter 80/600 | lr=0.00047892 | acc=0.9073 | pos_cos=0.288373 | neg_cos=0.233594 | ref_L2=0.000090 | ref_cos=0.976982 | ref_KL=0.018381
2025-10-01 21:23:35,283 - INFO - Task 4 Iter 210/1200 | lr=9.27076e-05 | acc=0.9472 | pos_cos=0.291186 | neg_cos=0.222194 | ref_L2=0.000018 | ref_cos=0.995327 | ref_KL=0.002784
2025-10-01 21:23:36,647 - INFO - Task 4 Iter 280/1200 | lr=0.000436236 | acc=1.0000 | pos_cos=0.268200 | neg_cos=0.205414 | ref_L2=0.000047 | ref_cos=0.987999 | ref_KL=0.005006
2025-10-01 21:23:37,438 - INFO - Task 4 Iter 220/1200 | lr=9.20127e-05 | acc=0.9580 | pos_cos=0.292064 | neg_cos=0.223461 | ref_L2=0.000021 | ref_cos=0.994550 | ref_KL=0.002560
2025-10-01 21:23:37,674 - INFO - Task 6 Iter 90/600 | lr=0.000473348 | acc=0.9141 | pos_cos=0.289223 | neg_cos=0.235100 | ref_L2=0.000087 | ref_cos=0.977603 | ref_KL=0.019803
2025-10-01 21:23:39,422 - INFO - Task 6 Iter 100/600 | lr=0.000467164 | acc=0.9270 | pos_cos=0.288148 | neg_cos=0.234806 | ref_L2=0.000088 | ref_cos=0.977575 | ref_KL=0.019475
2025-10-01 21:23:39,428 - INFO - Task 4 Iter 290/1200 | lr=0.000431807 | acc=1.0000 | pos_cos=0.268277 | neg_cos=0.205134 | ref_L2=0.000046 | ref_cos=0.988214 | ref_KL=0.005295
2025-10-01 21:23:40,221 - INFO - Task 4 Iter 230/1200 | lr=9.1289e-05 | acc=0.9748 | pos_cos=0.294065 | neg_cos=0.225026 | ref_L2=0.000021 | ref_cos=0.994741 | ref_KL=0.002522
2025-10-01 21:23:41,370 - INFO - Task 4 Iter 300/1200 | lr=0.000427253 | acc=1.0000 | pos_cos=0.269394 | neg_cos=0.206408 | ref_L2=0.000045 | ref_cos=0.988366 | ref_KL=0.005670
2025-10-01 21:23:41,455 - INFO - Task 6 Iter 110/600 | lr=0.000460386 | acc=0.9227 | pos_cos=0.287031 | neg_cos=0.233280 | ref_L2=0.000088 | ref_cos=0.977469 | ref_KL=0.020279
2025-10-01 21:23:41,988 - INFO - Task 4 Iter 240/1200 | lr=9.05371e-05 | acc=0.9707 | pos_cos=0.295153 | neg_cos=0.226134 | ref_L2=0.000020 | ref_cos=0.994902 | ref_KL=0.002913
2025-10-01 21:23:43,270 - INFO - Task 4 Iter 310/1200 | lr=0.000422578 | acc=1.0000 | pos_cos=0.267828 | neg_cos=0.205217 | ref_L2=0.000045 | ref_cos=0.988451 | ref_KL=0.005812
2025-10-01 21:23:43,770 - INFO - Task 4 Iter 250/1200 | lr=8.97575e-05 | acc=0.9802 | pos_cos=0.295227 | neg_cos=0.225955 | ref_L2=0.000020 | ref_cos=0.994877 | ref_KL=0.002708
2025-10-01 21:23:44,602 - INFO - Task 6 Iter 120/600 | lr=0.00045303 | acc=0.9483 | pos_cos=0.286761 | neg_cos=0.233873 | ref_L2=0.000087 | ref_cos=0.977658 | ref_KL=0.018792
2025-10-01 21:23:45,119 - INFO - Task 4 Iter 320/1200 | lr=0.000417785 | acc=1.0000 | pos_cos=0.267903 | neg_cos=0.205406 | ref_L2=0.000046 | ref_cos=0.988130 | ref_KL=0.007558
2025-10-01 21:23:47,070 - INFO - Task 6 Iter 130/600 | lr=0.000445119 | acc=0.9698 | pos_cos=0.288297 | neg_cos=0.234659 | ref_L2=0.000088 | ref_cos=0.977476 | ref_KL=0.017533
2025-10-01 21:23:47,133 - INFO - Task 4 Iter 260/1200 | lr=8.89506e-05 | acc=0.9799 | pos_cos=0.295768 | neg_cos=0.227105 | ref_L2=0.000020 | ref_cos=0.995003 | ref_KL=0.002866
2025-10-01 21:23:48,641 - INFO - Task 4 Iter 330/1200 | lr=0.000412877 | acc=1.0000 | pos_cos=0.265727 | neg_cos=0.203788 | ref_L2=0.000046 | ref_cos=0.988315 | ref_KL=0.006882
2025-10-01 21:23:49,014 - INFO - Task 4 Iter 270/1200 | lr=8.81171e-05 | acc=0.9904 | pos_cos=0.296060 | neg_cos=0.227717 | ref_L2=0.000019 | ref_cos=0.995100 | ref_KL=0.002618
2025-10-01 21:23:49,018 - INFO - Task 6 Iter 140/600 | lr=0.000436672 | acc=0.9714 | pos_cos=0.289554 | neg_cos=0.235917 | ref_L2=0.000086 | ref_cos=0.978056 | ref_KL=0.015963
2025-10-01 21:23:50,659 - INFO - Task 4 Iter 340/1200 | lr=0.000407857 | acc=1.0000 | pos_cos=0.264831 | neg_cos=0.202788 | ref_L2=0.000047 | ref_cos=0.987904 | ref_KL=0.008085
2025-10-01 21:23:51,005 - INFO - Task 6 Iter 150/600 | lr=0.000427714 | acc=0.9766 | pos_cos=0.287920 | neg_cos=0.234727 | ref_L2=0.000086 | ref_cos=0.978029 | ref_KL=0.018721
2025-10-01 21:23:51,085 - INFO - Task 4 Iter 280/1200 | lr=8.72575e-05 | acc=0.9900 | pos_cos=0.294487 | neg_cos=0.226268 | ref_L2=0.000021 | ref_cos=0.994618 | ref_KL=0.002404
2025-10-01 21:23:52,589 - INFO - Task 4 Iter 350/1200 | lr=0.000402729 | acc=1.0000 | pos_cos=0.265565 | neg_cos=0.203314 | ref_L2=0.000046 | ref_cos=0.988193 | ref_KL=0.006172
2025-10-01 21:23:52,737 - INFO - Task 6 Iter 160/600 | lr=0.000418269 | acc=0.9843 | pos_cos=0.287075 | neg_cos=0.233702 | ref_L2=0.000087 | ref_cos=0.977775 | ref_KL=0.015943
2025-10-01 21:23:53,953 - INFO - Task 4 Iter 290/1200 | lr=8.63723e-05 | acc=0.9949 | pos_cos=0.295831 | neg_cos=0.227355 | ref_L2=0.000021 | ref_cos=0.994741 | ref_KL=0.002475
2025-10-01 21:23:54,552 - INFO - Task 6 Iter 170/600 | lr=0.000408364 | acc=0.9780 | pos_cos=0.288475 | neg_cos=0.235106 | ref_L2=0.000087 | ref_cos=0.977607 | ref_KL=0.013861
2025-10-01 21:23:55,503 - INFO - Task 4 Iter 360/1200 | lr=0.000397496 | acc=1.0000 | pos_cos=0.266373 | neg_cos=0.204556 | ref_L2=0.000047 | ref_cos=0.988075 | ref_KL=0.006374
2025-10-01 21:23:56,300 - INFO - Task 6 Iter 180/600 | lr=0.000398024 | acc=0.9708 | pos_cos=0.288777 | neg_cos=0.236101 | ref_L2=0.000083 | ref_cos=0.978712 | ref_KL=0.016559
2025-10-01 21:23:56,453 - INFO - Task 4 Iter 300/1200 | lr=8.54623e-05 | acc=0.9936 | pos_cos=0.296063 | neg_cos=0.227791 | ref_L2=0.000021 | ref_cos=0.994524 | ref_KL=0.002737
2025-10-01 21:23:57,681 - INFO - Task 4 Iter 370/1200 | lr=0.000392162 | acc=1.0000 | pos_cos=0.263806 | neg_cos=0.202040 | ref_L2=0.000047 | ref_cos=0.988001 | ref_KL=0.005541
2025-10-01 21:23:57,991 - INFO - Task 6 Iter 190/600 | lr=0.000387278 | acc=0.9709 | pos_cos=0.290003 | neg_cos=0.237091 | ref_L2=0.000084 | ref_cos=0.978473 | ref_KL=0.016216
2025-10-01 21:23:58,515 - INFO - Task 4 Iter 310/1200 | lr=8.4528e-05 | acc=0.9978 | pos_cos=0.295246 | neg_cos=0.227040 | ref_L2=0.000019 | ref_cos=0.995122 | ref_KL=0.002581
2025-10-01 21:23:59,648 - INFO - Task 4 Iter 380/1200 | lr=0.000386731 | acc=1.0000 | pos_cos=0.264321 | neg_cos=0.202518 | ref_L2=0.000046 | ref_cos=0.988247 | ref_KL=0.005230
2025-10-01 21:24:00,368 - INFO - Task 4 Iter 320/1200 | lr=8.35701e-05 | acc=0.9969 | pos_cos=0.296694 | neg_cos=0.228529 | ref_L2=0.000022 | ref_cos=0.994414 | ref_KL=0.002880
2025-10-01 21:24:00,436 - INFO - Task 6 Iter 200/600 | lr=0.000376157 | acc=0.9821 | pos_cos=0.290826 | neg_cos=0.237382 | ref_L2=0.000084 | ref_cos=0.978510 | ref_KL=0.014944
2025-10-01 21:24:02,134 - INFO - Task 6 Iter 210/600 | lr=0.000364689 | acc=0.9820 | pos_cos=0.289150 | neg_cos=0.236609 | ref_L2=0.000086 | ref_cos=0.977912 | ref_KL=0.014916
2025-10-01 21:24:03,033 - INFO - Task 4 Iter 390/1200 | lr=0.000381206 | acc=1.0000 | pos_cos=0.264136 | neg_cos=0.202532 | ref_L2=0.000046 | ref_cos=0.988164 | ref_KL=0.005111
2025-10-01 21:24:03,973 - INFO - Task 4 Iter 330/1200 | lr=8.25893e-05 | acc=0.9945 | pos_cos=0.297462 | neg_cos=0.229652 | ref_L2=0.000020 | ref_cos=0.994929 | ref_KL=0.002609
2025-10-01 21:24:04,079 - INFO - Task 6 Iter 220/600 | lr=0.000352908 | acc=0.9761 | pos_cos=0.287952 | neg_cos=0.235290 | ref_L2=0.000084 | ref_cos=0.978373 | ref_KL=0.013890
2025-10-01 21:24:05,155 - INFO - Task 4 Iter 400/1200 | lr=0.000375591 | acc=1.0000 | pos_cos=0.264288 | neg_cos=0.202640 | ref_L2=0.000045 | ref_cos=0.988448 | ref_KL=0.006255
2025-10-01 21:24:05,809 - INFO - Task 6 Iter 230/600 | lr=0.000340845 | acc=0.9777 | pos_cos=0.289008 | neg_cos=0.236735 | ref_L2=0.000082 | ref_cos=0.978956 | ref_KL=0.013711
2025-10-01 21:24:05,837 - INFO - Task 4 Iter 340/1200 | lr=8.15861e-05 | acc=0.9981 | pos_cos=0.296047 | neg_cos=0.228526 | ref_L2=0.000022 | ref_cos=0.994496 | ref_KL=0.002887
2025-10-01 21:24:07,125 - INFO - Task 4 Iter 410/1200 | lr=0.00036989 | acc=1.0000 | pos_cos=0.263628 | neg_cos=0.202179 | ref_L2=0.000045 | ref_cos=0.988380 | ref_KL=0.007682
2025-10-01 21:24:07,900 - INFO - Task 4 Iter 350/1200 | lr=8.05613e-05 | acc=0.9993 | pos_cos=0.295638 | neg_cos=0.227973 | ref_L2=0.000021 | ref_cos=0.994714 | ref_KL=0.002676
2025-10-01 21:24:08,618 - INFO - Task 6 Iter 240/600 | lr=0.000328532 | acc=0.9894 | pos_cos=0.288755 | neg_cos=0.236123 | ref_L2=0.000090 | ref_cos=0.976848 | ref_KL=0.017891
2025-10-01 21:24:09,695 - INFO - Task 4 Iter 420/1200 | lr=0.000364108 | acc=1.0000 | pos_cos=0.262730 | neg_cos=0.201314 | ref_L2=0.000046 | ref_cos=0.988333 | ref_KL=0.006382
2025-10-01 21:24:10,425 - INFO - Task 6 Iter 250/600 | lr=0.000316005 | acc=0.9893 | pos_cos=0.288527 | neg_cos=0.236484 | ref_L2=0.000084 | ref_cos=0.978532 | ref_KL=0.015168
2025-10-01 21:24:10,598 - INFO - Task 4 Iter 360/1200 | lr=7.95156e-05 | acc=0.9975 | pos_cos=0.296272 | neg_cos=0.228904 | ref_L2=0.000023 | ref_cos=0.994001 | ref_KL=0.003241
2025-10-01 21:24:11,808 - INFO - Task 4 Iter 430/1200 | lr=0.000358247 | acc=1.0000 | pos_cos=0.261275 | neg_cos=0.200047 | ref_L2=0.000046 | ref_cos=0.988337 | ref_KL=0.006453
2025-10-01 21:24:12,507 - INFO - Task 4 Iter 370/1200 | lr=7.84497e-05 | acc=0.9976 | pos_cos=0.295689 | neg_cos=0.228365 | ref_L2=0.000021 | ref_cos=0.994537 | ref_KL=0.002848
2025-10-01 21:24:12,997 - INFO - Task 6 Iter 260/600 | lr=0.000303297 | acc=0.9833 | pos_cos=0.288779 | neg_cos=0.236372 | ref_L2=0.000084 | ref_cos=0.978475 | ref_KL=0.016694
2025-10-01 21:24:14,014 - INFO - Task 4 Iter 440/1200 | lr=0.000352311 | acc=1.0000 | pos_cos=0.262589 | neg_cos=0.201369 | ref_L2=0.000046 | ref_cos=0.988280 | ref_KL=0.005828
2025-10-01 21:24:14,251 - INFO - Task 4 Iter 380/1200 | lr=7.73643e-05 | acc=0.9992 | pos_cos=0.295714 | neg_cos=0.228080 | ref_L2=0.000020 | ref_cos=0.994876 | ref_KL=0.002428
2025-10-01 21:24:14,959 - INFO - Task 6 Iter 270/600 | lr=0.000290443 | acc=0.9921 | pos_cos=0.288699 | neg_cos=0.236753 | ref_L2=0.000083 | ref_cos=0.978786 | ref_KL=0.014402
2025-10-01 21:24:16,708 - INFO - Task 6 Iter 280/600 | lr=0.000277478 | acc=0.9894 | pos_cos=0.288122 | neg_cos=0.235711 | ref_L2=0.000084 | ref_cos=0.978393 | ref_KL=0.014875
2025-10-01 21:24:17,521 - INFO - Task 4 Iter 390/1200 | lr=7.62602e-05 | acc=0.9997 | pos_cos=0.296317 | neg_cos=0.229185 | ref_L2=0.000020 | ref_cos=0.994897 | ref_KL=0.002713
2025-10-01 21:24:17,761 - INFO - Task 4 Iter 450/1200 | lr=0.000346306 | acc=1.0000 | pos_cos=0.262156 | neg_cos=0.200788 | ref_L2=0.000045 | ref_cos=0.988357 | ref_KL=0.006368
2025-10-01 21:24:18,579 - INFO - Task 6 Iter 290/600 | lr=0.000264438 | acc=0.9916 | pos_cos=0.288585 | neg_cos=0.236174 | ref_L2=0.000081 | ref_cos=0.979388 | ref_KL=0.012676
2025-10-01 21:24:19,400 - INFO - Task 4 Iter 400/1200 | lr=7.51382e-05 | acc=0.9999 | pos_cos=0.296647 | neg_cos=0.229694 | ref_L2=0.000019 | ref_cos=0.995191 | ref_KL=0.002295
2025-10-01 21:24:19,759 - INFO - Task 4 Iter 460/1200 | lr=0.000340235 | acc=1.0000 | pos_cos=0.262324 | neg_cos=0.200867 | ref_L2=0.000045 | ref_cos=0.988501 | ref_KL=0.005275
2025-10-01 21:24:20,915 - INFO - Task 6 Iter 300/600 | lr=0.000251359 | acc=0.9861 | pos_cos=0.288195 | neg_cos=0.236678 | ref_L2=0.000079 | ref_cos=0.979820 | ref_KL=0.012048
2025-10-01 21:24:21,352 - INFO - Task 4 Iter 410/1200 | lr=7.39989e-05 | acc=1.0000 | pos_cos=0.295464 | neg_cos=0.228315 | ref_L2=0.000019 | ref_cos=0.995013 | ref_KL=0.003115
2025-10-01 21:24:21,691 - INFO - Task 4 Iter 470/1200 | lr=0.000334102 | acc=1.0000 | pos_cos=0.260100 | neg_cos=0.198962 | ref_L2=0.000047 | ref_cos=0.987995 | ref_KL=0.005765
2025-10-01 21:24:23,158 - INFO - Task 6 Iter 310/600 | lr=0.000238276 | acc=0.9951 | pos_cos=0.288731 | neg_cos=0.236276 | ref_L2=0.000083 | ref_cos=0.978775 | ref_KL=0.014154
2025-10-01 21:24:23,480 - INFO - Task 4 Iter 480/1200 | lr=0.000327911 | acc=1.0000 | pos_cos=0.260096 | neg_cos=0.199235 | ref_L2=0.000046 | ref_cos=0.988327 | ref_KL=0.005785
2025-10-01 21:24:24,115 - INFO - Task 4 Iter 420/1200 | lr=7.28433e-05 | acc=1.0000 | pos_cos=0.295669 | neg_cos=0.229104 | ref_L2=0.000020 | ref_cos=0.994834 | ref_KL=0.002740
2025-10-01 21:24:24,943 - INFO - Task 6 Iter 320/600 | lr=0.000225225 | acc=0.9983 | pos_cos=0.287575 | neg_cos=0.235461 | ref_L2=0.000083 | ref_cos=0.978782 | ref_KL=0.013519
2025-10-01 21:24:25,841 - INFO - Task 4 Iter 430/1200 | lr=7.1672e-05 | acc=1.0000 | pos_cos=0.293420 | neg_cos=0.226984 | ref_L2=0.000020 | ref_cos=0.994900 | ref_KL=0.002781
2025-10-01 21:24:26,415 - INFO - Task 4 Iter 490/1200 | lr=0.000321667 | acc=1.0000 | pos_cos=0.261449 | neg_cos=0.200279 | ref_L2=0.000044 | ref_cos=0.988676 | ref_KL=0.005762
2025-10-01 21:24:27,637 - INFO - Task 4 Iter 440/1200 | lr=7.04859e-05 | acc=1.0000 | pos_cos=0.293326 | neg_cos=0.226422 | ref_L2=0.000020 | ref_cos=0.994782 | ref_KL=0.002537
2025-10-01 21:24:27,712 - INFO - Task 6 Iter 330/600 | lr=0.000212242 | acc=0.9945 | pos_cos=0.287584 | neg_cos=0.235407 | ref_L2=0.000083 | ref_cos=0.978842 | ref_KL=0.012655
2025-10-01 21:24:28,527 - INFO - Task 4 Iter 500/1200 | lr=0.000315374 | acc=1.0000 | pos_cos=0.260958 | neg_cos=0.199904 | ref_L2=0.000045 | ref_cos=0.988530 | ref_KL=0.007944
2025-10-01 21:24:29,900 - INFO - Task 6 Iter 340/600 | lr=0.000199363 | acc=0.9954 | pos_cos=0.287195 | neg_cos=0.235565 | ref_L2=0.000082 | ref_cos=0.978884 | ref_KL=0.013229
2025-10-01 21:24:30,286 - INFO - Task 4 Iter 510/1200 | lr=0.000309036 | acc=1.0000 | pos_cos=0.260535 | neg_cos=0.199451 | ref_L2=0.000044 | ref_cos=0.988626 | ref_KL=0.009232
2025-10-01 21:24:30,970 - INFO - Task 4 Iter 450/1200 | lr=6.92858e-05 | acc=0.9985 | pos_cos=0.293973 | neg_cos=0.227261 | ref_L2=0.000021 | ref_cos=0.994687 | ref_KL=0.002651
2025-10-01 21:24:32,313 - INFO - Task 6 Iter 350/600 | lr=0.000186623 | acc=0.9984 | pos_cos=0.287453 | neg_cos=0.235191 | ref_L2=0.000080 | ref_cos=0.979393 | ref_KL=0.011148
2025-10-01 21:24:32,761 - INFO - Task 4 Iter 460/1200 | lr=6.80725e-05 | acc=0.9995 | pos_cos=0.294090 | neg_cos=0.227773 | ref_L2=0.000019 | ref_cos=0.995019 | ref_KL=0.002350
2025-10-01 21:24:34,089 - INFO - Task 4 Iter 520/1200 | lr=0.000302657 | acc=1.0000 | pos_cos=0.260907 | neg_cos=0.200025 | ref_L2=0.000045 | ref_cos=0.988517 | ref_KL=0.006987
2025-10-01 21:24:34,196 - INFO - Task 6 Iter 360/600 | lr=0.000174057 | acc=0.9963 | pos_cos=0.287640 | neg_cos=0.235863 | ref_L2=0.000081 | ref_cos=0.979389 | ref_KL=0.010713
2025-10-01 21:24:34,629 - INFO - Task 4 Iter 470/1200 | lr=6.68469e-05 | acc=0.9998 | pos_cos=0.294302 | neg_cos=0.228181 | ref_L2=0.000023 | ref_cos=0.994061 | ref_KL=0.002429
2025-10-01 21:24:36,295 - INFO - Task 4 Iter 530/1200 | lr=0.000296243 | acc=1.0000 | pos_cos=0.260236 | neg_cos=0.199246 | ref_L2=0.000044 | ref_cos=0.988632 | ref_KL=0.007130
2025-10-01 21:24:36,459 - INFO - Task 6 Iter 370/600 | lr=0.000161699 | acc=0.9959 | pos_cos=0.287695 | neg_cos=0.235949 | ref_L2=0.000084 | ref_cos=0.978518 | ref_KL=0.011273
2025-10-01 21:24:36,734 - INFO - Task 4 Iter 480/1200 | lr=6.56097e-05 | acc=0.9999 | pos_cos=0.294208 | neg_cos=0.228345 | ref_L2=0.000021 | ref_cos=0.994609 | ref_KL=0.002409
2025-10-01 21:24:38,200 - INFO - Task 4 Iter 540/1200 | lr=0.000289797 | acc=1.0000 | pos_cos=0.259948 | neg_cos=0.198951 | ref_L2=0.000045 | ref_cos=0.988599 | ref_KL=0.007309
2025-10-01 21:24:38,635 - INFO - Task 6 Iter 380/600 | lr=0.000149583 | acc=0.9960 | pos_cos=0.287340 | neg_cos=0.235405 | ref_L2=0.000085 | ref_cos=0.978342 | ref_KL=0.010770
2025-10-01 21:24:39,772 - INFO - Task 4 Iter 490/1200 | lr=6.43619e-05 | acc=1.0000 | pos_cos=0.292892 | neg_cos=0.227031 | ref_L2=0.000019 | ref_cos=0.995091 | ref_KL=0.002541
2025-10-01 21:24:41,062 - INFO - Task 4 Iter 550/1200 | lr=0.000283324 | acc=1.0000 | pos_cos=0.258835 | neg_cos=0.198061 | ref_L2=0.000045 | ref_cos=0.988573 | ref_KL=0.007859
2025-10-01 21:24:41,316 - INFO - Task 6 Iter 390/600 | lr=0.000137743 | acc=0.9986 | pos_cos=0.287572 | neg_cos=0.235596 | ref_L2=0.000084 | ref_cos=0.978544 | ref_KL=0.009351
2025-10-01 21:24:41,592 - INFO - Task 4 Iter 500/1200 | lr=6.31043e-05 | acc=1.0000 | pos_cos=0.293113 | neg_cos=0.227398 | ref_L2=0.000019 | ref_cos=0.995110 | ref_KL=0.002946
2025-10-01 21:24:43,280 - INFO - Task 4 Iter 560/1200 | lr=0.000276828 | acc=1.0000 | pos_cos=0.259950 | neg_cos=0.199319 | ref_L2=0.000045 | ref_cos=0.988548 | ref_KL=0.007124
2025-10-01 21:24:43,336 - INFO - Task 6 Iter 400/600 | lr=0.00012621 | acc=0.9995 | pos_cos=0.286359 | neg_cos=0.235073 | ref_L2=0.000081 | ref_cos=0.979224 | ref_KL=0.009487
2025-10-01 21:24:43,710 - INFO - Task 4 Iter 510/1200 | lr=6.18377e-05 | acc=1.0000 | pos_cos=0.293257 | neg_cos=0.227045 | ref_L2=0.000018 | ref_cos=0.995356 | ref_KL=0.003002
2025-10-01 21:24:45,230 - INFO - Task 6 Iter 410/600 | lr=0.000115017 | acc=0.9950 | pos_cos=0.286342 | neg_cos=0.234706 | ref_L2=0.000082 | ref_cos=0.978899 | ref_KL=0.009776
2025-10-01 21:24:45,290 - INFO - Task 4 Iter 570/1200 | lr=0.000270313 | acc=1.0000 | pos_cos=0.259891 | neg_cos=0.199070 | ref_L2=0.000045 | ref_cos=0.988467 | ref_KL=0.006102
2025-10-01 21:24:47,121 - INFO - Task 6 Iter 420/600 | lr=0.000104194 | acc=0.9932 | pos_cos=0.286646 | neg_cos=0.234827 | ref_L2=0.000081 | ref_cos=0.979326 | ref_KL=0.008846
2025-10-01 21:24:47,514 - INFO - Task 4 Iter 520/1200 | lr=6.05631e-05 | acc=1.0000 | pos_cos=0.293741 | neg_cos=0.227753 | ref_L2=0.000019 | ref_cos=0.995081 | ref_KL=0.002568
2025-10-01 21:24:48,992 - INFO - Task 6 Iter 430/600 | lr=9.37706e-05 | acc=0.9976 | pos_cos=0.287701 | neg_cos=0.236302 | ref_L2=0.000084 | ref_cos=0.978531 | ref_KL=0.010507
2025-10-01 21:24:49,011 - INFO - Task 4 Iter 580/1200 | lr=0.000263785 | acc=1.0000 | pos_cos=0.260717 | neg_cos=0.199987 | ref_L2=0.000046 | ref_cos=0.988176 | ref_KL=0.005531
2025-10-01 21:24:49,282 - INFO - Task 4 Iter 530/1200 | lr=5.92812e-05 | acc=1.0000 | pos_cos=0.292156 | neg_cos=0.226557 | ref_L2=0.000019 | ref_cos=0.995124 | ref_KL=0.002564
2025-10-01 21:24:50,881 - INFO - Task 6 Iter 440/600 | lr=8.37757e-05 | acc=0.9992 | pos_cos=0.287273 | neg_cos=0.235644 | ref_L2=0.000084 | ref_cos=0.978384 | ref_KL=0.015139
2025-10-01 21:24:51,169 - INFO - Task 4 Iter 540/1200 | lr=5.7993e-05 | acc=1.0000 | pos_cos=0.291981 | neg_cos=0.226472 | ref_L2=0.000019 | ref_cos=0.995197 | ref_KL=0.002697
2025-10-01 21:24:51,280 - INFO - Task 4 Iter 590/1200 | lr=0.000257247 | acc=1.0000 | pos_cos=0.259816 | neg_cos=0.199101 | ref_L2=0.000045 | ref_cos=0.988538 | ref_KL=0.005604
2025-10-01 21:24:53,155 - INFO - Task 4 Iter 600/1200 | lr=0.000250704 | acc=1.0000 | pos_cos=0.258555 | neg_cos=0.197928 | ref_L2=0.000047 | ref_cos=0.988024 | ref_KL=0.005892
2025-10-01 21:24:53,424 - INFO - Task 6 Iter 450/600 | lr=7.42365e-05 | acc=0.9974 | pos_cos=0.287329 | neg_cos=0.235632 | ref_L2=0.000083 | ref_cos=0.978748 | ref_KL=0.012062
2025-10-01 21:24:53,714 - INFO - Task 4 Iter 550/1200 | lr=5.66994e-05 | acc=1.0000 | pos_cos=0.291353 | neg_cos=0.225394 | ref_L2=0.000019 | ref_cos=0.995088 | ref_KL=0.002698
2025-10-01 21:24:55,296 - INFO - Task 6 Iter 460/600 | lr=6.51792e-05 | acc=0.9991 | pos_cos=0.287250 | neg_cos=0.235708 | ref_L2=0.000086 | ref_cos=0.978016 | ref_KL=0.010229
2025-10-01 21:24:55,567 - INFO - Task 4 Iter 560/1200 | lr=5.54012e-05 | acc=1.0000 | pos_cos=0.290977 | neg_cos=0.225476 | ref_L2=0.000020 | ref_cos=0.994838 | ref_KL=0.002624
2025-10-01 21:24:56,269 - INFO - Task 4 Iter 610/1200 | lr=0.000244161 | acc=1.0000 | pos_cos=0.258827 | neg_cos=0.198292 | ref_L2=0.000045 | ref_cos=0.988361 | ref_KL=0.005359
2025-10-01 21:24:57,449 - INFO - Task 4 Iter 570/1200 | lr=5.40994e-05 | acc=1.0000 | pos_cos=0.291323 | neg_cos=0.226005 | ref_L2=0.000020 | ref_cos=0.994826 | ref_KL=0.002772
2025-10-01 21:24:58,052 - INFO - Task 6 Iter 470/600 | lr=5.66286e-05 | acc=0.9997 | pos_cos=0.287352 | neg_cos=0.235833 | ref_L2=0.000083 | ref_cos=0.978857 | ref_KL=0.010226
2025-10-01 21:24:58,451 - INFO - Task 4 Iter 620/1200 | lr=0.000237622 | acc=1.0000 | pos_cos=0.258137 | neg_cos=0.197679 | ref_L2=0.000045 | ref_cos=0.988463 | ref_KL=0.005450
2025-10-01 21:25:00,168 - INFO - Task 6 Iter 480/600 | lr=4.86082e-05 | acc=0.9974 | pos_cos=0.287317 | neg_cos=0.235910 | ref_L2=0.000082 | ref_cos=0.979068 | ref_KL=0.009815
2025-10-01 21:25:00,244 - INFO - Task 4 Iter 630/1200 | lr=0.000231092 | acc=1.0000 | pos_cos=0.257480 | neg_cos=0.196943 | ref_L2=0.000043 | ref_cos=0.989012 | ref_KL=0.006049
2025-10-01 21:25:01,034 - INFO - Task 4 Iter 580/1200 | lr=5.27948e-05 | acc=1.0000 | pos_cos=0.291876 | neg_cos=0.226472 | ref_L2=0.000021 | ref_cos=0.994647 | ref_KL=0.002344
2025-10-01 21:25:01,952 - INFO - Task 4 Iter 640/1200 | lr=0.000224574 | acc=1.0000 | pos_cos=0.258966 | neg_cos=0.198520 | ref_L2=0.000044 | ref_cos=0.988818 | ref_KL=0.005735
2025-10-01 21:25:02,215 - INFO - Task 6 Iter 490/600 | lr=4.114e-05 | acc=0.9991 | pos_cos=0.286795 | neg_cos=0.235218 | ref_L2=0.000083 | ref_cos=0.978729 | ref_KL=0.010298
2025-10-01 21:25:02,668 - INFO - Task 4 Iter 590/1200 | lr=5.14883e-05 | acc=1.0000 | pos_cos=0.292019 | neg_cos=0.226503 | ref_L2=0.000018 | ref_cos=0.995306 | ref_KL=0.002171
2025-10-01 21:25:04,050 - INFO - Task 6 Iter 500/600 | lr=3.42443e-05 | acc=0.9997 | pos_cos=0.286524 | neg_cos=0.235121 | ref_L2=0.000085 | ref_cos=0.978333 | ref_KL=0.009971
2025-10-01 21:25:04,343 - INFO - Task 4 Iter 600/1200 | lr=5.01808e-05 | acc=1.0000 | pos_cos=0.291097 | neg_cos=0.225702 | ref_L2=0.000021 | ref_cos=0.994658 | ref_KL=0.002703
2025-10-01 21:25:05,895 - INFO - Task 6 Iter 510/600 | lr=2.79401e-05 | acc=0.9982 | pos_cos=0.285902 | neg_cos=0.234505 | ref_L2=0.000081 | ref_cos=0.979284 | ref_KL=0.009822
2025-10-01 21:25:06,973 - INFO - Task 4 Iter 650/1200 | lr=0.000218074 | acc=1.0000 | pos_cos=0.259021 | neg_cos=0.198514 | ref_L2=0.000045 | ref_cos=0.988592 | ref_KL=0.005612
2025-10-01 21:25:06,988 - INFO - Task 4 Iter 610/1200 | lr=4.88732e-05 | acc=1.0000 | pos_cos=0.292124 | neg_cos=0.226557 | ref_L2=0.000020 | ref_cos=0.994806 | ref_KL=0.002295
2025-10-01 21:25:08,635 - INFO - Task 6 Iter 520/600 | lr=2.22448e-05 | acc=0.9963 | pos_cos=0.286589 | neg_cos=0.234764 | ref_L2=0.000081 | ref_cos=0.979280 | ref_KL=0.009212
2025-10-01 21:25:09,065 - INFO - Task 4 Iter 620/1200 | lr=4.75664e-05 | acc=1.0000 | pos_cos=0.289988 | neg_cos=0.225006 | ref_L2=0.000019 | ref_cos=0.995016 | ref_KL=0.002277
2025-10-01 21:25:09,282 - INFO - Task 4 Iter 660/1200 | lr=0.000211596 | acc=1.0000 | pos_cos=0.259081 | neg_cos=0.198627 | ref_L2=0.000044 | ref_cos=0.988617 | ref_KL=0.005134
2025-10-01 21:25:10,799 - INFO - Task 6 Iter 530/600 | lr=1.71738e-05 | acc=0.9970 | pos_cos=0.287220 | neg_cos=0.235907 | ref_L2=0.000082 | ref_cos=0.979052 | ref_KL=0.008259
2025-10-01 21:25:11,014 - INFO - Task 4 Iter 630/1200 | lr=4.62613e-05 | acc=1.0000 | pos_cos=0.289840 | neg_cos=0.224985 | ref_L2=0.000018 | ref_cos=0.995469 | ref_KL=0.002392
2025-10-01 21:25:11,515 - INFO - Task 4 Iter 670/1200 | lr=0.000205144 | acc=1.0000 | pos_cos=0.257967 | neg_cos=0.197457 | ref_L2=0.000043 | ref_cos=0.988951 | ref_KL=0.004823
2025-10-01 21:25:12,890 - INFO - Task 6 Iter 540/600 | lr=1.27411e-05 | acc=0.9990 | pos_cos=0.288115 | neg_cos=0.236580 | ref_L2=0.000081 | ref_cos=0.979258 | ref_KL=0.009315
2025-10-01 21:25:12,899 - INFO - Task 4 Iter 640/1200 | lr=4.49589e-05 | acc=1.0000 | pos_cos=0.289664 | neg_cos=0.224475 | ref_L2=0.000019 | ref_cos=0.995089 | ref_KL=0.002435
2025-10-01 21:25:14,340 - INFO - Task 4 Iter 680/1200 | lr=0.000198723 | acc=1.0000 | pos_cos=0.258617 | neg_cos=0.198264 | ref_L2=0.000044 | ref_cos=0.988839 | ref_KL=0.004921
2025-10-01 21:25:14,714 - INFO - Task 6 Iter 550/600 | lr=8.95887e-06 | acc=0.9996 | pos_cos=0.286966 | neg_cos=0.235607 | ref_L2=0.000083 | ref_cos=0.978864 | ref_KL=0.009888
2025-10-01 21:25:16,225 - INFO - Task 4 Iter 690/1200 | lr=0.000192337 | acc=1.0000 | pos_cos=0.259359 | neg_cos=0.198876 | ref_L2=0.000044 | ref_cos=0.988738 | ref_KL=0.004714
2025-10-01 21:25:16,336 - INFO - Task 4 Iter 650/1200 | lr=4.36599e-05 | acc=1.0000 | pos_cos=0.290309 | neg_cos=0.225339 | ref_L2=0.000022 | ref_cos=0.994343 | ref_KL=0.002313
2025-10-01 21:25:16,616 - INFO - Task 6 Iter 560/600 | lr=5.83746e-06 | acc=0.9999 | pos_cos=0.287573 | neg_cos=0.236037 | ref_L2=0.000084 | ref_cos=0.978603 | ref_KL=0.009109
2025-10-01 21:25:18,060 - INFO - Task 4 Iter 660/1200 | lr=4.23653e-05 | acc=1.0000 | pos_cos=0.290776 | neg_cos=0.225710 | ref_L2=0.000019 | ref_cos=0.995102 | ref_KL=0.002192
2025-10-01 21:25:18,434 - INFO - Task 6 Iter 570/600 | lr=3.38541e-06 | acc=1.0000 | pos_cos=0.286084 | neg_cos=0.234746 | ref_L2=0.000084 | ref_cos=0.978449 | ref_KL=0.009504
2025-10-01 21:25:18,592 - INFO - Task 4 Iter 700/1200 | lr=0.00018599 | acc=1.0000 | pos_cos=0.257741 | neg_cos=0.197417 | ref_L2=0.000044 | ref_cos=0.988742 | ref_KL=0.004519
2025-10-01 21:25:19,953 - INFO - Task 4 Iter 670/1200 | lr=4.10759e-05 | acc=1.0000 | pos_cos=0.290392 | neg_cos=0.225704 | ref_L2=0.000017 | ref_cos=0.995562 | ref_KL=0.002008
2025-10-01 21:25:21,580 - INFO - Task 6 Iter 580/600 | lr=1.60946e-06 | acc=1.0000 | pos_cos=0.287223 | neg_cos=0.235840 | ref_L2=0.000081 | ref_cos=0.979215 | ref_KL=0.009913
2025-10-01 21:25:22,204 - INFO - Task 4 Iter 710/1200 | lr=0.000179688 | acc=1.0000 | pos_cos=0.257137 | neg_cos=0.196766 | ref_L2=0.000045 | ref_cos=0.988503 | ref_KL=0.004134
2025-10-01 21:25:22,750 - INFO - Task 4 Iter 680/1200 | lr=3.97928e-05 | acc=1.0000 | pos_cos=0.289177 | neg_cos=0.224468 | ref_L2=0.000019 | ref_cos=0.995155 | ref_KL=0.002191
2025-10-01 21:25:23,663 - INFO - Task 6 Iter 590/600 | lr=5.14463e-07 | acc=0.9986 | pos_cos=0.286765 | neg_cos=0.235750 | ref_L2=0.000081 | ref_cos=0.979252 | ref_KL=0.008895
2025-10-01 21:25:24,557 - INFO - Task 4 Iter 720/1200 | lr=0.000173434 | acc=1.0000 | pos_cos=0.257212 | neg_cos=0.196844 | ref_L2=0.000045 | ref_cos=0.988569 | ref_KL=0.003860
2025-10-01 21:25:24,802 - INFO - Task 4 Iter 690/1200 | lr=3.85166e-05 | acc=1.0000 | pos_cos=0.290485 | neg_cos=0.225577 | ref_L2=0.000019 | ref_cos=0.995217 | ref_KL=0.002250
2025-10-01 21:25:25,609 - INFO - Task 6 Iter 600/600 | lr=1.03426e-07 | acc=0.9983 | pos_cos=0.286726 | neg_cos=0.235402 | ref_L2=0.000082 | ref_cos=0.979070 | ref_KL=0.009288
2025-10-01 21:25:25,883 - INFO - Task 6 finished | total: 129.86 s | train: 129.59 s | drift: 0.00 s
2025-10-01 21:25:26,556 - INFO - Task 4 Iter 700/1200 | lr=3.72483e-05 | acc=1.0000 | pos_cos=0.289633 | neg_cos=0.224847 | ref_L2=0.000019 | ref_cos=0.995172 | ref_KL=0.002098
2025-10-01 21:25:26,566 - INFO - Task 4 Iter 730/1200 | lr=0.000167232 | acc=1.0000 | pos_cos=0.257810 | neg_cos=0.197475 | ref_L2=0.000044 | ref_cos=0.988833 | ref_KL=0.003751
2025-10-01 21:25:28,982 - INFO - Task 4 Iter 740/1200 | lr=0.000161087 | acc=1.0000 | pos_cos=0.257692 | neg_cos=0.197444 | ref_L2=0.000044 | ref_cos=0.988860 | ref_KL=0.003876
2025-10-01 21:25:29,880 - INFO - Task 4 Iter 710/1200 | lr=3.59889e-05 | acc=1.0000 | pos_cos=0.289112 | neg_cos=0.224292 | ref_L2=0.000020 | ref_cos=0.994913 | ref_KL=0.002083
2025-10-01 21:25:30,699 - INFO - Task 4 Iter 750/1200 | lr=0.000155003 | acc=1.0000 | pos_cos=0.257214 | neg_cos=0.196966 | ref_L2=0.000045 | ref_cos=0.988592 | ref_KL=0.003992
2025-10-01 21:25:31,745 - INFO - Task 4 Iter 720/1200 | lr=3.4739e-05 | acc=1.0000 | pos_cos=0.288381 | neg_cos=0.223572 | ref_L2=0.000020 | ref_cos=0.994817 | ref_KL=0.002138
2025-10-01 21:25:32,364 - INFO - Task 4 Iter 760/1200 | lr=0.000148984 | acc=1.0000 | pos_cos=0.258159 | neg_cos=0.197841 | ref_L2=0.000043 | ref_cos=0.989062 | ref_KL=0.004483
2025-10-01 21:25:33,423 - INFO - Task 4 Iter 730/1200 | lr=3.34997e-05 | acc=1.0000 | pos_cos=0.290386 | neg_cos=0.225888 | ref_L2=0.000019 | ref_cos=0.995248 | ref_KL=0.001894
2025-10-01 21:25:35,293 - INFO - Task 4 Iter 770/1200 | lr=0.000143035 | acc=1.0000 | pos_cos=0.256823 | neg_cos=0.196513 | ref_L2=0.000043 | ref_cos=0.989077 | ref_KL=0.004968
2025-10-01 21:25:35,811 - INFO - Task 4 Iter 740/1200 | lr=3.22717e-05 | acc=1.0000 | pos_cos=0.290140 | neg_cos=0.225529 | ref_L2=0.000019 | ref_cos=0.995175 | ref_KL=0.002078
2025-10-01 21:25:36,953 - INFO - Task 4 Iter 780/1200 | lr=0.000137159 | acc=1.0000 | pos_cos=0.257056 | neg_cos=0.196788 | ref_L2=0.000045 | ref_cos=0.988543 | ref_KL=0.004290
2025-10-01 21:25:37,531 - INFO - Task 4 Iter 750/1200 | lr=3.10558e-05 | acc=1.0000 | pos_cos=0.289330 | neg_cos=0.224531 | ref_L2=0.000020 | ref_cos=0.994977 | ref_KL=0.002205
2025-10-01 21:25:38,610 - INFO - Task 4 Iter 790/1200 | lr=0.00013136 | acc=1.0000 | pos_cos=0.257784 | neg_cos=0.197547 | ref_L2=0.000044 | ref_cos=0.988808 | ref_KL=0.004398
2025-10-01 21:25:39,214 - INFO - Task 4 Iter 760/1200 | lr=2.9853e-05 | acc=1.0000 | pos_cos=0.289103 | neg_cos=0.224877 | ref_L2=0.000018 | ref_cos=0.995368 | ref_KL=0.002079
2025-10-01 21:25:39,232 - INFO - Starting task 8/8: stanford_cars (train=8144, test=8041, classes=196)
2025-10-01 21:25:40,443 - INFO - Task 4 Iter 800/1200 | lr=0.000125642 | acc=1.0000 | pos_cos=0.256908 | neg_cos=0.196702 | ref_L2=0.000043 | ref_cos=0.989029 | ref_KL=0.004113
2025-10-01 21:25:42,423 - INFO - Task 4 Iter 770/1200 | lr=2.86641e-05 | acc=1.0000 | pos_cos=0.289312 | neg_cos=0.224589 | ref_L2=0.000018 | ref_cos=0.995337 | ref_KL=0.002044
2025-10-01 21:25:42,986 - INFO - Task 4 Iter 810/1200 | lr=0.00012001 | acc=1.0000 | pos_cos=0.257048 | neg_cos=0.196932 | ref_L2=0.000043 | ref_cos=0.989027 | ref_KL=0.004740
2025-10-01 21:25:43,970 - INFO - Task 7 Iter 10/600 | lr=0.000499723 | acc=0.7586 | pos_cos=0.293748 | neg_cos=0.223714 | ref_L2=0.000082 | ref_cos=0.978925 | ref_KL=0.010351
2025-10-01 21:25:44,466 - INFO - Task 4 Iter 780/1200 | lr=2.74898e-05 | acc=1.0000 | pos_cos=0.288914 | neg_cos=0.224555 | ref_L2=0.000020 | ref_cos=0.994859 | ref_KL=0.002335
2025-10-01 21:25:45,185 - INFO - Task 4 Iter 820/1200 | lr=0.000114467 | acc=1.0000 | pos_cos=0.257428 | neg_cos=0.197331 | ref_L2=0.000043 | ref_cos=0.989026 | ref_KL=0.004223
2025-10-01 21:25:46,380 - INFO - Task 7 Iter 20/600 | lr=0.000498764 | acc=0.6686 | pos_cos=0.292289 | neg_cos=0.218687 | ref_L2=0.000093 | ref_cos=0.976279 | ref_KL=0.012069
2025-10-01 21:25:46,529 - INFO - Task 4 Iter 790/1200 | lr=2.63309e-05 | acc=1.0000 | pos_cos=0.288722 | neg_cos=0.224235 | ref_L2=0.000020 | ref_cos=0.994956 | ref_KL=0.002245
2025-10-01 21:25:47,326 - INFO - Task 4 Iter 830/1200 | lr=0.000109017 | acc=1.0000 | pos_cos=0.256758 | neg_cos=0.196565 | ref_L2=0.000043 | ref_cos=0.988971 | ref_KL=0.004205
2025-10-01 21:25:48,290 - INFO - Task 7 Iter 30/600 | lr=0.000497124 | acc=0.6381 | pos_cos=0.290447 | neg_cos=0.215310 | ref_L2=0.000088 | ref_cos=0.977455 | ref_KL=0.011044
2025-10-01 21:25:48,567 - INFO - Task 4 Iter 800/1200 | lr=2.51883e-05 | acc=1.0000 | pos_cos=0.289416 | neg_cos=0.224917 | ref_L2=0.000018 | ref_cos=0.995470 | ref_KL=0.001916
2025-10-01 21:25:50,177 - INFO - Task 7 Iter 40/600 | lr=0.000494807 | acc=0.6657 | pos_cos=0.288085 | neg_cos=0.213515 | ref_L2=0.000088 | ref_cos=0.977444 | ref_KL=0.011235
2025-10-01 21:25:51,112 - INFO - Task 4 Iter 840/1200 | lr=0.000103663 | acc=1.0000 | pos_cos=0.257193 | neg_cos=0.197028 | ref_L2=0.000045 | ref_cos=0.988604 | ref_KL=0.004409
2025-10-01 21:25:51,239 - INFO - Task 4 Iter 810/1200 | lr=2.40628e-05 | acc=1.0000 | pos_cos=0.288469 | neg_cos=0.224066 | ref_L2=0.000019 | ref_cos=0.995048 | ref_KL=0.002532
2025-10-01 21:25:52,337 - INFO - Task 7 Iter 50/600 | lr=0.000491819 | acc=0.6789 | pos_cos=0.288058 | neg_cos=0.213865 | ref_L2=0.000092 | ref_cos=0.976548 | ref_KL=0.012049
2025-10-01 21:25:52,921 - INFO - Task 4 Iter 820/1200 | lr=2.2955e-05 | acc=1.0000 | pos_cos=0.288789 | neg_cos=0.224312 | ref_L2=0.000019 | ref_cos=0.995193 | ref_KL=0.002033
2025-10-01 21:25:53,379 - INFO - Task 4 Iter 850/1200 | lr=9.84097e-05 | acc=1.0000 | pos_cos=0.256682 | neg_cos=0.196547 | ref_L2=0.000043 | ref_cos=0.989006 | ref_KL=0.004063
2025-10-01 21:25:54,479 - INFO - Task 7 Iter 60/600 | lr=0.000488168 | acc=0.6657 | pos_cos=0.288353 | neg_cos=0.215153 | ref_L2=0.000088 | ref_cos=0.977423 | ref_KL=0.011160
2025-10-01 21:25:54,630 - INFO - Task 4 Iter 830/1200 | lr=2.18659e-05 | acc=1.0000 | pos_cos=0.288741 | neg_cos=0.224237 | ref_L2=0.000019 | ref_cos=0.995054 | ref_KL=0.002201
2025-10-01 21:25:55,530 - INFO - Task 4 Iter 860/1200 | lr=9.32604e-05 | acc=1.0000 | pos_cos=0.256676 | neg_cos=0.196551 | ref_L2=0.000044 | ref_cos=0.988652 | ref_KL=0.004046
2025-10-01 21:25:57,149 - INFO - Task 7 Iter 70/600 | lr=0.000483864 | acc=0.6850 | pos_cos=0.288758 | neg_cos=0.215295 | ref_L2=0.000088 | ref_cos=0.977452 | ref_KL=0.010487
2025-10-01 21:25:58,022 - INFO - Task 4 Iter 840/1200 | lr=2.0796e-05 | acc=1.0000 | pos_cos=0.288290 | neg_cos=0.224037 | ref_L2=0.000020 | ref_cos=0.994807 | ref_KL=0.002079
2025-10-01 21:25:58,442 - INFO - Task 4 Iter 870/1200 | lr=8.82186e-05 | acc=1.0000 | pos_cos=0.257498 | neg_cos=0.197412 | ref_L2=0.000044 | ref_cos=0.988669 | ref_KL=0.003866
2025-10-01 21:25:59,241 - INFO - Task 7 Iter 80/600 | lr=0.00047892 | acc=0.6777 | pos_cos=0.288529 | neg_cos=0.214648 | ref_L2=0.000091 | ref_cos=0.976788 | ref_KL=0.011147
2025-10-01 21:25:59,835 - INFO - Task 4 Iter 850/1200 | lr=1.97462e-05 | acc=1.0000 | pos_cos=0.288238 | neg_cos=0.223700 | ref_L2=0.000019 | ref_cos=0.995238 | ref_KL=0.001929
2025-10-01 21:26:00,541 - INFO - Task 4 Iter 880/1200 | lr=8.32877e-05 | acc=1.0000 | pos_cos=0.256866 | neg_cos=0.196750 | ref_L2=0.000042 | ref_cos=0.989209 | ref_KL=0.003877
2025-10-01 21:26:01,496 - INFO - Task 7 Iter 90/600 | lr=0.000473348 | acc=0.6941 | pos_cos=0.285821 | neg_cos=0.211873 | ref_L2=0.000088 | ref_cos=0.977430 | ref_KL=0.011249
2025-10-01 21:26:01,677 - INFO - Task 4 Iter 860/1200 | lr=1.87172e-05 | acc=1.0000 | pos_cos=0.288017 | neg_cos=0.223903 | ref_L2=0.000019 | ref_cos=0.995070 | ref_KL=0.001989
2025-10-01 21:26:02,803 - INFO - Task 4 Iter 890/1200 | lr=7.8471e-05 | acc=1.0000 | pos_cos=0.256551 | neg_cos=0.196459 | ref_L2=0.000042 | ref_cos=0.989227 | ref_KL=0.004006
2025-10-01 21:26:03,368 - INFO - Task 7 Iter 100/600 | lr=0.000467164 | acc=0.6965 | pos_cos=0.283551 | neg_cos=0.211261 | ref_L2=0.000091 | ref_cos=0.976638 | ref_KL=0.012257
2025-10-01 21:26:04,459 - INFO - Task 4 Iter 870/1200 | lr=1.77096e-05 | acc=1.0000 | pos_cos=0.289778 | neg_cos=0.225217 | ref_L2=0.000020 | ref_cos=0.994974 | ref_KL=0.001907
2025-10-01 21:26:05,377 - INFO - Task 7 Iter 110/600 | lr=0.000460386 | acc=0.6751 | pos_cos=0.281795 | neg_cos=0.209454 | ref_L2=0.000093 | ref_cos=0.976124 | ref_KL=0.012616
2025-10-01 21:26:06,287 - INFO - Task 4 Iter 900/1200 | lr=7.3772e-05 | acc=1.0000 | pos_cos=0.256574 | neg_cos=0.196502 | ref_L2=0.000042 | ref_cos=0.989168 | ref_KL=0.003723
2025-10-01 21:26:06,422 - INFO - Task 4 Iter 880/1200 | lr=1.67242e-05 | acc=1.0000 | pos_cos=0.288762 | neg_cos=0.224634 | ref_L2=0.000019 | ref_cos=0.995096 | ref_KL=0.001968
2025-10-01 21:26:07,389 - INFO - Task 7 Iter 120/600 | lr=0.00045303 | acc=0.6936 | pos_cos=0.281841 | neg_cos=0.208461 | ref_L2=0.000093 | ref_cos=0.976248 | ref_KL=0.013656
2025-10-01 21:26:08,339 - INFO - Task 4 Iter 890/1200 | lr=1.57617e-05 | acc=1.0000 | pos_cos=0.288312 | neg_cos=0.223850 | ref_L2=0.000018 | ref_cos=0.995516 | ref_KL=0.001721
2025-10-01 21:26:08,513 - INFO - Task 4 Iter 910/1200 | lr=6.91937e-05 | acc=1.0000 | pos_cos=0.256510 | neg_cos=0.196540 | ref_L2=0.000043 | ref_cos=0.989081 | ref_KL=0.004137
2025-10-01 21:26:10,377 - INFO - Task 4 Iter 920/1200 | lr=6.47394e-05 | acc=1.0000 | pos_cos=0.256621 | neg_cos=0.196538 | ref_L2=0.000042 | ref_cos=0.989359 | ref_KL=0.003735
2025-10-01 21:26:10,570 - INFO - Task 7 Iter 130/600 | lr=0.000445119 | acc=0.7088 | pos_cos=0.279379 | neg_cos=0.206396 | ref_L2=0.000094 | ref_cos=0.975926 | ref_KL=0.012177
2025-10-01 21:26:11,841 - INFO - Task 4 Iter 900/1200 | lr=1.48226e-05 | acc=1.0000 | pos_cos=0.288209 | neg_cos=0.224055 | ref_L2=0.000018 | ref_cos=0.995394 | ref_KL=0.001922
2025-10-01 21:26:12,413 - INFO - Task 7 Iter 140/600 | lr=0.000436672 | acc=0.7270 | pos_cos=0.282406 | neg_cos=0.209059 | ref_L2=0.000092 | ref_cos=0.976341 | ref_KL=0.011387
2025-10-01 21:26:13,063 - INFO - Task 4 Iter 930/1200 | lr=6.04122e-05 | acc=1.0000 | pos_cos=0.256192 | neg_cos=0.196098 | ref_L2=0.000044 | ref_cos=0.988729 | ref_KL=0.003765
2025-10-01 21:26:13,662 - INFO - Task 4 Iter 910/1200 | lr=1.39077e-05 | acc=1.0000 | pos_cos=0.287216 | neg_cos=0.223025 | ref_L2=0.000019 | ref_cos=0.995125 | ref_KL=0.002220
2025-10-01 21:26:14,461 - INFO - Task 7 Iter 150/600 | lr=0.000427714 | acc=0.7404 | pos_cos=0.284931 | neg_cos=0.210942 | ref_L2=0.000093 | ref_cos=0.976265 | ref_KL=0.010961
2025-10-01 21:26:15,183 - INFO - Task 4 Iter 940/1200 | lr=5.62148e-05 | acc=1.0000 | pos_cos=0.256690 | neg_cos=0.196688 | ref_L2=0.000045 | ref_cos=0.988427 | ref_KL=0.003924
2025-10-01 21:26:15,683 - INFO - Task 4 Iter 920/1200 | lr=1.30175e-05 | acc=1.0000 | pos_cos=0.288124 | neg_cos=0.224201 | ref_L2=0.000018 | ref_cos=0.995396 | ref_KL=0.001981
2025-10-01 21:26:16,398 - INFO - Task 7 Iter 160/600 | lr=0.000418269 | acc=0.7469 | pos_cos=0.284076 | neg_cos=0.211191 | ref_L2=0.000089 | ref_cos=0.977096 | ref_KL=0.010942
2025-10-01 21:26:17,259 - INFO - Task 4 Iter 950/1200 | lr=5.21504e-05 | acc=1.0000 | pos_cos=0.256677 | neg_cos=0.196560 | ref_L2=0.000043 | ref_cos=0.988935 | ref_KL=0.003379
2025-10-01 21:26:18,436 - INFO - Task 7 Iter 170/600 | lr=0.000408364 | acc=0.7244 | pos_cos=0.284325 | neg_cos=0.210685 | ref_L2=0.000087 | ref_cos=0.977851 | ref_KL=0.010548
2025-10-01 21:26:18,783 - INFO - Task 4 Iter 930/1200 | lr=1.21528e-05 | acc=1.0000 | pos_cos=0.288012 | neg_cos=0.223669 | ref_L2=0.000019 | ref_cos=0.995013 | ref_KL=0.002020
2025-10-01 21:26:19,119 - INFO - Task 4 Iter 960/1200 | lr=4.82215e-05 | acc=1.0000 | pos_cos=0.256552 | neg_cos=0.196505 | ref_L2=0.000042 | ref_cos=0.989131 | ref_KL=0.003858
2025-10-01 21:26:20,306 - INFO - Task 7 Iter 180/600 | lr=0.000398024 | acc=0.7348 | pos_cos=0.283578 | neg_cos=0.210756 | ref_L2=0.000088 | ref_cos=0.977497 | ref_KL=0.011887
2025-10-01 21:26:20,562 - INFO - Task 4 Iter 940/1200 | lr=1.1314e-05 | acc=1.0000 | pos_cos=0.288313 | neg_cos=0.224214 | ref_L2=0.000021 | ref_cos=0.994681 | ref_KL=0.002052
2025-10-01 21:26:22,331 - INFO - Task 7 Iter 190/600 | lr=0.000387278 | acc=0.7261 | pos_cos=0.283267 | neg_cos=0.210293 | ref_L2=0.000088 | ref_cos=0.977565 | ref_KL=0.011631
2025-10-01 21:26:22,507 - INFO - Task 4 Iter 970/1200 | lr=4.4431e-05 | acc=1.0000 | pos_cos=0.256087 | neg_cos=0.196046 | ref_L2=0.000042 | ref_cos=0.989170 | ref_KL=0.003765
2025-10-01 21:26:22,642 - INFO - Task 4 Iter 950/1200 | lr=1.05017e-05 | acc=1.0000 | pos_cos=0.288790 | neg_cos=0.224824 | ref_L2=0.000018 | ref_cos=0.995380 | ref_KL=0.001830
2025-10-01 21:26:24,311 - INFO - Task 4 Iter 980/1200 | lr=4.07814e-05 | acc=1.0000 | pos_cos=0.256701 | neg_cos=0.196746 | ref_L2=0.000043 | ref_cos=0.989080 | ref_KL=0.003641
2025-10-01 21:26:24,458 - INFO - Task 4 Iter 960/1200 | lr=9.7166e-06 | acc=1.0000 | pos_cos=0.288134 | neg_cos=0.223572 | ref_L2=0.000018 | ref_cos=0.995457 | ref_KL=0.002078
2025-10-01 21:26:25,758 - INFO - Task 7 Iter 200/600 | lr=0.000376157 | acc=0.7538 | pos_cos=0.280662 | neg_cos=0.208559 | ref_L2=0.000089 | ref_cos=0.977283 | ref_KL=0.010550
2025-10-01 21:26:26,123 - INFO - Task 4 Iter 990/1200 | lr=3.72752e-05 | acc=1.0000 | pos_cos=0.256538 | neg_cos=0.196503 | ref_L2=0.000043 | ref_cos=0.989052 | ref_KL=0.003827
2025-10-01 21:26:27,747 - INFO - Task 7 Iter 210/600 | lr=0.000364689 | acc=0.7353 | pos_cos=0.279939 | neg_cos=0.207192 | ref_L2=0.000088 | ref_cos=0.977508 | ref_KL=0.011187
2025-10-01 21:26:28,025 - INFO - Task 4 Iter 970/1200 | lr=8.95911e-06 | acc=1.0000 | pos_cos=0.288309 | neg_cos=0.223979 | ref_L2=0.000018 | ref_cos=0.995307 | ref_KL=0.001821
2025-10-01 21:26:29,088 - INFO - Task 4 Iter 1000/1200 | lr=3.39149e-05 | acc=1.0000 | pos_cos=0.256392 | neg_cos=0.196363 | ref_L2=0.000043 | ref_cos=0.989040 | ref_KL=0.004024
2025-10-01 21:26:29,761 - INFO - Task 4 Iter 980/1200 | lr=8.22977e-06 | acc=1.0000 | pos_cos=0.288432 | neg_cos=0.224512 | ref_L2=0.000018 | ref_cos=0.995440 | ref_KL=0.001853
2025-10-01 21:26:29,930 - INFO - Task 7 Iter 220/600 | lr=0.000352908 | acc=0.7388 | pos_cos=0.279789 | neg_cos=0.207590 | ref_L2=0.000092 | ref_cos=0.976391 | ref_KL=0.010558
2025-10-01 21:26:31,219 - INFO - Task 4 Iter 1010/1200 | lr=3.07027e-05 | acc=1.0000 | pos_cos=0.256785 | neg_cos=0.196806 | ref_L2=0.000043 | ref_cos=0.989042 | ref_KL=0.003716
2025-10-01 21:26:31,769 - INFO - Task 4 Iter 990/1200 | lr=7.5291e-06 | acc=1.0000 | pos_cos=0.287502 | neg_cos=0.223291 | ref_L2=0.000019 | ref_cos=0.995146 | ref_KL=0.002058
2025-10-01 21:26:31,863 - INFO - Task 7 Iter 230/600 | lr=0.000340845 | acc=0.7497 | pos_cos=0.280879 | neg_cos=0.207128 | ref_L2=0.000089 | ref_cos=0.977220 | ref_KL=0.010207
2025-10-01 21:26:33,356 - INFO - Task 4 Iter 1020/1200 | lr=2.76408e-05 | acc=1.0000 | pos_cos=0.256370 | neg_cos=0.196407 | ref_L2=0.000043 | ref_cos=0.988912 | ref_KL=0.003527
2025-10-01 21:26:33,769 - INFO - Task 7 Iter 240/600 | lr=0.000328532 | acc=0.7555 | pos_cos=0.280510 | neg_cos=0.207813 | ref_L2=0.000089 | ref_cos=0.977133 | ref_KL=0.011062
2025-10-01 21:26:34,565 - INFO - Task 4 Iter 1000/1200 | lr=6.85756e-06 | acc=1.0000 | pos_cos=0.289018 | neg_cos=0.224692 | ref_L2=0.000019 | ref_cos=0.995252 | ref_KL=0.002078
2025-10-01 21:26:35,633 - INFO - Task 7 Iter 250/600 | lr=0.000316005 | acc=0.7568 | pos_cos=0.283887 | neg_cos=0.209445 | ref_L2=0.000089 | ref_cos=0.977224 | ref_KL=0.011761
2025-10-01 21:26:36,357 - INFO - Task 4 Iter 1010/1200 | lr=6.21563e-06 | acc=1.0000 | pos_cos=0.288194 | neg_cos=0.224030 | ref_L2=0.000017 | ref_cos=0.995527 | ref_KL=0.001983
2025-10-01 21:26:36,873 - INFO - Task 4 Iter 1030/1200 | lr=2.47313e-05 | acc=1.0000 | pos_cos=0.256052 | neg_cos=0.195997 | ref_L2=0.000044 | ref_cos=0.988806 | ref_KL=0.003981
2025-10-01 21:26:38,101 - INFO - Task 4 Iter 1020/1200 | lr=5.60374e-06 | acc=1.0000 | pos_cos=0.288070 | neg_cos=0.223977 | ref_L2=0.000019 | ref_cos=0.995168 | ref_KL=0.002013
2025-10-01 21:26:38,729 - INFO - Task 4 Iter 1040/1200 | lr=2.19763e-05 | acc=1.0000 | pos_cos=0.256586 | neg_cos=0.196605 | ref_L2=0.000044 | ref_cos=0.988793 | ref_KL=0.004084
2025-10-01 21:26:39,930 - INFO - Task 7 Iter 260/600 | lr=0.000303297 | acc=0.8133 | pos_cos=0.285444 | neg_cos=0.211558 | ref_L2=0.000087 | ref_cos=0.977688 | ref_KL=0.011863
2025-10-01 21:26:40,533 - INFO - Task 4 Iter 1050/1200 | lr=1.93775e-05 | acc=1.0000 | pos_cos=0.256229 | neg_cos=0.196211 | ref_L2=0.000043 | ref_cos=0.988996 | ref_KL=0.003554
2025-10-01 21:26:41,393 - INFO - Task 4 Iter 1030/1200 | lr=5.02232e-06 | acc=1.0000 | pos_cos=0.287451 | neg_cos=0.223304 | ref_L2=0.000019 | ref_cos=0.995209 | ref_KL=0.002219
2025-10-01 21:26:41,882 - INFO - Task 7 Iter 270/600 | lr=0.000290443 | acc=0.8713 | pos_cos=0.283568 | neg_cos=0.209829 | ref_L2=0.000084 | ref_cos=0.978405 | ref_KL=0.010764
2025-10-01 21:26:43,053 - INFO - Task 4 Iter 1040/1200 | lr=4.47175e-06 | acc=1.0000 | pos_cos=0.288085 | neg_cos=0.223899 | ref_L2=0.000020 | ref_cos=0.994899 | ref_KL=0.002196
2025-10-01 21:26:43,419 - INFO - Task 4 Iter 1060/1200 | lr=1.69369e-05 | acc=1.0000 | pos_cos=0.255884 | neg_cos=0.195890 | ref_L2=0.000042 | ref_cos=0.989337 | ref_KL=0.003613
2025-10-01 21:26:43,893 - INFO - Task 7 Iter 280/600 | lr=0.000277478 | acc=0.8337 | pos_cos=0.282760 | neg_cos=0.208694 | ref_L2=0.000086 | ref_cos=0.978013 | ref_KL=0.010800
2025-10-01 21:26:44,709 - INFO - Task 4 Iter 1050/1200 | lr=3.95242e-06 | acc=1.0000 | pos_cos=0.288003 | neg_cos=0.224044 | ref_L2=0.000019 | ref_cos=0.995144 | ref_KL=0.001889
2025-10-01 21:26:45,402 - INFO - Task 4 Iter 1070/1200 | lr=1.4656e-05 | acc=1.0000 | pos_cos=0.255747 | neg_cos=0.195749 | ref_L2=0.000044 | ref_cos=0.988858 | ref_KL=0.003470
2025-10-01 21:26:46,256 - INFO - Task 7 Iter 290/600 | lr=0.000264438 | acc=0.8153 | pos_cos=0.281359 | neg_cos=0.207060 | ref_L2=0.000087 | ref_cos=0.977727 | ref_KL=0.009588
2025-10-01 21:26:47,085 - INFO - Task 4 Iter 1060/1200 | lr=3.46468e-06 | acc=1.0000 | pos_cos=0.288191 | neg_cos=0.224052 | ref_L2=0.000018 | ref_cos=0.995265 | ref_KL=0.001780
2025-10-01 21:26:47,218 - INFO - Task 4 Iter 1080/1200 | lr=1.25364e-05 | acc=1.0000 | pos_cos=0.257050 | neg_cos=0.197042 | ref_L2=0.000042 | ref_cos=0.989290 | ref_KL=0.003695
2025-10-01 21:26:48,154 - INFO - Task 7 Iter 300/600 | lr=0.000251359 | acc=0.8563 | pos_cos=0.281045 | neg_cos=0.206211 | ref_L2=0.000087 | ref_cos=0.977697 | ref_KL=0.010445
2025-10-01 21:26:48,858 - INFO - Task 4 Iter 1070/1200 | lr=3.00887e-06 | acc=1.0000 | pos_cos=0.287302 | neg_cos=0.223089 | ref_L2=0.000019 | ref_cos=0.995229 | ref_KL=0.001845
2025-10-01 21:26:49,848 - INFO - Task 7 Iter 310/600 | lr=0.000238276 | acc=0.8528 | pos_cos=0.279181 | neg_cos=0.204305 | ref_L2=0.000090 | ref_cos=0.976924 | ref_KL=0.010705
2025-10-01 21:26:50,555 - INFO - Task 4 Iter 1080/1200 | lr=2.5853e-06 | acc=1.0000 | pos_cos=0.288059 | neg_cos=0.224095 | ref_L2=0.000019 | ref_cos=0.995257 | ref_KL=0.002055
2025-10-01 21:26:51,123 - INFO - Task 4 Iter 1090/1200 | lr=1.05797e-05 | acc=1.0000 | pos_cos=0.256186 | neg_cos=0.196179 | ref_L2=0.000041 | ref_cos=0.989430 | ref_KL=0.003608
2025-10-01 21:26:51,766 - INFO - Task 7 Iter 320/600 | lr=0.000225225 | acc=0.8706 | pos_cos=0.280962 | neg_cos=0.205099 | ref_L2=0.000088 | ref_cos=0.977517 | ref_KL=0.009902
2025-10-01 21:26:53,068 - INFO - Task 4 Iter 1100/1200 | lr=8.78703e-06 | acc=1.0000 | pos_cos=0.256188 | neg_cos=0.196229 | ref_L2=0.000043 | ref_cos=0.988924 | ref_KL=0.003435
2025-10-01 21:26:53,731 - INFO - Task 4 Iter 1090/1200 | lr=2.19426e-06 | acc=1.0000 | pos_cos=0.288316 | neg_cos=0.224242 | ref_L2=0.000018 | ref_cos=0.995323 | ref_KL=0.002139
2025-10-01 21:26:54,735 - INFO - Task 7 Iter 330/600 | lr=0.000212242 | acc=0.8670 | pos_cos=0.281381 | neg_cos=0.206577 | ref_L2=0.000086 | ref_cos=0.978061 | ref_KL=0.010259
2025-10-01 21:26:55,023 - INFO - Task 4 Iter 1110/1200 | lr=7.15973e-06 | acc=1.0000 | pos_cos=0.256173 | neg_cos=0.196191 | ref_L2=0.000043 | ref_cos=0.989001 | ref_KL=0.003659
2025-10-01 21:26:55,523 - INFO - Task 4 Iter 1100/1200 | lr=1.83602e-06 | acc=1.0000 | pos_cos=0.288088 | neg_cos=0.224077 | ref_L2=0.000020 | ref_cos=0.994967 | ref_KL=0.001926
2025-10-01 21:26:56,801 - INFO - Task 7 Iter 340/600 | lr=0.000199363 | acc=0.8789 | pos_cos=0.281586 | neg_cos=0.206422 | ref_L2=0.000087 | ref_cos=0.977624 | ref_KL=0.009280
2025-10-01 21:26:57,056 - INFO - Task 4 Iter 1120/1200 | lr=5.6989e-06 | acc=1.0000 | pos_cos=0.255802 | neg_cos=0.195846 | ref_L2=0.000043 | ref_cos=0.989047 | ref_KL=0.003654
2025-10-01 21:26:57,247 - INFO - Task 4 Iter 1110/1200 | lr=1.51082e-06 | acc=1.0000 | pos_cos=0.287386 | neg_cos=0.223260 | ref_L2=0.000019 | ref_cos=0.995189 | ref_KL=0.001955
2025-10-01 21:26:58,905 - INFO - Task 4 Iter 1120/1200 | lr=1.21888e-06 | acc=1.0000 | pos_cos=0.287244 | neg_cos=0.223210 | ref_L2=0.000018 | ref_cos=0.995322 | ref_KL=0.002096
2025-10-01 21:26:58,960 - INFO - Task 7 Iter 350/600 | lr=0.000186623 | acc=0.8747 | pos_cos=0.283870 | neg_cos=0.208293 | ref_L2=0.000087 | ref_cos=0.977667 | ref_KL=0.009356
2025-10-01 21:26:59,855 - INFO - Task 4 Iter 1130/1200 | lr=4.40553e-06 | acc=1.0000 | pos_cos=0.255927 | neg_cos=0.195890 | ref_L2=0.000043 | ref_cos=0.989051 | ref_KL=0.003912
2025-10-01 21:27:01,031 - INFO - Task 7 Iter 360/600 | lr=0.000174057 | acc=0.8604 | pos_cos=0.283864 | neg_cos=0.208466 | ref_L2=0.000084 | ref_cos=0.978452 | ref_KL=0.008545
2025-10-01 21:27:01,698 - INFO - Task 4 Iter 1130/1200 | lr=9.60416e-07 | acc=1.0000 | pos_cos=0.287124 | neg_cos=0.223078 | ref_L2=0.000019 | ref_cos=0.995252 | ref_KL=0.002201
2025-10-01 21:27:01,993 - INFO - Task 4 Iter 1140/1200 | lr=3.28051e-06 | acc=1.0000 | pos_cos=0.256377 | neg_cos=0.196335 | ref_L2=0.000043 | ref_cos=0.989080 | ref_KL=0.003737
2025-10-01 21:27:03,180 - INFO - Task 7 Iter 370/600 | lr=0.000161699 | acc=0.8757 | pos_cos=0.283024 | neg_cos=0.208505 | ref_L2=0.000086 | ref_cos=0.977927 | ref_KL=0.010500
2025-10-01 21:27:03,418 - INFO - Task 4 Iter 1140/1200 | lr=7.35593e-07 | acc=1.0000 | pos_cos=0.286859 | neg_cos=0.222971 | ref_L2=0.000018 | ref_cos=0.995338 | ref_KL=0.001937
2025-10-01 21:27:03,951 - INFO - Task 4 Iter 1150/1200 | lr=2.32462e-06 | acc=1.0000 | pos_cos=0.255704 | neg_cos=0.195664 | ref_L2=0.000042 | ref_cos=0.989193 | ref_KL=0.003525
2025-10-01 21:27:05,172 - INFO - Task 4 Iter 1150/1200 | lr=5.44568e-07 | acc=1.0000 | pos_cos=0.287997 | neg_cos=0.223925 | ref_L2=0.000018 | ref_cos=0.995320 | ref_KL=0.001827
2025-10-01 21:27:05,456 - INFO - Task 7 Iter 380/600 | lr=0.000149583 | acc=0.8895 | pos_cos=0.284779 | neg_cos=0.209827 | ref_L2=0.000086 | ref_cos=0.977976 | ref_KL=0.009603
2025-10-01 21:27:07,494 - INFO - Task 4 Iter 1160/1200 | lr=1.5385e-06 | acc=1.0000 | pos_cos=0.256302 | neg_cos=0.196275 | ref_L2=0.000044 | ref_cos=0.988813 | ref_KL=0.003308
2025-10-01 21:27:08,188 - INFO - Task 7 Iter 390/600 | lr=0.000137743 | acc=0.8734 | pos_cos=0.283874 | neg_cos=0.208514 | ref_L2=0.000086 | ref_cos=0.977938 | ref_KL=0.009391
2025-10-01 21:27:08,347 - INFO - Task 4 Iter 1160/1200 | lr=3.87471e-07 | acc=1.0000 | pos_cos=0.288241 | neg_cos=0.224262 | ref_L2=0.000018 | ref_cos=0.995285 | ref_KL=0.001988
2025-10-01 21:27:09,472 - INFO - Task 4 Iter 1170/1200 | lr=9.22707e-07 | acc=1.0000 | pos_cos=0.255821 | neg_cos=0.195821 | ref_L2=0.000043 | ref_cos=0.989028 | ref_KL=0.003629
2025-10-01 21:27:10,508 - INFO - Task 7 Iter 400/600 | lr=0.00012621 | acc=0.8616 | pos_cos=0.284260 | neg_cos=0.209756 | ref_L2=0.000088 | ref_cos=0.977412 | ref_KL=0.009043
2025-10-01 21:27:10,789 - INFO - Task 4 Iter 1170/1200 | lr=2.6441e-07 | acc=1.0000 | pos_cos=0.287507 | neg_cos=0.223382 | ref_L2=0.000019 | ref_cos=0.995186 | ref_KL=0.001991
2025-10-01 21:27:11,320 - INFO - Task 4 Iter 1180/1200 | lr=4.7765e-07 | acc=1.0000 | pos_cos=0.255736 | neg_cos=0.195738 | ref_L2=0.000043 | ref_cos=0.989040 | ref_KL=0.003642
2025-10-01 21:27:12,520 - INFO - Task 7 Iter 410/600 | lr=0.000115017 | acc=0.8641 | pos_cos=0.284294 | neg_cos=0.208810 | ref_L2=0.000085 | ref_cos=0.978236 | ref_KL=0.008957
2025-10-01 21:27:12,817 - INFO - Task 4 Iter 1180/1200 | lr=1.7547e-07 | acc=1.0000 | pos_cos=0.287990 | neg_cos=0.223857 | ref_L2=0.000018 | ref_cos=0.995296 | ref_KL=0.002042
2025-10-01 21:27:14,300 - INFO - Task 7 Iter 420/600 | lr=0.000104194 | acc=0.8580 | pos_cos=0.283753 | neg_cos=0.208772 | ref_L2=0.000087 | ref_cos=0.977673 | ref_KL=0.009965
2025-10-01 21:27:14,319 - INFO - Task 4 Iter 1190/1200 | lr=2.03637e-07 | acc=1.0000 | pos_cos=0.256442 | neg_cos=0.196474 | ref_L2=0.000043 | ref_cos=0.988963 | ref_KL=0.003820
2025-10-01 21:27:15,998 - INFO - Task 7 Iter 430/600 | lr=9.37706e-05 | acc=0.8369 | pos_cos=0.282349 | neg_cos=0.207832 | ref_L2=0.000084 | ref_cos=0.978439 | ref_KL=0.010175
2025-10-01 21:27:16,051 - INFO - Task 4 Iter 1190/1200 | lr=1.20711e-07 | acc=1.0000 | pos_cos=0.287713 | neg_cos=0.223578 | ref_L2=0.000021 | ref_cos=0.994735 | ref_KL=0.001910
2025-10-01 21:27:16,376 - INFO - Task 4 Iter 1200/1200 | lr=1.00857e-07 | acc=1.0000 | pos_cos=0.256216 | neg_cos=0.196197 | ref_L2=0.000042 | ref_cos=0.989204 | ref_KL=0.003934
2025-10-01 21:27:16,750 - INFO - Task 4 finished | total: 278.81 s | train: 278.43 s | drift: 0.00 s
2025-10-01 21:27:17,803 - INFO - Task 7 Iter 440/600 | lr=8.37757e-05 | acc=0.8719 | pos_cos=0.282707 | neg_cos=0.207850 | ref_L2=0.000084 | ref_cos=0.978618 | ref_KL=0.009129
2025-10-01 21:27:17,946 - INFO - Task 4 Iter 1200/1200 | lr=1.00171e-07 | acc=1.0000 | pos_cos=0.287945 | neg_cos=0.223905 | ref_L2=0.000019 | ref_cos=0.995060 | ref_KL=0.002064
2025-10-01 21:27:18,228 - INFO - Task 4 finished | total: 270.18 s | train: 269.90 s | drift: 0.00 s
2025-10-01 21:27:20,147 - INFO - Task 7 Iter 450/600 | lr=7.42365e-05 | acc=0.8658 | pos_cos=0.283919 | neg_cos=0.209345 | ref_L2=0.000083 | ref_cos=0.978657 | ref_KL=0.009321
2025-10-01 21:27:21,723 - INFO - Starting task 6/8: food101 (train=75750, test=25250, classes=101)
2025-10-01 21:27:21,864 - INFO - Task 7 Iter 460/600 | lr=6.51792e-05 | acc=0.8740 | pos_cos=0.283927 | neg_cos=0.209350 | ref_L2=0.000085 | ref_cos=0.978274 | ref_KL=0.008931
2025-10-01 21:27:22,951 - INFO - Starting task 6/8: food101 (train=75750, test=25250, classes=101)
2025-10-01 21:27:23,608 - INFO - Task 7 Iter 470/600 | lr=5.66286e-05 | acc=0.8951 | pos_cos=0.284266 | neg_cos=0.209394 | ref_L2=0.000086 | ref_cos=0.977924 | ref_KL=0.008844
2025-10-01 21:27:25,000 - INFO - Task 5 Iter 10/1200 | lr=0.000499931 | acc=0.8772 | pos_cos=0.276297 | neg_cos=0.209750 | ref_L2=0.000041 | ref_cos=0.989489 | ref_KL=0.004355
2025-10-01 21:27:25,256 - INFO - Task 7 Iter 480/600 | lr=4.86082e-05 | acc=0.8739 | pos_cos=0.284085 | neg_cos=0.209104 | ref_L2=0.000084 | ref_cos=0.978517 | ref_KL=0.008483
2025-10-01 21:27:26,952 - INFO - Task 5 Iter 10/1200 | lr=9.99861e-05 | acc=0.8825 | pos_cos=0.288850 | neg_cos=0.216460 | ref_L2=0.000018 | ref_cos=0.995282 | ref_KL=0.002015
2025-10-01 21:27:26,976 - INFO - Task 7 Iter 490/600 | lr=4.114e-05 | acc=0.8531 | pos_cos=0.283578 | neg_cos=0.209391 | ref_L2=0.000083 | ref_cos=0.978665 | ref_KL=0.009028
2025-10-01 21:27:27,071 - INFO - Task 5 Iter 20/1200 | lr=0.000499691 | acc=0.8398 | pos_cos=0.280975 | neg_cos=0.217922 | ref_L2=0.000047 | ref_cos=0.987984 | ref_KL=0.005268
2025-10-01 21:27:29,091 - INFO - Task 5 Iter 20/1200 | lr=9.99382e-05 | acc=0.8414 | pos_cos=0.289364 | neg_cos=0.218910 | ref_L2=0.000021 | ref_cos=0.994529 | ref_KL=0.002083
2025-10-01 21:27:29,095 - INFO - Task 5 Iter 30/1200 | lr=0.00049928 | acc=0.8218 | pos_cos=0.281937 | neg_cos=0.219374 | ref_L2=0.000045 | ref_cos=0.988354 | ref_KL=0.006122
2025-10-01 21:27:29,098 - INFO - Task 7 Iter 500/600 | lr=3.42443e-05 | acc=0.8626 | pos_cos=0.281986 | neg_cos=0.207383 | ref_L2=0.000085 | ref_cos=0.978142 | ref_KL=0.009198
2025-10-01 21:27:31,079 - INFO - Task 5 Iter 40/1200 | lr=0.000498698 | acc=0.8293 | pos_cos=0.282237 | neg_cos=0.218766 | ref_L2=0.000048 | ref_cos=0.987819 | ref_KL=0.006472
2025-10-01 21:27:31,083 - INFO - Task 5 Iter 30/1200 | lr=9.98561e-05 | acc=0.8355 | pos_cos=0.288189 | neg_cos=0.220922 | ref_L2=0.000018 | ref_cos=0.995311 | ref_KL=0.002211
2025-10-01 21:27:31,257 - INFO - Task 7 Iter 510/600 | lr=2.79401e-05 | acc=0.8651 | pos_cos=0.282254 | neg_cos=0.207879 | ref_L2=0.000084 | ref_cos=0.978430 | ref_KL=0.008785
2025-10-01 21:27:32,993 - INFO - Task 5 Iter 40/1200 | lr=9.97399e-05 | acc=0.8239 | pos_cos=0.288459 | neg_cos=0.220804 | ref_L2=0.000018 | ref_cos=0.995272 | ref_KL=0.002320
2025-10-01 21:27:33,021 - INFO - Task 5 Iter 50/1200 | lr=0.000497946 | acc=0.8451 | pos_cos=0.282107 | neg_cos=0.218263 | ref_L2=0.000050 | ref_cos=0.987179 | ref_KL=0.006561
2025-10-01 21:27:34,893 - INFO - Task 5 Iter 60/1200 | lr=0.000497024 | acc=0.8407 | pos_cos=0.279100 | neg_cos=0.217006 | ref_L2=0.000049 | ref_cos=0.987441 | ref_KL=0.006340
2025-10-01 21:27:35,133 - INFO - Task 5 Iter 50/1200 | lr=9.95896e-05 | acc=0.8286 | pos_cos=0.287941 | neg_cos=0.220806 | ref_L2=0.000020 | ref_cos=0.994975 | ref_KL=0.002774
2025-10-01 21:27:35,133 - INFO - Task 7 Iter 520/600 | lr=2.22448e-05 | acc=0.8811 | pos_cos=0.282731 | neg_cos=0.207946 | ref_L2=0.000086 | ref_cos=0.977943 | ref_KL=0.008951
2025-10-01 21:27:36,996 - INFO - Task 5 Iter 60/1200 | lr=9.94053e-05 | acc=0.8334 | pos_cos=0.287073 | neg_cos=0.221637 | ref_L2=0.000019 | ref_cos=0.995214 | ref_KL=0.002806
2025-10-01 21:27:37,121 - INFO - Task 7 Iter 530/600 | lr=1.71738e-05 | acc=0.8911 | pos_cos=0.282904 | neg_cos=0.208226 | ref_L2=0.000085 | ref_cos=0.978260 | ref_KL=0.008638
2025-10-01 21:27:37,476 - INFO - Task 5 Iter 70/1200 | lr=0.000495933 | acc=0.8337 | pos_cos=0.279414 | neg_cos=0.217172 | ref_L2=0.000050 | ref_cos=0.987293 | ref_KL=0.006920
2025-10-01 21:27:39,045 - INFO - Task 7 Iter 540/600 | lr=1.27411e-05 | acc=0.8973 | pos_cos=0.283122 | neg_cos=0.208613 | ref_L2=0.000086 | ref_cos=0.977868 | ref_KL=0.009792
2025-10-01 21:27:39,350 - INFO - Task 5 Iter 80/1200 | lr=0.000494673 | acc=0.8226 | pos_cos=0.279509 | neg_cos=0.218314 | ref_L2=0.000049 | ref_cos=0.987494 | ref_KL=0.006522
2025-10-01 21:27:39,991 - INFO - Task 5 Iter 70/1200 | lr=9.91872e-05 | acc=0.8301 | pos_cos=0.285349 | neg_cos=0.221602 | ref_L2=0.000020 | ref_cos=0.994802 | ref_KL=0.003259
2025-10-01 21:27:41,070 - INFO - Task 7 Iter 550/600 | lr=8.95887e-06 | acc=0.8902 | pos_cos=0.284685 | neg_cos=0.209939 | ref_L2=0.000084 | ref_cos=0.978414 | ref_KL=0.008613
2025-10-01 21:27:41,426 - INFO - Task 5 Iter 90/1200 | lr=0.000493246 | acc=0.8469 | pos_cos=0.280683 | neg_cos=0.218525 | ref_L2=0.000047 | ref_cos=0.987907 | ref_KL=0.006919
2025-10-01 21:27:41,989 - INFO - Task 5 Iter 80/1200 | lr=9.89355e-05 | acc=0.8388 | pos_cos=0.286051 | neg_cos=0.222882 | ref_L2=0.000020 | ref_cos=0.995005 | ref_KL=0.002848
2025-10-01 21:27:42,846 - INFO - Task 7 Iter 560/600 | lr=5.83746e-06 | acc=0.8797 | pos_cos=0.283236 | neg_cos=0.208473 | ref_L2=0.000086 | ref_cos=0.978104 | ref_KL=0.009661
2025-10-01 21:27:43,815 - INFO - Task 5 Iter 100/1200 | lr=0.000491652 | acc=0.8682 | pos_cos=0.280300 | neg_cos=0.218384 | ref_L2=0.000048 | ref_cos=0.987631 | ref_KL=0.007036
2025-10-01 21:27:43,959 - INFO - Task 5 Iter 90/1200 | lr=9.86502e-05 | acc=0.8455 | pos_cos=0.286839 | neg_cos=0.222115 | ref_L2=0.000018 | ref_cos=0.995268 | ref_KL=0.002676
2025-10-01 21:27:44,588 - INFO - Task 7 Iter 570/600 | lr=3.38541e-06 | acc=0.8858 | pos_cos=0.284251 | neg_cos=0.209238 | ref_L2=0.000084 | ref_cos=0.978581 | ref_KL=0.009349
2025-10-01 21:27:46,099 - INFO - Task 5 Iter 100/1200 | lr=9.83317e-05 | acc=0.8760 | pos_cos=0.286734 | neg_cos=0.222476 | ref_L2=0.000018 | ref_cos=0.995372 | ref_KL=0.002536
2025-10-01 21:27:46,131 - INFO - Task 5 Iter 110/1200 | lr=0.000489892 | acc=0.8695 | pos_cos=0.279904 | neg_cos=0.218080 | ref_L2=0.000049 | ref_cos=0.987330 | ref_KL=0.006709
2025-10-01 21:27:47,480 - INFO - Task 7 Iter 580/600 | lr=1.60946e-06 | acc=0.9157 | pos_cos=0.283598 | neg_cos=0.208063 | ref_L2=0.000085 | ref_cos=0.978151 | ref_KL=0.009417
2025-10-01 21:27:48,015 - INFO - Task 5 Iter 110/1200 | lr=9.798e-05 | acc=0.8631 | pos_cos=0.285497 | neg_cos=0.222683 | ref_L2=0.000019 | ref_cos=0.995239 | ref_KL=0.002432
2025-10-01 21:27:48,189 - INFO - Task 5 Iter 120/1200 | lr=0.000487968 | acc=0.8725 | pos_cos=0.280813 | neg_cos=0.217677 | ref_L2=0.000049 | ref_cos=0.987434 | ref_KL=0.006825
2025-10-01 21:27:49,748 - INFO - Task 7 Iter 590/600 | lr=5.14463e-07 | acc=0.9112 | pos_cos=0.283141 | neg_cos=0.208350 | ref_L2=0.000083 | ref_cos=0.978636 | ref_KL=0.009541
2025-10-01 21:27:49,939 - INFO - Task 5 Iter 120/1200 | lr=9.75955e-05 | acc=0.8747 | pos_cos=0.286774 | neg_cos=0.221543 | ref_L2=0.000018 | ref_cos=0.995349 | ref_KL=0.002212
2025-10-01 21:27:50,875 - INFO - Task 5 Iter 130/1200 | lr=0.000485881 | acc=0.8572 | pos_cos=0.280799 | neg_cos=0.218480 | ref_L2=0.000050 | ref_cos=0.987238 | ref_KL=0.006932
2025-10-01 21:27:51,792 - INFO - Task 7 Iter 600/600 | lr=1.03426e-07 | acc=0.8991 | pos_cos=0.282111 | neg_cos=0.207487 | ref_L2=0.000084 | ref_cos=0.978504 | ref_KL=0.008800
2025-10-01 21:27:52,417 - INFO - Task 7 finished | total: 131.50 s | train: 130.87 s | drift: 0.00 s
2025-10-01 21:27:52,460 - INFO - Task 5 Iter 130/1200 | lr=9.71784e-05 | acc=0.8706 | pos_cos=0.286947 | neg_cos=0.222288 | ref_L2=0.000019 | ref_cos=0.995236 | ref_KL=0.002374
2025-10-01 21:27:52,907 - INFO - Task 5 Iter 140/1200 | lr=0.000483632 | acc=0.8657 | pos_cos=0.281957 | neg_cos=0.219395 | ref_L2=0.000052 | ref_cos=0.986732 | ref_KL=0.006015
2025-10-01 21:27:54,286 - INFO - Task 5 Iter 140/1200 | lr=9.6729e-05 | acc=0.8696 | pos_cos=0.287744 | neg_cos=0.222784 | ref_L2=0.000020 | ref_cos=0.994961 | ref_KL=0.002347
2025-10-01 21:27:54,621 - INFO - Task 5 Iter 150/1200 | lr=0.000481223 | acc=0.8318 | pos_cos=0.278751 | neg_cos=0.219186 | ref_L2=0.000049 | ref_cos=0.987414 | ref_KL=0.006010
2025-10-01 21:27:56,012 - INFO - Task 5 Iter 150/1200 | lr=9.62477e-05 | acc=0.8285 | pos_cos=0.285352 | neg_cos=0.223540 | ref_L2=0.000019 | ref_cos=0.995075 | ref_KL=0.002341
2025-10-01 21:27:56,308 - INFO - Task 5 Iter 160/1200 | lr=0.000478656 | acc=0.8673 | pos_cos=0.281246 | neg_cos=0.217847 | ref_L2=0.000050 | ref_cos=0.987133 | ref_KL=0.006434
2025-10-01 21:27:57,775 - INFO - Task 5 Iter 160/1200 | lr=9.57346e-05 | acc=0.8720 | pos_cos=0.286237 | neg_cos=0.222160 | ref_L2=0.000019 | ref_cos=0.995051 | ref_KL=0.002519
2025-10-01 21:27:57,973 - INFO - Task 5 Iter 170/1200 | lr=0.000475932 | acc=0.8631 | pos_cos=0.278085 | neg_cos=0.215937 | ref_L2=0.000050 | ref_cos=0.987216 | ref_KL=0.005902
2025-10-01 21:27:59,583 - INFO - Task 5 Iter 170/1200 | lr=9.51903e-05 | acc=0.8632 | pos_cos=0.284538 | neg_cos=0.220055 | ref_L2=0.000020 | ref_cos=0.994822 | ref_KL=0.002457
2025-10-01 21:27:59,718 - INFO - Task 5 Iter 180/1200 | lr=0.000473053 | acc=0.8637 | pos_cos=0.278398 | neg_cos=0.215838 | ref_L2=0.000050 | ref_cos=0.987310 | ref_KL=0.006253
2025-10-01 21:28:01,367 - INFO - Task 5 Iter 180/1200 | lr=9.4615e-05 | acc=0.8683 | pos_cos=0.284264 | neg_cos=0.220262 | ref_L2=0.000019 | ref_cos=0.995157 | ref_KL=0.002247
2025-10-01 21:28:01,443 - INFO - Task 5 Iter 190/1200 | lr=0.000470022 | acc=0.8549 | pos_cos=0.278853 | neg_cos=0.217283 | ref_L2=0.000048 | ref_cos=0.987645 | ref_KL=0.007168
2025-10-01 21:28:03,154 - INFO - Task 5 Iter 190/1200 | lr=9.40092e-05 | acc=0.8660 | pos_cos=0.284978 | neg_cos=0.222104 | ref_L2=0.000018 | ref_cos=0.995425 | ref_KL=0.002184
2025-10-01 21:28:03,878 - INFO - Task 5 Iter 200/1200 | lr=0.000466839 | acc=0.8388 | pos_cos=0.279439 | neg_cos=0.218357 | ref_L2=0.000049 | ref_cos=0.987425 | ref_KL=0.006250
2025-10-01 21:28:05,595 - INFO - Task 5 Iter 200/1200 | lr=9.33732e-05 | acc=0.8340 | pos_cos=0.285682 | neg_cos=0.223101 | ref_L2=0.000018 | ref_cos=0.995311 | ref_KL=0.002128
2025-10-01 21:28:05,647 - INFO - Task 5 Iter 210/1200 | lr=0.000463509 | acc=0.8307 | pos_cos=0.277853 | neg_cos=0.217115 | ref_L2=0.000051 | ref_cos=0.986930 | ref_KL=0.005787
2025-10-01 21:28:07,369 - INFO - Task 5 Iter 220/1200 | lr=0.000460031 | acc=0.8624 | pos_cos=0.277987 | neg_cos=0.216254 | ref_L2=0.000050 | ref_cos=0.987146 | ref_KL=0.006368
2025-10-01 21:28:07,405 - INFO - Task 5 Iter 210/1200 | lr=9.27076e-05 | acc=0.8340 | pos_cos=0.285446 | neg_cos=0.222555 | ref_L2=0.000019 | ref_cos=0.995128 | ref_KL=0.002113
2025-10-01 21:28:09,054 - INFO - Task 5 Iter 220/1200 | lr=9.20127e-05 | acc=0.8709 | pos_cos=0.285373 | neg_cos=0.222224 | ref_L2=0.000020 | ref_cos=0.994945 | ref_KL=0.002582
2025-10-01 21:28:09,181 - INFO - Task 5 Iter 230/1200 | lr=0.00045641 | acc=0.8631 | pos_cos=0.277956 | neg_cos=0.216254 | ref_L2=0.000051 | ref_cos=0.986858 | ref_KL=0.006182
2025-10-01 21:28:10,781 - INFO - Task 5 Iter 230/1200 | lr=9.1289e-05 | acc=0.8742 | pos_cos=0.285102 | neg_cos=0.221991 | ref_L2=0.000019 | ref_cos=0.995098 | ref_KL=0.002407
2025-10-01 21:28:10,927 - INFO - Task 5 Iter 240/1200 | lr=0.000452648 | acc=0.8691 | pos_cos=0.279301 | neg_cos=0.217650 | ref_L2=0.000052 | ref_cos=0.986644 | ref_KL=0.006418
2025-10-01 21:28:12,650 - INFO - Task 5 Iter 240/1200 | lr=9.05371e-05 | acc=0.8722 | pos_cos=0.285998 | neg_cos=0.223121 | ref_L2=0.000020 | ref_cos=0.994862 | ref_KL=0.002383
2025-10-01 21:28:12,986 - INFO - Task 5 Iter 250/1200 | lr=0.000448746 | acc=0.8744 | pos_cos=0.281153 | neg_cos=0.218635 | ref_L2=0.000051 | ref_cos=0.986904 | ref_KL=0.006432
2025-10-01 21:28:14,355 - INFO - Task 5 Iter 250/1200 | lr=8.97575e-05 | acc=0.8834 | pos_cos=0.285913 | neg_cos=0.222897 | ref_L2=0.000019 | ref_cos=0.995099 | ref_KL=0.002392
2025-10-01 21:28:15,546 - INFO - Task 5 Iter 260/1200 | lr=0.000444709 | acc=0.8780 | pos_cos=0.281181 | neg_cos=0.219556 | ref_L2=0.000051 | ref_cos=0.986919 | ref_KL=0.006685
2025-10-01 21:28:17,013 - INFO - Task 5 Iter 260/1200 | lr=8.89506e-05 | acc=0.8763 | pos_cos=0.286437 | neg_cos=0.223245 | ref_L2=0.000019 | ref_cos=0.995120 | ref_KL=0.002416
2025-10-01 21:28:17,347 - INFO - Task 5 Iter 270/1200 | lr=0.000440538 | acc=0.8789 | pos_cos=0.281520 | neg_cos=0.219949 | ref_L2=0.000050 | ref_cos=0.987245 | ref_KL=0.006175
2025-10-01 21:28:18,809 - INFO - Task 5 Iter 270/1200 | lr=8.81171e-05 | acc=0.8685 | pos_cos=0.284790 | neg_cos=0.222639 | ref_L2=0.000018 | ref_cos=0.995288 | ref_KL=0.002329
2025-10-01 21:28:19,051 - INFO - Task 5 Iter 280/1200 | lr=0.000436236 | acc=0.8602 | pos_cos=0.279324 | neg_cos=0.220303 | ref_L2=0.000051 | ref_cos=0.986951 | ref_KL=0.006588
2025-10-01 21:28:20,637 - INFO - Task 5 Iter 280/1200 | lr=8.72575e-05 | acc=0.8575 | pos_cos=0.283358 | neg_cos=0.222692 | ref_L2=0.000019 | ref_cos=0.995213 | ref_KL=0.002220
2025-10-01 21:28:20,769 - INFO - Task 5 Iter 290/1200 | lr=0.000431807 | acc=0.8503 | pos_cos=0.280505 | neg_cos=0.220038 | ref_L2=0.000051 | ref_cos=0.986866 | ref_KL=0.006896
2025-10-01 21:28:22,405 - INFO - Task 5 Iter 290/1200 | lr=8.63723e-05 | acc=0.8385 | pos_cos=0.283707 | neg_cos=0.222324 | ref_L2=0.000020 | ref_cos=0.994849 | ref_KL=0.002692
2025-10-01 21:28:22,572 - INFO - Task 5 Iter 300/1200 | lr=0.000427253 | acc=0.8643 | pos_cos=0.280043 | neg_cos=0.219095 | ref_L2=0.000051 | ref_cos=0.986830 | ref_KL=0.006405
2025-10-01 21:28:24,330 - INFO - Task 5 Iter 310/1200 | lr=0.000422578 | acc=0.8948 | pos_cos=0.281039 | neg_cos=0.219210 | ref_L2=0.000053 | ref_cos=0.986313 | ref_KL=0.006571
2025-10-01 21:28:24,399 - INFO - Task 5 Iter 300/1200 | lr=8.54623e-05 | acc=0.8726 | pos_cos=0.284386 | neg_cos=0.221546 | ref_L2=0.000019 | ref_cos=0.995176 | ref_KL=0.002196
2025-10-01 21:28:26,035 - INFO - Task 5 Iter 320/1200 | lr=0.000417785 | acc=0.8681 | pos_cos=0.279369 | neg_cos=0.218627 | ref_L2=0.000051 | ref_cos=0.986955 | ref_KL=0.006642
2025-10-01 21:28:26,306 - INFO - Task 5 Iter 310/1200 | lr=8.4528e-05 | acc=0.8975 | pos_cos=0.284676 | neg_cos=0.221903 | ref_L2=0.000020 | ref_cos=0.994917 | ref_KL=0.002262
2025-10-01 21:28:27,292 - INFO - Evaluating zeroshot performance after task 8
2025-10-01 21:28:28,048 - INFO - Task 5 Iter 320/1200 | lr=8.35701e-05 | acc=0.8602 | pos_cos=0.283828 | neg_cos=0.221881 | ref_L2=0.000019 | ref_cos=0.995239 | ref_KL=0.002031
2025-10-01 21:28:28,575 - INFO - Task 5 Iter 330/1200 | lr=0.000412877 | acc=0.8540 | pos_cos=0.278044 | neg_cos=0.217857 | ref_L2=0.000049 | ref_cos=0.987408 | ref_KL=0.006561
2025-10-01 21:28:30,491 - INFO - Task 5 Iter 340/1200 | lr=0.000407857 | acc=0.8526 | pos_cos=0.276894 | neg_cos=0.217268 | ref_L2=0.000051 | ref_cos=0.987061 | ref_KL=0.006739
2025-10-01 21:28:30,628 - INFO - Task 5 Iter 330/1200 | lr=8.25893e-05 | acc=0.8512 | pos_cos=0.284394 | neg_cos=0.221955 | ref_L2=0.000017 | ref_cos=0.995529 | ref_KL=0.002010
2025-10-01 21:28:32,339 - INFO - Task 5 Iter 350/1200 | lr=0.000402729 | acc=0.8354 | pos_cos=0.278199 | neg_cos=0.218763 | ref_L2=0.000052 | ref_cos=0.986596 | ref_KL=0.006511
2025-10-01 21:28:32,570 - INFO - Task 5 Iter 340/1200 | lr=8.15861e-05 | acc=0.8420 | pos_cos=0.283804 | neg_cos=0.222480 | ref_L2=0.000018 | ref_cos=0.995379 | ref_KL=0.002228
2025-10-01 21:28:34,269 - INFO - Task 5 Iter 360/1200 | lr=0.000397496 | acc=0.8548 | pos_cos=0.279074 | neg_cos=0.218591 | ref_L2=0.000052 | ref_cos=0.986693 | ref_KL=0.006895
2025-10-01 21:28:34,542 - INFO - Task 5 Iter 350/1200 | lr=8.05613e-05 | acc=0.8492 | pos_cos=0.285035 | neg_cos=0.223907 | ref_L2=0.000020 | ref_cos=0.994950 | ref_KL=0.002271
2025-10-01 21:28:36,155 - INFO - Task 5 Iter 370/1200 | lr=0.000392162 | acc=0.8782 | pos_cos=0.280955 | neg_cos=0.219238 | ref_L2=0.000052 | ref_cos=0.986800 | ref_KL=0.006339
2025-10-01 21:28:36,519 - INFO - Task 5 Iter 360/1200 | lr=7.95156e-05 | acc=0.8619 | pos_cos=0.284884 | neg_cos=0.223455 | ref_L2=0.000019 | ref_cos=0.995176 | ref_KL=0.002088
2025-10-01 21:28:37,927 - INFO - Task 5 Iter 380/1200 | lr=0.000386731 | acc=0.8719 | pos_cos=0.279325 | neg_cos=0.219078 | ref_L2=0.000053 | ref_cos=0.986356 | ref_KL=0.006540
2025-10-01 21:28:38,238 - INFO - Task 5 Iter 370/1200 | lr=7.84497e-05 | acc=0.8898 | pos_cos=0.286505 | neg_cos=0.223374 | ref_L2=0.000018 | ref_cos=0.995346 | ref_KL=0.001915
2025-10-01 21:28:40,001 - INFO - Task 5 Iter 380/1200 | lr=7.73643e-05 | acc=0.8660 | pos_cos=0.285791 | neg_cos=0.223327 | ref_L2=0.000019 | ref_cos=0.995159 | ref_KL=0.002208
2025-10-01 21:28:40,275 - INFO - Task 5 Iter 390/1200 | lr=0.000381206 | acc=0.8491 | pos_cos=0.279297 | neg_cos=0.218330 | ref_L2=0.000050 | ref_cos=0.987102 | ref_KL=0.006711
2025-10-01 21:28:41,983 - INFO - Task 5 Iter 400/1200 | lr=0.000375591 | acc=0.8580 | pos_cos=0.278782 | neg_cos=0.218432 | ref_L2=0.000050 | ref_cos=0.987073 | ref_KL=0.006155
2025-10-01 21:28:42,618 - INFO - Task 5 Iter 390/1200 | lr=7.62602e-05 | acc=0.8494 | pos_cos=0.284344 | neg_cos=0.222910 | ref_L2=0.000018 | ref_cos=0.995381 | ref_KL=0.002094
2025-10-01 21:28:43,763 - INFO - Task 5 Iter 410/1200 | lr=0.00036989 | acc=0.8769 | pos_cos=0.280152 | neg_cos=0.219400 | ref_L2=0.000051 | ref_cos=0.986914 | ref_KL=0.005820
2025-10-01 21:28:44,562 - INFO - Task 5 Iter 400/1200 | lr=7.51382e-05 | acc=0.8678 | pos_cos=0.284821 | neg_cos=0.222517 | ref_L2=0.000018 | ref_cos=0.995269 | ref_KL=0.002081
2025-10-01 21:28:45,458 - INFO - Task 5 Iter 420/1200 | lr=0.000364108 | acc=0.8673 | pos_cos=0.280116 | neg_cos=0.218991 | ref_L2=0.000052 | ref_cos=0.986723 | ref_KL=0.006522
2025-10-01 21:28:46,368 - INFO - Task 5 Iter 410/1200 | lr=7.39989e-05 | acc=0.8772 | pos_cos=0.285954 | neg_cos=0.223136 | ref_L2=0.000018 | ref_cos=0.995344 | ref_KL=0.001980
2025-10-01 21:28:47,107 - INFO - Task 5 Iter 430/1200 | lr=0.000358247 | acc=0.8491 | pos_cos=0.277334 | neg_cos=0.218053 | ref_L2=0.000052 | ref_cos=0.986775 | ref_KL=0.006505
2025-10-01 21:28:48,266 - INFO - Task 5 Iter 420/1200 | lr=7.28433e-05 | acc=0.8672 | pos_cos=0.284249 | neg_cos=0.221959 | ref_L2=0.000019 | ref_cos=0.995129 | ref_KL=0.002096
2025-10-01 21:28:48,827 - INFO - Task 5 Iter 440/1200 | lr=0.000352311 | acc=0.8645 | pos_cos=0.278296 | neg_cos=0.218667 | ref_L2=0.000051 | ref_cos=0.986819 | ref_KL=0.006117
2025-10-01 21:28:50,223 - INFO - Task 5 Iter 430/1200 | lr=7.1672e-05 | acc=0.8583 | pos_cos=0.282285 | neg_cos=0.221453 | ref_L2=0.000018 | ref_cos=0.995395 | ref_KL=0.001940
2025-10-01 21:28:50,957 - INFO -   fgvc_aircraft: 40.77%
2025-10-01 21:28:51,195 - INFO - Task 5 Iter 450/1200 | lr=0.000346306 | acc=0.8870 | pos_cos=0.278872 | neg_cos=0.217681 | ref_L2=0.000053 | ref_cos=0.986382 | ref_KL=0.006726
2025-10-01 21:28:52,099 - INFO - Task 5 Iter 440/1200 | lr=7.04859e-05 | acc=0.8686 | pos_cos=0.283163 | neg_cos=0.221636 | ref_L2=0.000018 | ref_cos=0.995392 | ref_KL=0.001965
2025-10-01 21:28:52,977 - INFO - Task 5 Iter 460/1200 | lr=0.000340235 | acc=0.8805 | pos_cos=0.277585 | neg_cos=0.217836 | ref_L2=0.000053 | ref_cos=0.986423 | ref_KL=0.006179
2025-10-01 21:28:54,499 - INFO - Task 5 Iter 450/1200 | lr=6.92858e-05 | acc=0.8789 | pos_cos=0.283464 | neg_cos=0.220760 | ref_L2=0.000019 | ref_cos=0.995119 | ref_KL=0.001889
2025-10-01 21:28:54,748 - INFO - Task 5 Iter 470/1200 | lr=0.000334102 | acc=0.8774 | pos_cos=0.278292 | neg_cos=0.217478 | ref_L2=0.000052 | ref_cos=0.986780 | ref_KL=0.006012
2025-10-01 21:28:56,415 - INFO - Task 5 Iter 460/1200 | lr=6.80725e-05 | acc=0.8709 | pos_cos=0.282639 | neg_cos=0.221087 | ref_L2=0.000019 | ref_cos=0.995108 | ref_KL=0.002067
2025-10-01 21:28:56,600 - INFO - Task 5 Iter 480/1200 | lr=0.000327911 | acc=0.8758 | pos_cos=0.278338 | neg_cos=0.217977 | ref_L2=0.000053 | ref_cos=0.986472 | ref_KL=0.005987
2025-10-01 21:28:58,260 - INFO - Task 5 Iter 470/1200 | lr=6.68469e-05 | acc=0.8713 | pos_cos=0.282219 | neg_cos=0.220214 | ref_L2=0.000019 | ref_cos=0.995068 | ref_KL=0.001817
2025-10-01 21:28:58,345 - INFO - Task 5 Iter 490/1200 | lr=0.000321667 | acc=0.8601 | pos_cos=0.276862 | neg_cos=0.217139 | ref_L2=0.000051 | ref_cos=0.987039 | ref_KL=0.007059
2025-10-01 21:29:00,153 - INFO - Task 5 Iter 500/1200 | lr=0.000315374 | acc=0.8564 | pos_cos=0.276037 | neg_cos=0.216503 | ref_L2=0.000050 | ref_cos=0.987089 | ref_KL=0.006079
2025-10-01 21:29:00,242 - INFO - Task 5 Iter 480/1200 | lr=6.56097e-05 | acc=0.8628 | pos_cos=0.282471 | neg_cos=0.220728 | ref_L2=0.000018 | ref_cos=0.995367 | ref_KL=0.001768
2025-10-01 21:29:01,875 - INFO - Task 5 Iter 510/1200 | lr=0.000309036 | acc=0.8679 | pos_cos=0.277236 | neg_cos=0.216321 | ref_L2=0.000051 | ref_cos=0.986870 | ref_KL=0.005921
2025-10-01 21:29:02,201 - INFO - Task 5 Iter 490/1200 | lr=6.43619e-05 | acc=0.8688 | pos_cos=0.282506 | neg_cos=0.221022 | ref_L2=0.000018 | ref_cos=0.995323 | ref_KL=0.001974
2025-10-01 21:29:04,045 - INFO - Task 5 Iter 500/1200 | lr=6.31043e-05 | acc=0.8584 | pos_cos=0.282868 | neg_cos=0.221071 | ref_L2=0.000017 | ref_cos=0.995527 | ref_KL=0.001820
2025-10-01 21:29:04,345 - INFO - Task 5 Iter 520/1200 | lr=0.000302657 | acc=0.8749 | pos_cos=0.275576 | neg_cos=0.215474 | ref_L2=0.000052 | ref_cos=0.986605 | ref_KL=0.005703
2025-10-01 21:29:05,092 - INFO -   caltech-101: 91.21%
2025-10-01 21:29:05,996 - INFO - Task 5 Iter 510/1200 | lr=6.18377e-05 | acc=0.8509 | pos_cos=0.283167 | neg_cos=0.221334 | ref_L2=0.000018 | ref_cos=0.995269 | ref_KL=0.001887
2025-10-01 21:29:06,148 - INFO - Task 5 Iter 530/1200 | lr=0.000296243 | acc=0.8667 | pos_cos=0.275927 | neg_cos=0.215871 | ref_L2=0.000052 | ref_cos=0.986725 | ref_KL=0.005356
2025-10-01 21:29:07,947 - INFO - Task 5 Iter 540/1200 | lr=0.000289797 | acc=0.8873 | pos_cos=0.277283 | neg_cos=0.215589 | ref_L2=0.000051 | ref_cos=0.986896 | ref_KL=0.005455
2025-10-01 21:29:08,608 - INFO - Task 5 Iter 520/1200 | lr=6.05631e-05 | acc=0.8810 | pos_cos=0.283620 | neg_cos=0.221163 | ref_L2=0.000019 | ref_cos=0.995088 | ref_KL=0.002060
2025-10-01 21:29:09,660 - INFO - Task 5 Iter 550/1200 | lr=0.000283324 | acc=0.8860 | pos_cos=0.276286 | neg_cos=0.215059 | ref_L2=0.000052 | ref_cos=0.986785 | ref_KL=0.005856
2025-10-01 21:29:10,631 - INFO -   dtd: 69.36%
2025-10-01 21:29:10,653 - INFO - Task 5 Iter 530/1200 | lr=5.92812e-05 | acc=0.8776 | pos_cos=0.283727 | neg_cos=0.221896 | ref_L2=0.000018 | ref_cos=0.995394 | ref_KL=0.001809
2025-10-01 21:29:11,344 - INFO - Task 5 Iter 560/1200 | lr=0.000276828 | acc=0.8781 | pos_cos=0.276100 | neg_cos=0.215903 | ref_L2=0.000053 | ref_cos=0.986511 | ref_KL=0.005912
2025-10-01 21:29:12,493 - INFO - Task 5 Iter 540/1200 | lr=5.7993e-05 | acc=0.8795 | pos_cos=0.283639 | neg_cos=0.221465 | ref_L2=0.000018 | ref_cos=0.995361 | ref_KL=0.001821
2025-10-01 21:29:13,015 - INFO - Task 5 Iter 570/1200 | lr=0.000270313 | acc=0.8530 | pos_cos=0.275754 | neg_cos=0.216061 | ref_L2=0.000052 | ref_cos=0.986755 | ref_KL=0.005794
2025-10-01 21:29:14,431 - INFO - Task 5 Iter 550/1200 | lr=5.66994e-05 | acc=0.8753 | pos_cos=0.283702 | neg_cos=0.220607 | ref_L2=0.000019 | ref_cos=0.995180 | ref_KL=0.001845
2025-10-01 21:29:15,323 - INFO - Task 5 Iter 580/1200 | lr=0.000263785 | acc=0.8776 | pos_cos=0.274578 | neg_cos=0.215402 | ref_L2=0.000051 | ref_cos=0.986898 | ref_KL=0.005562
2025-10-01 21:29:16,462 - INFO - Task 5 Iter 560/1200 | lr=5.54012e-05 | acc=0.8696 | pos_cos=0.282483 | neg_cos=0.221028 | ref_L2=0.000019 | ref_cos=0.995209 | ref_KL=0.001977
2025-10-01 21:29:17,072 - INFO - Task 5 Iter 590/1200 | lr=0.000257247 | acc=0.8749 | pos_cos=0.276016 | neg_cos=0.216016 | ref_L2=0.000051 | ref_cos=0.987026 | ref_KL=0.005101
2025-10-01 21:29:18,350 - INFO - Task 5 Iter 570/1200 | lr=5.40994e-05 | acc=0.8465 | pos_cos=0.282029 | neg_cos=0.220954 | ref_L2=0.000017 | ref_cos=0.995537 | ref_KL=0.002252
2025-10-01 21:29:18,875 - INFO - Task 5 Iter 600/1200 | lr=0.000250704 | acc=0.8510 | pos_cos=0.276357 | neg_cos=0.216736 | ref_L2=0.000050 | ref_cos=0.987175 | ref_KL=0.005331
2025-10-01 21:29:20,601 - INFO - Task 5 Iter 610/1200 | lr=0.000244161 | acc=0.8628 | pos_cos=0.275791 | neg_cos=0.216635 | ref_L2=0.000052 | ref_cos=0.986809 | ref_KL=0.005826
2025-10-01 21:29:21,034 - INFO - Task 5 Iter 580/1200 | lr=5.27948e-05 | acc=0.8735 | pos_cos=0.281820 | neg_cos=0.220539 | ref_L2=0.000017 | ref_cos=0.995545 | ref_KL=0.001926
2025-10-01 21:29:21,239 - INFO -   eurosat: 96.22%
2025-10-01 21:29:22,317 - INFO - Task 5 Iter 620/1200 | lr=0.000237622 | acc=0.8495 | pos_cos=0.275956 | neg_cos=0.216485 | ref_L2=0.000053 | ref_cos=0.986344 | ref_KL=0.005721
2025-10-01 21:29:22,844 - INFO - Task 5 Iter 590/1200 | lr=5.14883e-05 | acc=0.8651 | pos_cos=0.280918 | neg_cos=0.220235 | ref_L2=0.000017 | ref_cos=0.995702 | ref_KL=0.001673
2025-10-01 21:29:24,198 - INFO - Task 5 Iter 630/1200 | lr=0.000231092 | acc=0.8665 | pos_cos=0.275063 | neg_cos=0.216478 | ref_L2=0.000052 | ref_cos=0.986565 | ref_KL=0.006288
2025-10-01 21:29:24,915 - INFO - Task 5 Iter 600/1200 | lr=5.01808e-05 | acc=0.8403 | pos_cos=0.281082 | neg_cos=0.220116 | ref_L2=0.000016 | ref_cos=0.995783 | ref_KL=0.001611
2025-10-01 21:29:25,929 - INFO - Task 5 Iter 640/1200 | lr=0.000224574 | acc=0.8712 | pos_cos=0.276370 | neg_cos=0.216113 | ref_L2=0.000052 | ref_cos=0.986691 | ref_KL=0.005631
2025-10-01 21:29:26,705 - INFO - Task 5 Iter 610/1200 | lr=4.88732e-05 | acc=0.8588 | pos_cos=0.280828 | neg_cos=0.220121 | ref_L2=0.000018 | ref_cos=0.995501 | ref_KL=0.001903
2025-10-01 21:29:28,258 - INFO - Task 5 Iter 650/1200 | lr=0.000218074 | acc=0.8768 | pos_cos=0.276217 | neg_cos=0.215775 | ref_L2=0.000052 | ref_cos=0.986722 | ref_KL=0.005966
2025-10-01 21:29:28,682 - INFO - Task 5 Iter 620/1200 | lr=4.75664e-05 | acc=0.8582 | pos_cos=0.281127 | neg_cos=0.220182 | ref_L2=0.000019 | ref_cos=0.995240 | ref_KL=0.001804
2025-10-01 21:29:30,129 - INFO - Task 5 Iter 660/1200 | lr=0.000211596 | acc=0.8785 | pos_cos=0.275555 | neg_cos=0.215671 | ref_L2=0.000050 | ref_cos=0.987185 | ref_KL=0.005672
2025-10-01 21:29:30,634 - INFO - Task 5 Iter 630/1200 | lr=4.62613e-05 | acc=0.8715 | pos_cos=0.280545 | neg_cos=0.220229 | ref_L2=0.000018 | ref_cos=0.995314 | ref_KL=0.001962
2025-10-01 21:29:32,048 - INFO - Task 5 Iter 670/1200 | lr=0.000205144 | acc=0.8724 | pos_cos=0.276687 | neg_cos=0.216305 | ref_L2=0.000050 | ref_cos=0.987122 | ref_KL=0.005437
2025-10-01 21:29:32,645 - INFO - Task 5 Iter 640/1200 | lr=4.49589e-05 | acc=0.8554 | pos_cos=0.281058 | neg_cos=0.219717 | ref_L2=0.000018 | ref_cos=0.995267 | ref_KL=0.001894
2025-10-01 21:29:33,809 - INFO - Task 5 Iter 680/1200 | lr=0.000198723 | acc=0.8584 | pos_cos=0.274550 | neg_cos=0.216067 | ref_L2=0.000052 | ref_cos=0.986576 | ref_KL=0.005577
2025-10-01 21:29:35,281 - INFO - Task 5 Iter 650/1200 | lr=4.36599e-05 | acc=0.8764 | pos_cos=0.281957 | neg_cos=0.219624 | ref_L2=0.000019 | ref_cos=0.995227 | ref_KL=0.001890
2025-10-01 21:29:35,706 - INFO - Task 5 Iter 690/1200 | lr=0.000192337 | acc=0.8628 | pos_cos=0.275318 | neg_cos=0.216194 | ref_L2=0.000051 | ref_cos=0.986959 | ref_KL=0.005781
2025-10-01 21:29:37,229 - INFO - Task 5 Iter 660/1200 | lr=4.23653e-05 | acc=0.8693 | pos_cos=0.281471 | neg_cos=0.219431 | ref_L2=0.000017 | ref_cos=0.995691 | ref_KL=0.001687
2025-10-01 21:29:37,623 - INFO - Task 5 Iter 700/1200 | lr=0.00018599 | acc=0.8709 | pos_cos=0.276294 | neg_cos=0.215863 | ref_L2=0.000050 | ref_cos=0.987255 | ref_KL=0.005642
2025-10-01 21:29:38,888 - INFO -   oxford_flower102: 88.14%
2025-10-01 21:29:39,072 - INFO - Task 5 Iter 670/1200 | lr=4.10759e-05 | acc=0.8700 | pos_cos=0.281073 | neg_cos=0.219467 | ref_L2=0.000018 | ref_cos=0.995446 | ref_KL=0.001834
2025-10-01 21:29:40,114 - INFO - Task 5 Iter 710/1200 | lr=0.000179688 | acc=0.8835 | pos_cos=0.276057 | neg_cos=0.215965 | ref_L2=0.000051 | ref_cos=0.986944 | ref_KL=0.005696
2025-10-01 21:29:40,989 - INFO - Task 5 Iter 680/1200 | lr=3.97928e-05 | acc=0.8647 | pos_cos=0.279238 | neg_cos=0.219404 | ref_L2=0.000019 | ref_cos=0.995221 | ref_KL=0.001886
2025-10-01 21:29:42,082 - INFO - Task 5 Iter 720/1200 | lr=0.000173434 | acc=0.8825 | pos_cos=0.275720 | neg_cos=0.215041 | ref_L2=0.000051 | ref_cos=0.987053 | ref_KL=0.006377
2025-10-01 21:29:43,054 - INFO - Task 5 Iter 690/1200 | lr=3.85166e-05 | acc=0.8542 | pos_cos=0.279483 | neg_cos=0.219546 | ref_L2=0.000018 | ref_cos=0.995419 | ref_KL=0.001749
2025-10-01 21:29:43,802 - INFO - Task 5 Iter 730/1200 | lr=0.000167232 | acc=0.8665 | pos_cos=0.274399 | neg_cos=0.214464 | ref_L2=0.000050 | ref_cos=0.987219 | ref_KL=0.005814
2025-10-01 21:29:45,057 - INFO - Task 5 Iter 700/1200 | lr=3.72483e-05 | acc=0.8694 | pos_cos=0.280757 | neg_cos=0.219391 | ref_L2=0.000018 | ref_cos=0.995474 | ref_KL=0.001722
2025-10-01 21:29:45,492 - INFO - Task 5 Iter 740/1200 | lr=0.000161087 | acc=0.8743 | pos_cos=0.273981 | neg_cos=0.214111 | ref_L2=0.000048 | ref_cos=0.987615 | ref_KL=0.005645
2025-10-01 21:29:47,231 - INFO - Task 5 Iter 750/1200 | lr=0.000155003 | acc=0.8814 | pos_cos=0.274077 | neg_cos=0.214057 | ref_L2=0.000052 | ref_cos=0.986666 | ref_KL=0.005979
2025-10-01 21:29:47,709 - INFO - Task 5 Iter 710/1200 | lr=3.59889e-05 | acc=0.8828 | pos_cos=0.280780 | neg_cos=0.219610 | ref_L2=0.000017 | ref_cos=0.995523 | ref_KL=0.001683
2025-10-01 21:29:48,925 - INFO - Task 5 Iter 760/1200 | lr=0.000148984 | acc=0.8815 | pos_cos=0.274145 | neg_cos=0.213752 | ref_L2=0.000052 | ref_cos=0.986735 | ref_KL=0.005777
2025-10-01 21:29:49,561 - INFO - Task 5 Iter 720/1200 | lr=3.4739e-05 | acc=0.8791 | pos_cos=0.281004 | neg_cos=0.219158 | ref_L2=0.000018 | ref_cos=0.995439 | ref_KL=0.001711
2025-10-01 21:29:51,230 - INFO - Task 5 Iter 770/1200 | lr=0.000143035 | acc=0.9133 | pos_cos=0.275521 | neg_cos=0.213929 | ref_L2=0.000051 | ref_cos=0.987068 | ref_KL=0.005734
2025-10-01 21:29:51,385 - INFO - Task 5 Iter 730/1200 | lr=3.34997e-05 | acc=0.8663 | pos_cos=0.280111 | neg_cos=0.218499 | ref_L2=0.000017 | ref_cos=0.995641 | ref_KL=0.001647
2025-10-01 21:29:53,063 - INFO - Task 5 Iter 780/1200 | lr=0.000137159 | acc=0.8730 | pos_cos=0.274359 | neg_cos=0.214019 | ref_L2=0.000050 | ref_cos=0.987311 | ref_KL=0.005313
2025-10-01 21:29:53,417 - INFO - Task 5 Iter 740/1200 | lr=3.22717e-05 | acc=0.8697 | pos_cos=0.280359 | neg_cos=0.218592 | ref_L2=0.000017 | ref_cos=0.995723 | ref_KL=0.001706
2025-10-01 21:29:54,977 - INFO - Task 5 Iter 790/1200 | lr=0.00013136 | acc=0.8778 | pos_cos=0.273587 | neg_cos=0.213700 | ref_L2=0.000052 | ref_cos=0.986616 | ref_KL=0.004730
2025-10-01 21:29:55,432 - INFO - Task 5 Iter 750/1200 | lr=3.10558e-05 | acc=0.8800 | pos_cos=0.280124 | neg_cos=0.218540 | ref_L2=0.000018 | ref_cos=0.995408 | ref_KL=0.001751
2025-10-01 21:29:56,770 - INFO - Task 5 Iter 800/1200 | lr=0.000125642 | acc=0.8839 | pos_cos=0.274182 | neg_cos=0.213797 | ref_L2=0.000053 | ref_cos=0.986452 | ref_KL=0.004714
2025-10-01 21:29:57,108 - INFO - Task 5 Iter 760/1200 | lr=2.9853e-05 | acc=0.8858 | pos_cos=0.280347 | neg_cos=0.218476 | ref_L2=0.000018 | ref_cos=0.995318 | ref_KL=0.002065
2025-10-01 21:29:58,581 - INFO - Task 5 Iter 810/1200 | lr=0.00012001 | acc=0.8766 | pos_cos=0.274694 | neg_cos=0.214248 | ref_L2=0.000051 | ref_cos=0.986987 | ref_KL=0.005068
2025-10-01 21:29:59,646 - INFO - Task 5 Iter 770/1200 | lr=2.86641e-05 | acc=0.9152 | pos_cos=0.281530 | neg_cos=0.218435 | ref_L2=0.000017 | ref_cos=0.995585 | ref_KL=0.001854
2025-10-01 21:30:00,253 - INFO - Task 5 Iter 820/1200 | lr=0.000114467 | acc=0.8769 | pos_cos=0.273254 | neg_cos=0.214537 | ref_L2=0.000050 | ref_cos=0.987161 | ref_KL=0.004992
2025-10-01 21:30:01,551 - INFO - Task 5 Iter 780/1200 | lr=2.74898e-05 | acc=0.8825 | pos_cos=0.281005 | neg_cos=0.218552 | ref_L2=0.000018 | ref_cos=0.995427 | ref_KL=0.001893
2025-10-01 21:30:01,949 - INFO - Task 5 Iter 830/1200 | lr=0.000109017 | acc=0.8867 | pos_cos=0.273254 | neg_cos=0.213994 | ref_L2=0.000050 | ref_cos=0.987169 | ref_KL=0.005611
2025-10-01 21:30:03,347 - INFO - Task 5 Iter 790/1200 | lr=2.63309e-05 | acc=0.8775 | pos_cos=0.279816 | neg_cos=0.218374 | ref_L2=0.000018 | ref_cos=0.995479 | ref_KL=0.001668
2025-10-01 21:30:04,225 - INFO - Task 5 Iter 840/1200 | lr=0.000103663 | acc=0.8708 | pos_cos=0.273724 | neg_cos=0.214152 | ref_L2=0.000050 | ref_cos=0.987227 | ref_KL=0.005353
2025-10-01 21:30:05,274 - INFO - Task 5 Iter 800/1200 | lr=2.51883e-05 | acc=0.8688 | pos_cos=0.280195 | neg_cos=0.218398 | ref_L2=0.000018 | ref_cos=0.995303 | ref_KL=0.001557
2025-10-01 21:30:05,931 - INFO - Task 5 Iter 850/1200 | lr=9.84097e-05 | acc=0.8593 | pos_cos=0.274206 | neg_cos=0.214538 | ref_L2=0.000051 | ref_cos=0.986901 | ref_KL=0.005127
2025-10-01 21:30:07,066 - INFO - Task 5 Iter 810/1200 | lr=2.40628e-05 | acc=0.8685 | pos_cos=0.280453 | neg_cos=0.218854 | ref_L2=0.000018 | ref_cos=0.995265 | ref_KL=0.001571
2025-10-01 21:30:07,867 - INFO - Task 5 Iter 860/1200 | lr=9.32604e-05 | acc=0.8641 | pos_cos=0.273533 | neg_cos=0.213883 | ref_L2=0.000050 | ref_cos=0.987091 | ref_KL=0.004983
2025-10-01 21:30:08,896 - INFO - Task 5 Iter 820/1200 | lr=2.2955e-05 | acc=0.8723 | pos_cos=0.279371 | neg_cos=0.219089 | ref_L2=0.000018 | ref_cos=0.995500 | ref_KL=0.001588
2025-10-01 21:30:09,863 - INFO - Task 5 Iter 870/1200 | lr=8.82186e-05 | acc=0.8956 | pos_cos=0.274864 | neg_cos=0.214149 | ref_L2=0.000050 | ref_cos=0.987079 | ref_KL=0.004969
2025-10-01 21:30:10,669 - INFO - Task 5 Iter 830/1200 | lr=2.18659e-05 | acc=0.8714 | pos_cos=0.279075 | neg_cos=0.218388 | ref_L2=0.000017 | ref_cos=0.995702 | ref_KL=0.001652
2025-10-01 21:30:11,699 - INFO - Task 5 Iter 880/1200 | lr=8.32877e-05 | acc=0.8778 | pos_cos=0.275478 | neg_cos=0.214329 | ref_L2=0.000051 | ref_cos=0.986987 | ref_KL=0.004794
2025-10-01 21:30:13,366 - INFO - Task 5 Iter 840/1200 | lr=2.0796e-05 | acc=0.8709 | pos_cos=0.279888 | neg_cos=0.218846 | ref_L2=0.000017 | ref_cos=0.995650 | ref_KL=0.001563
2025-10-01 21:30:13,617 - INFO - Task 5 Iter 890/1200 | lr=7.8471e-05 | acc=0.8722 | pos_cos=0.275353 | neg_cos=0.214795 | ref_L2=0.000051 | ref_cos=0.986839 | ref_KL=0.004810
2025-10-01 21:30:15,252 - INFO - Task 5 Iter 850/1200 | lr=1.97462e-05 | acc=0.8505 | pos_cos=0.279361 | neg_cos=0.218796 | ref_L2=0.000017 | ref_cos=0.995644 | ref_KL=0.001591
2025-10-01 21:30:16,092 - INFO - Task 5 Iter 900/1200 | lr=7.3772e-05 | acc=0.8903 | pos_cos=0.275030 | neg_cos=0.214595 | ref_L2=0.000050 | ref_cos=0.987248 | ref_KL=0.004729
2025-10-01 21:30:16,969 - INFO - Task 5 Iter 860/1200 | lr=1.87172e-05 | acc=0.8580 | pos_cos=0.278952 | neg_cos=0.218322 | ref_L2=0.000018 | ref_cos=0.995332 | ref_KL=0.001657
2025-10-01 21:30:18,100 - INFO - Task 5 Iter 910/1200 | lr=6.91937e-05 | acc=0.8735 | pos_cos=0.273389 | neg_cos=0.214262 | ref_L2=0.000051 | ref_cos=0.986887 | ref_KL=0.004646
2025-10-01 21:30:18,777 - INFO - Task 5 Iter 870/1200 | lr=1.77096e-05 | acc=0.8808 | pos_cos=0.280428 | neg_cos=0.218468 | ref_L2=0.000018 | ref_cos=0.995401 | ref_KL=0.001919
2025-10-01 21:30:19,893 - INFO - Task 5 Iter 920/1200 | lr=6.47394e-05 | acc=0.8819 | pos_cos=0.274507 | neg_cos=0.215045 | ref_L2=0.000051 | ref_cos=0.986901 | ref_KL=0.006003
2025-10-01 21:30:20,674 - INFO - Task 5 Iter 880/1200 | lr=1.67242e-05 | acc=0.8687 | pos_cos=0.280690 | neg_cos=0.218491 | ref_L2=0.000017 | ref_cos=0.995523 | ref_KL=0.001793
2025-10-01 21:30:21,713 - INFO - Task 5 Iter 930/1200 | lr=6.04122e-05 | acc=0.8515 | pos_cos=0.274638 | neg_cos=0.215055 | ref_L2=0.000051 | ref_cos=0.986987 | ref_KL=0.005445
2025-10-01 21:30:22,752 - INFO - Task 5 Iter 890/1200 | lr=1.57617e-05 | acc=0.8577 | pos_cos=0.280750 | neg_cos=0.218796 | ref_L2=0.000018 | ref_cos=0.995499 | ref_KL=0.001581
2025-10-01 21:30:23,460 - INFO - Task 5 Iter 940/1200 | lr=5.62148e-05 | acc=0.8727 | pos_cos=0.274187 | neg_cos=0.214751 | ref_L2=0.000051 | ref_cos=0.986889 | ref_KL=0.005158
2025-10-01 21:30:25,259 - INFO - Task 5 Iter 950/1200 | lr=5.21504e-05 | acc=0.8738 | pos_cos=0.273650 | neg_cos=0.214360 | ref_L2=0.000050 | ref_cos=0.987319 | ref_KL=0.005089
2025-10-01 21:30:25,465 - INFO - Task 5 Iter 900/1200 | lr=1.48226e-05 | acc=0.8715 | pos_cos=0.281475 | neg_cos=0.218983 | ref_L2=0.000017 | ref_cos=0.995659 | ref_KL=0.001655
2025-10-01 21:30:26,997 - INFO - Task 5 Iter 960/1200 | lr=4.82215e-05 | acc=0.8822 | pos_cos=0.273750 | neg_cos=0.214287 | ref_L2=0.000048 | ref_cos=0.987630 | ref_KL=0.004934
2025-10-01 21:30:27,406 - INFO - Task 5 Iter 910/1200 | lr=1.39077e-05 | acc=0.8692 | pos_cos=0.280210 | neg_cos=0.219093 | ref_L2=0.000018 | ref_cos=0.995498 | ref_KL=0.001679
2025-10-01 21:30:29,264 - INFO - Task 5 Iter 970/1200 | lr=4.4431e-05 | acc=0.8744 | pos_cos=0.273416 | neg_cos=0.213993 | ref_L2=0.000049 | ref_cos=0.987454 | ref_KL=0.004860
2025-10-01 21:30:29,402 - INFO - Task 5 Iter 920/1200 | lr=1.30175e-05 | acc=0.8820 | pos_cos=0.281055 | neg_cos=0.220038 | ref_L2=0.000018 | ref_cos=0.995323 | ref_KL=0.001708
2025-10-01 21:30:30,921 - INFO - Task 5 Iter 980/1200 | lr=4.07814e-05 | acc=0.8681 | pos_cos=0.273595 | neg_cos=0.213808 | ref_L2=0.000051 | ref_cos=0.987006 | ref_KL=0.004751
2025-10-01 21:30:31,346 - INFO - Task 5 Iter 930/1200 | lr=1.21528e-05 | acc=0.8530 | pos_cos=0.280688 | neg_cos=0.219718 | ref_L2=0.000018 | ref_cos=0.995296 | ref_KL=0.001731
2025-10-01 21:30:32,639 - INFO - Task 5 Iter 990/1200 | lr=3.72752e-05 | acc=0.8714 | pos_cos=0.274294 | neg_cos=0.214021 | ref_L2=0.000051 | ref_cos=0.987007 | ref_KL=0.004883
2025-10-01 21:30:33,297 - INFO - Task 5 Iter 940/1200 | lr=1.1314e-05 | acc=0.8540 | pos_cos=0.279915 | neg_cos=0.219377 | ref_L2=0.000018 | ref_cos=0.995500 | ref_KL=0.001726
2025-10-01 21:30:34,178 - INFO -   food101: 89.95%
2025-10-01 21:30:34,302 - INFO - Task 5 Iter 1000/1200 | lr=3.39149e-05 | acc=0.8960 | pos_cos=0.274567 | neg_cos=0.214059 | ref_L2=0.000050 | ref_cos=0.987120 | ref_KL=0.005260
2025-10-01 21:30:35,194 - INFO - Task 5 Iter 950/1200 | lr=1.05017e-05 | acc=0.8723 | pos_cos=0.279672 | neg_cos=0.219033 | ref_L2=0.000017 | ref_cos=0.995754 | ref_KL=0.001802
2025-10-01 21:30:36,056 - INFO - Task 5 Iter 1010/1200 | lr=3.07027e-05 | acc=0.8950 | pos_cos=0.275025 | neg_cos=0.214656 | ref_L2=0.000050 | ref_cos=0.987088 | ref_KL=0.005380
2025-10-01 21:30:37,172 - INFO - Task 5 Iter 960/1200 | lr=9.7166e-06 | acc=0.8695 | pos_cos=0.279687 | neg_cos=0.219064 | ref_L2=0.000016 | ref_cos=0.995835 | ref_KL=0.001694
2025-10-01 21:30:37,768 - INFO - Task 5 Iter 1020/1200 | lr=2.76408e-05 | acc=0.8911 | pos_cos=0.274427 | neg_cos=0.214394 | ref_L2=0.000049 | ref_cos=0.987396 | ref_KL=0.005411
2025-10-01 21:30:39,761 - INFO - Task 5 Iter 970/1200 | lr=8.95911e-06 | acc=0.8697 | pos_cos=0.279266 | neg_cos=0.218809 | ref_L2=0.000017 | ref_cos=0.995766 | ref_KL=0.001548
2025-10-01 21:30:40,151 - INFO - Task 5 Iter 1030/1200 | lr=2.47313e-05 | acc=0.8743 | pos_cos=0.274233 | neg_cos=0.214166 | ref_L2=0.000049 | ref_cos=0.987521 | ref_KL=0.004640
2025-10-01 21:30:41,829 - INFO - Task 5 Iter 980/1200 | lr=8.22977e-06 | acc=0.8685 | pos_cos=0.279600 | neg_cos=0.218520 | ref_L2=0.000018 | ref_cos=0.995427 | ref_KL=0.001694
2025-10-01 21:30:41,922 - INFO - Task 5 Iter 1040/1200 | lr=2.19763e-05 | acc=0.8604 | pos_cos=0.273892 | neg_cos=0.214419 | ref_L2=0.000049 | ref_cos=0.987492 | ref_KL=0.005136
2025-10-01 21:30:42,910 - INFO -   oxford_pets: 94.33%
2025-10-01 21:30:43,639 - INFO - Task 5 Iter 1050/1200 | lr=1.93775e-05 | acc=0.8498 | pos_cos=0.273577 | neg_cos=0.213868 | ref_L2=0.000051 | ref_cos=0.987057 | ref_KL=0.004944
2025-10-01 21:30:43,666 - INFO - Task 5 Iter 990/1200 | lr=7.5291e-06 | acc=0.8696 | pos_cos=0.280639 | neg_cos=0.218858 | ref_L2=0.000018 | ref_cos=0.995357 | ref_KL=0.001775
2025-10-01 21:30:45,440 - INFO - Task 5 Iter 1060/1200 | lr=1.69369e-05 | acc=0.8729 | pos_cos=0.273803 | neg_cos=0.214467 | ref_L2=0.000051 | ref_cos=0.987033 | ref_KL=0.004553
2025-10-01 21:30:45,651 - INFO - Task 5 Iter 1000/1200 | lr=6.85756e-06 | acc=0.8851 | pos_cos=0.280702 | neg_cos=0.219052 | ref_L2=0.000018 | ref_cos=0.995502 | ref_KL=0.001663
2025-10-01 21:30:47,210 - INFO - Task 5 Iter 1070/1200 | lr=1.4656e-05 | acc=0.8773 | pos_cos=0.274496 | neg_cos=0.215014 | ref_L2=0.000050 | ref_cos=0.987237 | ref_KL=0.004647
2025-10-01 21:30:47,544 - INFO - Task 5 Iter 1010/1200 | lr=6.21563e-06 | acc=0.8894 | pos_cos=0.280800 | neg_cos=0.219340 | ref_L2=0.000017 | ref_cos=0.995580 | ref_KL=0.001801
2025-10-01 21:30:48,989 - INFO - Task 5 Iter 1080/1200 | lr=1.25364e-05 | acc=0.8913 | pos_cos=0.274162 | neg_cos=0.214410 | ref_L2=0.000051 | ref_cos=0.986997 | ref_KL=0.004426
2025-10-01 21:30:49,534 - INFO - Task 5 Iter 1020/1200 | lr=5.60374e-06 | acc=0.8901 | pos_cos=0.280085 | neg_cos=0.219017 | ref_L2=0.000017 | ref_cos=0.995572 | ref_KL=0.001750
2025-10-01 21:30:51,244 - INFO - Task 5 Iter 1090/1200 | lr=1.05797e-05 | acc=0.8853 | pos_cos=0.274316 | neg_cos=0.214523 | ref_L2=0.000050 | ref_cos=0.987160 | ref_KL=0.004441
2025-10-01 21:30:52,054 - INFO - Task 5 Iter 1030/1200 | lr=5.02232e-06 | acc=0.8791 | pos_cos=0.280585 | neg_cos=0.218775 | ref_L2=0.000017 | ref_cos=0.995744 | ref_KL=0.001385
2025-10-01 21:30:53,182 - INFO - Task 5 Iter 1100/1200 | lr=8.78703e-06 | acc=0.8747 | pos_cos=0.274319 | neg_cos=0.214664 | ref_L2=0.000050 | ref_cos=0.987210 | ref_KL=0.004715
2025-10-01 21:30:53,836 - INFO - Task 5 Iter 1040/1200 | lr=4.47175e-06 | acc=0.8579 | pos_cos=0.280124 | neg_cos=0.219227 | ref_L2=0.000017 | ref_cos=0.995605 | ref_KL=0.001587
2025-10-01 21:30:55,109 - INFO - Task 5 Iter 1110/1200 | lr=7.15973e-06 | acc=0.8590 | pos_cos=0.273974 | neg_cos=0.214622 | ref_L2=0.000050 | ref_cos=0.987162 | ref_KL=0.004988
2025-10-01 21:30:55,754 - INFO - Task 5 Iter 1050/1200 | lr=3.95242e-06 | acc=0.8612 | pos_cos=0.280897 | neg_cos=0.219142 | ref_L2=0.000018 | ref_cos=0.995395 | ref_KL=0.001637
2025-10-01 21:30:56,854 - INFO - Task 5 Iter 1120/1200 | lr=5.6989e-06 | acc=0.8720 | pos_cos=0.273655 | neg_cos=0.214093 | ref_L2=0.000050 | ref_cos=0.987172 | ref_KL=0.005016
2025-10-01 21:30:57,752 - INFO - Task 5 Iter 1060/1200 | lr=3.46468e-06 | acc=0.8537 | pos_cos=0.280327 | neg_cos=0.219240 | ref_L2=0.000018 | ref_cos=0.995433 | ref_KL=0.001587
2025-10-01 21:30:58,537 - INFO - Task 5 Iter 1130/1200 | lr=4.40553e-06 | acc=0.8590 | pos_cos=0.273737 | neg_cos=0.213961 | ref_L2=0.000050 | ref_cos=0.987313 | ref_KL=0.005180
2025-10-01 21:30:59,799 - INFO - Task 5 Iter 1070/1200 | lr=3.00887e-06 | acc=0.8745 | pos_cos=0.280554 | neg_cos=0.219797 | ref_L2=0.000018 | ref_cos=0.995507 | ref_KL=0.001541
2025-10-01 21:31:00,460 - INFO - Task 5 Iter 1140/1200 | lr=3.28051e-06 | acc=0.8800 | pos_cos=0.274447 | neg_cos=0.214024 | ref_L2=0.000050 | ref_cos=0.987142 | ref_KL=0.004969
2025-10-01 21:31:01,773 - INFO - Task 5 Iter 1080/1200 | lr=2.5853e-06 | acc=0.8871 | pos_cos=0.280149 | neg_cos=0.218955 | ref_L2=0.000017 | ref_cos=0.995599 | ref_KL=0.001508
2025-10-01 21:31:02,476 - INFO - Task 5 Iter 1150/1200 | lr=2.32462e-06 | acc=0.8850 | pos_cos=0.274796 | neg_cos=0.214305 | ref_L2=0.000051 | ref_cos=0.986987 | ref_KL=0.005320
2025-10-01 21:31:04,283 - INFO - Task 5 Iter 1090/1200 | lr=2.19426e-06 | acc=0.8622 | pos_cos=0.280029 | neg_cos=0.219044 | ref_L2=0.000017 | ref_cos=0.995702 | ref_KL=0.001518
2025-10-01 21:31:04,896 - INFO - Task 5 Iter 1160/1200 | lr=1.5385e-06 | acc=0.8986 | pos_cos=0.274813 | neg_cos=0.214051 | ref_L2=0.000050 | ref_cos=0.987307 | ref_KL=0.004776
2025-10-01 21:31:06,056 - INFO - Task 5 Iter 1100/1200 | lr=1.83602e-06 | acc=0.8520 | pos_cos=0.280572 | neg_cos=0.219496 | ref_L2=0.000018 | ref_cos=0.995513 | ref_KL=0.001711
2025-10-01 21:31:06,867 - INFO - Task 5 Iter 1170/1200 | lr=9.22707e-07 | acc=0.9034 | pos_cos=0.275386 | neg_cos=0.214794 | ref_L2=0.000049 | ref_cos=0.987363 | ref_KL=0.005192
2025-10-01 21:31:08,005 - INFO - Task 5 Iter 1110/1200 | lr=1.51082e-06 | acc=0.8488 | pos_cos=0.280063 | neg_cos=0.219686 | ref_L2=0.000017 | ref_cos=0.995596 | ref_KL=0.001696
2025-10-01 21:31:08,734 - INFO - Task 5 Iter 1180/1200 | lr=4.7765e-07 | acc=0.8780 | pos_cos=0.274618 | neg_cos=0.214844 | ref_L2=0.000051 | ref_cos=0.986872 | ref_KL=0.004813
2025-10-01 21:31:09,779 - INFO - Task 5 Iter 1120/1200 | lr=1.21888e-06 | acc=0.8498 | pos_cos=0.279801 | neg_cos=0.218821 | ref_L2=0.000017 | ref_cos=0.995695 | ref_KL=0.001712
2025-10-01 21:31:10,673 - INFO - Task 5 Iter 1190/1200 | lr=2.03637e-07 | acc=0.8835 | pos_cos=0.274104 | neg_cos=0.214824 | ref_L2=0.000051 | ref_cos=0.986967 | ref_KL=0.004973
2025-10-01 21:31:11,574 - INFO - Task 5 Iter 1130/1200 | lr=9.60416e-07 | acc=0.8522 | pos_cos=0.280058 | neg_cos=0.218980 | ref_L2=0.000018 | ref_cos=0.995360 | ref_KL=0.001838
2025-10-01 21:31:12,519 - INFO - Task 5 Iter 1200/1200 | lr=1.00857e-07 | acc=0.8925 | pos_cos=0.274601 | neg_cos=0.214471 | ref_L2=0.000048 | ref_cos=0.987669 | ref_KL=0.005088
2025-10-01 21:31:12,890 - INFO - Task 5 finished | total: 230.49 s | train: 230.12 s | drift: 0.00 s
2025-10-01 21:31:13,359 - INFO - Task 5 Iter 1140/1200 | lr=7.35593e-07 | acc=0.8734 | pos_cos=0.281050 | neg_cos=0.219237 | ref_L2=0.000018 | ref_cos=0.995461 | ref_KL=0.001679
2025-10-01 21:31:15,060 - INFO - Task 5 Iter 1150/1200 | lr=5.44568e-07 | acc=0.8570 | pos_cos=0.280605 | neg_cos=0.219012 | ref_L2=0.000018 | ref_cos=0.995424 | ref_KL=0.001972
2025-10-01 21:31:16,866 - INFO -   stanford_cars: 79.95%
2025-10-01 21:31:16,866 - INFO - Average zeroshot accuracy after task 8: 81.24%
2025-10-01 21:31:16,975 - INFO - 📈 Aggregated Results Across Random Seeds:
2025-10-01 21:31:16,976 - INFO -   ── Final Task Accuracy (Mean ± Std) ──
2025-10-01 21:31:16,976 - INFO -       zeroshot             : 81.24% ± 0.00%
2025-10-01 21:31:16,976 - INFO -   ── Average Accuracy Across Tasks (Mean ± Std) ──
2025-10-01 21:31:16,976 - INFO -       zeroshot             : 81.24% ± 0.00%
2025-10-01 21:31:16,988 - ERROR - Trial 7 failed: No valid zeroshot_acc history found in any seed.
Traceback (most recent call last):
  File "/home/raoxuan/projects/SubspaceLoRA/clip_hyperparam_search.py", line 42, in objective
    raise ValueError("No valid zeroshot_acc history found in any seed.")
ValueError: No valid zeroshot_acc history found in any seed.
[W 2025-10-01 21:31:16,998] Trial 7 failed with parameters: {'lrate': 0.0005, 'weight_temp': 4.0, 'iterations': 600, 'gamma_kd': 0.5, 'sgp_soft_projection': False} because of the following error: ValueError('No valid zeroshot_acc history found in any seed.').
Traceback (most recent call last):
  File "/home/raoxuan/ENTER/envs/raoxuan/lib/python3.9/site-packages/optuna/study/_optimize.py", line 196, in _run_trial
    value_or_values = func(trial)
  File "/home/raoxuan/projects/SubspaceLoRA/clip_hyperparam_search.py", line 125, in <lambda>
    lambda t: objective(t, base_args, search_space),
  File "/home/raoxuan/projects/SubspaceLoRA/clip_hyperparam_search.py", line 42, in objective
    raise ValueError("No valid zeroshot_acc history found in any seed.")
ValueError: No valid zeroshot_acc history found in any seed.
[W 2025-10-01 21:31:16,998] Trial 7 failed with value None.
Traceback (most recent call last):
  File "/home/raoxuan/projects/SubspaceLoRA/clip_hyperparam_search.py", line 156, in <module>
    main()
  File "/home/raoxuan/projects/SubspaceLoRA/clip_hyperparam_search.py", line 124, in main
    study.optimize(
  File "/home/raoxuan/ENTER/envs/raoxuan/lib/python3.9/site-packages/optuna/study/study.py", line 451, in optimize
    _optimize(
  File "/home/raoxuan/ENTER/envs/raoxuan/lib/python3.9/site-packages/optuna/study/_optimize.py", line 62, in _optimize
    _optimize_sequential(
  File "/home/raoxuan/ENTER/envs/raoxuan/lib/python3.9/site-packages/optuna/study/_optimize.py", line 159, in _optimize_sequential
    frozen_trial = _run_trial(study, func, catch)
  File "/home/raoxuan/ENTER/envs/raoxuan/lib/python3.9/site-packages/optuna/study/_optimize.py", line 247, in _run_trial
    raise func_err
  File "/home/raoxuan/ENTER/envs/raoxuan/lib/python3.9/site-packages/optuna/study/_optimize.py", line 196, in _run_trial
    value_or_values = func(trial)
  File "/home/raoxuan/projects/SubspaceLoRA/clip_hyperparam_search.py", line 125, in <lambda>
    lambda t: objective(t, base_args, search_space),
  File "/home/raoxuan/projects/SubspaceLoRA/clip_hyperparam_search.py", line 42, in objective
    raise ValueError("No valid zeroshot_acc history found in any seed.")
ValueError: No valid zeroshot_acc history found in any seed.
2025-10-01 21:31:17,396 - INFO - Task 5 Iter 1160/1200 | lr=3.87471e-07 | acc=0.8882 | pos_cos=0.280675 | neg_cos=0.219059 | ref_L2=0.000017 | ref_cos=0.995611 | ref_KL=0.001704
2025-10-01 21:31:19,092 - INFO - Task 5 Iter 1170/1200 | lr=2.6441e-07 | acc=0.8939 | pos_cos=0.280612 | neg_cos=0.219263 | ref_L2=0.000017 | ref_cos=0.995651 | ref_KL=0.001693
2025-10-01 21:31:20,851 - INFO - Task 5 Iter 1180/1200 | lr=1.7547e-07 | acc=0.8752 | pos_cos=0.280627 | neg_cos=0.219629 | ref_L2=0.000018 | ref_cos=0.995360 | ref_KL=0.001601
2025-10-01 21:31:22,636 - INFO - Task 5 Iter 1190/1200 | lr=1.20711e-07 | acc=0.8890 | pos_cos=0.280221 | neg_cos=0.219737 | ref_L2=0.000017 | ref_cos=0.995550 | ref_KL=0.001558
2025-10-01 21:31:24,398 - INFO - Task 5 Iter 1200/1200 | lr=1.00171e-07 | acc=0.8873 | pos_cos=0.280778 | neg_cos=0.219224 | ref_L2=0.000017 | ref_cos=0.995648 | ref_KL=0.001685
2025-10-01 21:31:24,673 - INFO - Task 5 finished | total: 240.96 s | train: 240.68 s | drift: 0.00 s
2025-10-01 21:34:54,177 - INFO - Starting task 7/8: oxford_pets (train=3680, test=3669, classes=37)
2025-10-01 21:34:56,851 - INFO - Task 6 Iter 10/1200 | lr=0.000499931 | acc=0.8670 | pos_cos=0.292555 | neg_cos=0.223367 | ref_L2=0.000066 | ref_cos=0.983056 | ref_KL=0.018369
2025-10-01 21:34:58,564 - INFO - Task 6 Iter 20/1200 | lr=0.000499691 | acc=0.8891 | pos_cos=0.288920 | neg_cos=0.226235 | ref_L2=0.000079 | ref_cos=0.979817 | ref_KL=0.018457
2025-10-01 21:35:00,274 - INFO - Task 6 Iter 30/1200 | lr=0.00049928 | acc=0.9051 | pos_cos=0.287296 | neg_cos=0.227192 | ref_L2=0.000083 | ref_cos=0.978694 | ref_KL=0.016190
2025-10-01 21:35:01,994 - INFO - Task 6 Iter 40/1200 | lr=0.000498698 | acc=0.8940 | pos_cos=0.285186 | neg_cos=0.228277 | ref_L2=0.000087 | ref_cos=0.977702 | ref_KL=0.019710
2025-10-01 21:35:03,688 - INFO - Task 6 Iter 50/1200 | lr=0.000497946 | acc=0.8995 | pos_cos=0.285078 | neg_cos=0.228296 | ref_L2=0.000084 | ref_cos=0.978375 | ref_KL=0.018427
2025-10-01 21:35:05,373 - INFO - Task 6 Iter 60/1200 | lr=0.000497024 | acc=0.9256 | pos_cos=0.283051 | neg_cos=0.227713 | ref_L2=0.000080 | ref_cos=0.979444 | ref_KL=0.014113
2025-10-01 21:35:07,673 - INFO - Task 6 Iter 70/1200 | lr=0.000495933 | acc=0.9238 | pos_cos=0.282869 | neg_cos=0.227950 | ref_L2=0.000081 | ref_cos=0.979354 | ref_KL=0.016905
2025-10-01 21:35:08,475 - INFO - Starting task 7/8: oxford_pets (train=3680, test=3669, classes=37)
2025-10-01 21:35:09,391 - INFO - Task 6 Iter 80/1200 | lr=0.000494673 | acc=0.9330 | pos_cos=0.281422 | neg_cos=0.227536 | ref_L2=0.000082 | ref_cos=0.979020 | ref_KL=0.015552
2025-10-01 21:35:11,092 - INFO - Task 6 Iter 90/1200 | lr=0.000493246 | acc=0.9378 | pos_cos=0.281812 | neg_cos=0.227881 | ref_L2=0.000085 | ref_cos=0.978314 | ref_KL=0.016279
2025-10-01 21:35:11,488 - INFO - Task 6 Iter 10/1200 | lr=9.99861e-05 | acc=0.8728 | pos_cos=0.307187 | neg_cos=0.220456 | ref_L2=0.000020 | ref_cos=0.994801 | ref_KL=0.002783
2025-10-01 21:35:12,755 - INFO - Task 6 Iter 100/1200 | lr=0.000491652 | acc=0.9233 | pos_cos=0.281484 | neg_cos=0.227415 | ref_L2=0.000083 | ref_cos=0.978842 | ref_KL=0.015610
2025-10-01 21:35:13,211 - INFO - Task 6 Iter 20/1200 | lr=9.99382e-05 | acc=0.8735 | pos_cos=0.305409 | neg_cos=0.224814 | ref_L2=0.000029 | ref_cos=0.992498 | ref_KL=0.005910
2025-10-01 21:35:14,546 - INFO - Task 6 Iter 110/1200 | lr=0.000489892 | acc=0.9223 | pos_cos=0.279369 | neg_cos=0.227164 | ref_L2=0.000082 | ref_cos=0.978926 | ref_KL=0.015325
2025-10-01 21:35:14,913 - INFO - Task 6 Iter 30/1200 | lr=9.98561e-05 | acc=0.8746 | pos_cos=0.300107 | neg_cos=0.227897 | ref_L2=0.000044 | ref_cos=0.988861 | ref_KL=0.007721
2025-10-01 21:35:16,583 - INFO - Task 6 Iter 40/1200 | lr=9.97399e-05 | acc=0.8952 | pos_cos=0.298355 | neg_cos=0.229871 | ref_L2=0.000047 | ref_cos=0.987909 | ref_KL=0.009924
2025-10-01 21:35:16,999 - INFO - Task 6 Iter 120/1200 | lr=0.000487968 | acc=0.9390 | pos_cos=0.279969 | neg_cos=0.226391 | ref_L2=0.000087 | ref_cos=0.977827 | ref_KL=0.017214
2025-10-01 21:35:18,270 - INFO - Task 6 Iter 50/1200 | lr=9.95896e-05 | acc=0.8885 | pos_cos=0.297761 | neg_cos=0.231311 | ref_L2=0.000044 | ref_cos=0.988729 | ref_KL=0.008555
2025-10-01 21:35:19,324 - INFO - Task 6 Iter 130/1200 | lr=0.000485881 | acc=0.9647 | pos_cos=0.279316 | neg_cos=0.226368 | ref_L2=0.000084 | ref_cos=0.978623 | ref_KL=0.015411
2025-10-01 21:35:19,953 - INFO - Task 6 Iter 60/1200 | lr=9.94053e-05 | acc=0.8987 | pos_cos=0.297179 | neg_cos=0.232764 | ref_L2=0.000037 | ref_cos=0.990434 | ref_KL=0.006527
2025-10-01 21:35:21,282 - INFO - Task 6 Iter 140/1200 | lr=0.000483632 | acc=0.9662 | pos_cos=0.280067 | neg_cos=0.226934 | ref_L2=0.000080 | ref_cos=0.979568 | ref_KL=0.015077
2025-10-01 21:35:22,472 - INFO - Task 6 Iter 70/1200 | lr=9.91872e-05 | acc=0.8930 | pos_cos=0.295561 | neg_cos=0.233218 | ref_L2=0.000038 | ref_cos=0.990292 | ref_KL=0.006920
2025-10-01 21:35:23,057 - INFO - Task 6 Iter 150/1200 | lr=0.000481223 | acc=0.9753 | pos_cos=0.280235 | neg_cos=0.227176 | ref_L2=0.000074 | ref_cos=0.981027 | ref_KL=0.013398
2025-10-01 21:35:24,252 - INFO - Task 6 Iter 80/1200 | lr=9.89355e-05 | acc=0.8967 | pos_cos=0.292683 | neg_cos=0.232809 | ref_L2=0.000040 | ref_cos=0.989806 | ref_KL=0.006698
2025-10-01 21:35:24,744 - INFO - Task 6 Iter 160/1200 | lr=0.000478656 | acc=0.9803 | pos_cos=0.280948 | neg_cos=0.228112 | ref_L2=0.000075 | ref_cos=0.980710 | ref_KL=0.012217
2025-10-01 21:35:25,937 - INFO - Task 6 Iter 90/1200 | lr=9.86502e-05 | acc=0.8948 | pos_cos=0.291424 | neg_cos=0.232126 | ref_L2=0.000040 | ref_cos=0.989800 | ref_KL=0.006624
2025-10-01 21:35:26,497 - INFO - Task 6 Iter 170/1200 | lr=0.000475932 | acc=0.9825 | pos_cos=0.280839 | neg_cos=0.227726 | ref_L2=0.000079 | ref_cos=0.979653 | ref_KL=0.013190
2025-10-01 21:35:27,841 - INFO - Task 6 Iter 100/1200 | lr=9.83317e-05 | acc=0.8969 | pos_cos=0.292512 | neg_cos=0.231859 | ref_L2=0.000037 | ref_cos=0.990433 | ref_KL=0.007175
2025-10-01 21:35:28,237 - INFO - Task 6 Iter 180/1200 | lr=0.000473053 | acc=0.9814 | pos_cos=0.277726 | neg_cos=0.224969 | ref_L2=0.000080 | ref_cos=0.979401 | ref_KL=0.013384
2025-10-01 21:35:29,557 - INFO - Task 6 Iter 110/1200 | lr=9.798e-05 | acc=0.8880 | pos_cos=0.290571 | neg_cos=0.232010 | ref_L2=0.000037 | ref_cos=0.990607 | ref_KL=0.006991
2025-10-01 21:35:29,908 - INFO - Task 6 Iter 190/1200 | lr=0.000470022 | acc=0.9712 | pos_cos=0.276875 | neg_cos=0.224902 | ref_L2=0.000079 | ref_cos=0.979670 | ref_KL=0.015875
2025-10-01 21:35:32,077 - INFO - Task 6 Iter 120/1200 | lr=9.75955e-05 | acc=0.9048 | pos_cos=0.291180 | neg_cos=0.231444 | ref_L2=0.000042 | ref_cos=0.989326 | ref_KL=0.009320
2025-10-01 21:35:32,314 - INFO - Task 6 Iter 200/1200 | lr=0.000466839 | acc=0.9804 | pos_cos=0.279963 | neg_cos=0.226994 | ref_L2=0.000078 | ref_cos=0.979953 | ref_KL=0.011972
2025-10-01 21:35:34,033 - INFO - Task 6 Iter 210/1200 | lr=0.000463509 | acc=0.9804 | pos_cos=0.277990 | neg_cos=0.225909 | ref_L2=0.000080 | ref_cos=0.979511 | ref_KL=0.012802
2025-10-01 21:35:34,630 - INFO - Task 6 Iter 130/1200 | lr=9.71784e-05 | acc=0.9053 | pos_cos=0.291746 | neg_cos=0.231164 | ref_L2=0.000039 | ref_cos=0.990133 | ref_KL=0.007128
2025-10-01 21:35:35,730 - INFO - Task 6 Iter 220/1200 | lr=0.000460031 | acc=0.9808 | pos_cos=0.278080 | neg_cos=0.225818 | ref_L2=0.000080 | ref_cos=0.979639 | ref_KL=0.013516
2025-10-01 21:35:36,597 - INFO - Task 6 Iter 140/1200 | lr=9.6729e-05 | acc=0.9181 | pos_cos=0.289508 | neg_cos=0.231556 | ref_L2=0.000038 | ref_cos=0.990339 | ref_KL=0.007253
2025-10-01 21:35:37,424 - INFO - Task 6 Iter 230/1200 | lr=0.00045641 | acc=0.9737 | pos_cos=0.275600 | neg_cos=0.223543 | ref_L2=0.000079 | ref_cos=0.979748 | ref_KL=0.013869
2025-10-01 21:35:38,345 - INFO - Task 6 Iter 150/1200 | lr=9.62477e-05 | acc=0.9146 | pos_cos=0.289274 | neg_cos=0.231868 | ref_L2=0.000035 | ref_cos=0.991107 | ref_KL=0.005898
2025-10-01 21:35:39,966 - INFO - Task 6 Iter 240/1200 | lr=0.000452648 | acc=0.9865 | pos_cos=0.275307 | neg_cos=0.223162 | ref_L2=0.000079 | ref_cos=0.979778 | ref_KL=0.012913
2025-10-01 21:35:40,225 - INFO - Task 6 Iter 160/1200 | lr=9.57346e-05 | acc=0.9268 | pos_cos=0.289469 | neg_cos=0.231742 | ref_L2=0.000035 | ref_cos=0.991068 | ref_KL=0.005842
2025-10-01 21:35:41,715 - INFO - Task 6 Iter 250/1200 | lr=0.000448746 | acc=0.9870 | pos_cos=0.276600 | neg_cos=0.224469 | ref_L2=0.000078 | ref_cos=0.980048 | ref_KL=0.013682
2025-10-01 21:35:42,132 - INFO - Task 6 Iter 170/1200 | lr=9.51903e-05 | acc=0.9497 | pos_cos=0.289656 | neg_cos=0.232959 | ref_L2=0.000038 | ref_cos=0.990224 | ref_KL=0.005950
2025-10-01 21:35:43,933 - INFO - Task 6 Iter 180/1200 | lr=9.4615e-05 | acc=0.9332 | pos_cos=0.288386 | neg_cos=0.231883 | ref_L2=0.000040 | ref_cos=0.989785 | ref_KL=0.006846
2025-10-01 21:35:44,295 - INFO - Task 6 Iter 260/1200 | lr=0.000444709 | acc=0.9898 | pos_cos=0.276196 | neg_cos=0.224341 | ref_L2=0.000077 | ref_cos=0.980303 | ref_KL=0.018966
2025-10-01 21:35:45,673 - INFO - Task 6 Iter 190/1200 | lr=9.40092e-05 | acc=0.9452 | pos_cos=0.289270 | neg_cos=0.232471 | ref_L2=0.000039 | ref_cos=0.989994 | ref_KL=0.006478
2025-10-01 21:35:46,273 - INFO - Task 6 Iter 270/1200 | lr=0.000440538 | acc=0.9935 | pos_cos=0.277917 | neg_cos=0.225540 | ref_L2=0.000075 | ref_cos=0.980735 | ref_KL=0.015875
2025-10-01 21:35:48,010 - INFO - Task 6 Iter 280/1200 | lr=0.000436236 | acc=0.9962 | pos_cos=0.277061 | neg_cos=0.224985 | ref_L2=0.000083 | ref_cos=0.978870 | ref_KL=0.016581
2025-10-01 21:35:48,479 - INFO - Task 6 Iter 200/1200 | lr=9.33732e-05 | acc=0.9463 | pos_cos=0.289943 | neg_cos=0.233568 | ref_L2=0.000037 | ref_cos=0.990576 | ref_KL=0.004855
2025-10-01 21:35:49,734 - INFO - Task 6 Iter 290/1200 | lr=0.000431807 | acc=0.9962 | pos_cos=0.279520 | neg_cos=0.228098 | ref_L2=0.000081 | ref_cos=0.979282 | ref_KL=0.013260
2025-10-01 21:35:50,346 - INFO - Task 6 Iter 210/1200 | lr=9.27076e-05 | acc=0.9332 | pos_cos=0.288294 | neg_cos=0.232355 | ref_L2=0.000040 | ref_cos=0.989805 | ref_KL=0.005974
2025-10-01 21:35:51,695 - INFO - Task 6 Iter 300/1200 | lr=0.000427253 | acc=0.9876 | pos_cos=0.280134 | neg_cos=0.228133 | ref_L2=0.000077 | ref_cos=0.980178 | ref_KL=0.011602
2025-10-01 21:35:52,295 - INFO - Task 6 Iter 220/1200 | lr=9.20127e-05 | acc=0.9336 | pos_cos=0.289146 | neg_cos=0.232699 | ref_L2=0.000039 | ref_cos=0.990061 | ref_KL=0.006028
2025-10-01 21:35:53,529 - INFO - Task 6 Iter 310/1200 | lr=0.000422578 | acc=0.9905 | pos_cos=0.278586 | neg_cos=0.226436 | ref_L2=0.000076 | ref_cos=0.980467 | ref_KL=0.011789
2025-10-01 21:35:54,237 - INFO - Task 6 Iter 230/1200 | lr=9.1289e-05 | acc=0.9274 | pos_cos=0.286911 | neg_cos=0.232005 | ref_L2=0.000038 | ref_cos=0.990223 | ref_KL=0.005679
2025-10-01 21:35:55,222 - INFO - Task 6 Iter 320/1200 | lr=0.000417785 | acc=0.9822 | pos_cos=0.276640 | neg_cos=0.225480 | ref_L2=0.000079 | ref_cos=0.979705 | ref_KL=0.013720
2025-10-01 21:35:57,223 - INFO - Task 6 Iter 240/1200 | lr=9.05371e-05 | acc=0.9303 | pos_cos=0.287084 | neg_cos=0.231984 | ref_L2=0.000038 | ref_cos=0.990146 | ref_KL=0.006644
2025-10-01 21:35:57,715 - INFO - Task 6 Iter 330/1200 | lr=0.000412877 | acc=0.9901 | pos_cos=0.277724 | neg_cos=0.226128 | ref_L2=0.000077 | ref_cos=0.980174 | ref_KL=0.013126
2025-10-01 21:35:59,171 - INFO - Task 6 Iter 250/1200 | lr=8.97575e-05 | acc=0.9281 | pos_cos=0.288485 | neg_cos=0.232384 | ref_L2=0.000039 | ref_cos=0.990086 | ref_KL=0.006225
2025-10-01 21:35:59,672 - INFO - Task 6 Iter 340/1200 | lr=0.000407857 | acc=0.9930 | pos_cos=0.278417 | neg_cos=0.226774 | ref_L2=0.000078 | ref_cos=0.980088 | ref_KL=0.012651
2025-10-01 21:36:02,260 - INFO - Task 6 Iter 350/1200 | lr=0.000402729 | acc=0.9976 | pos_cos=0.278324 | neg_cos=0.226748 | ref_L2=0.000076 | ref_cos=0.980450 | ref_KL=0.012749
2025-10-01 21:36:02,787 - INFO - Task 6 Iter 260/1200 | lr=8.89506e-05 | acc=0.9447 | pos_cos=0.287381 | neg_cos=0.232963 | ref_L2=0.000037 | ref_cos=0.990559 | ref_KL=0.007171
2025-10-01 21:36:04,135 - INFO - Task 6 Iter 360/1200 | lr=0.000397496 | acc=0.9992 | pos_cos=0.276875 | neg_cos=0.225796 | ref_L2=0.000082 | ref_cos=0.979089 | ref_KL=0.013826
2025-10-01 21:36:04,711 - INFO - Task 6 Iter 270/1200 | lr=8.81171e-05 | acc=0.9443 | pos_cos=0.289605 | neg_cos=0.233574 | ref_L2=0.000034 | ref_cos=0.991418 | ref_KL=0.005693
2025-10-01 21:36:05,932 - INFO - Task 6 Iter 370/1200 | lr=0.000392162 | acc=0.9974 | pos_cos=0.276956 | neg_cos=0.225545 | ref_L2=0.000078 | ref_cos=0.980134 | ref_KL=0.019940
2025-10-01 21:36:06,806 - INFO - Task 6 Iter 280/1200 | lr=8.72575e-05 | acc=0.9489 | pos_cos=0.287066 | neg_cos=0.231714 | ref_L2=0.000040 | ref_cos=0.989666 | ref_KL=0.005793
2025-10-01 21:36:07,711 - INFO - Task 6 Iter 380/1200 | lr=0.000386731 | acc=0.9991 | pos_cos=0.276172 | neg_cos=0.225063 | ref_L2=0.000078 | ref_cos=0.979933 | ref_KL=0.016128
2025-10-01 21:36:08,821 - INFO - Task 6 Iter 290/1200 | lr=8.63723e-05 | acc=0.9552 | pos_cos=0.289244 | neg_cos=0.234519 | ref_L2=0.000040 | ref_cos=0.989708 | ref_KL=0.005166
2025-10-01 21:36:10,110 - INFO - Task 6 Iter 390/1200 | lr=0.000381206 | acc=0.9976 | pos_cos=0.275337 | neg_cos=0.224504 | ref_L2=0.000083 | ref_cos=0.978688 | ref_KL=0.019149
2025-10-01 21:36:10,818 - INFO - Task 6 Iter 300/1200 | lr=8.54623e-05 | acc=0.9379 | pos_cos=0.289676 | neg_cos=0.235543 | ref_L2=0.000038 | ref_cos=0.990178 | ref_KL=0.004690
2025-10-01 21:36:11,891 - INFO - Task 6 Iter 400/1200 | lr=0.000375591 | acc=0.9992 | pos_cos=0.275835 | neg_cos=0.224526 | ref_L2=0.000080 | ref_cos=0.979553 | ref_KL=0.013668
2025-10-01 21:36:13,057 - INFO - Task 6 Iter 310/1200 | lr=8.4528e-05 | acc=0.9382 | pos_cos=0.289337 | neg_cos=0.233486 | ref_L2=0.000037 | ref_cos=0.990645 | ref_KL=0.005030
2025-10-01 21:36:13,672 - INFO - Task 6 Iter 410/1200 | lr=0.00036989 | acc=0.9966 | pos_cos=0.276058 | neg_cos=0.225015 | ref_L2=0.000078 | ref_cos=0.980037 | ref_KL=0.012486
2025-10-01 21:36:15,015 - INFO - Task 6 Iter 320/1200 | lr=8.35701e-05 | acc=0.9470 | pos_cos=0.286801 | neg_cos=0.232148 | ref_L2=0.000040 | ref_cos=0.989817 | ref_KL=0.005814
2025-10-01 21:36:15,336 - INFO - Task 6 Iter 420/1200 | lr=0.000364108 | acc=0.9988 | pos_cos=0.275587 | neg_cos=0.224481 | ref_L2=0.000076 | ref_cos=0.980492 | ref_KL=0.013806
2025-10-01 21:36:17,027 - INFO - Task 6 Iter 430/1200 | lr=0.000358247 | acc=0.9996 | pos_cos=0.275077 | neg_cos=0.224031 | ref_L2=0.000078 | ref_cos=0.979993 | ref_KL=0.011917
2025-10-01 21:36:17,852 - INFO - Task 6 Iter 330/1200 | lr=8.25893e-05 | acc=0.9481 | pos_cos=0.287286 | neg_cos=0.232421 | ref_L2=0.000037 | ref_cos=0.990463 | ref_KL=0.004976
2025-10-01 21:36:18,692 - INFO - Task 6 Iter 440/1200 | lr=0.000352311 | acc=0.9999 | pos_cos=0.275286 | neg_cos=0.223768 | ref_L2=0.000077 | ref_cos=0.980209 | ref_KL=0.012296
2025-10-01 21:36:19,794 - INFO - Task 6 Iter 340/1200 | lr=8.15861e-05 | acc=0.9471 | pos_cos=0.287552 | neg_cos=0.233978 | ref_L2=0.000037 | ref_cos=0.990626 | ref_KL=0.004916
2025-10-01 21:36:21,032 - INFO - Task 6 Iter 450/1200 | lr=0.000346306 | acc=0.9999 | pos_cos=0.274366 | neg_cos=0.223441 | ref_L2=0.000077 | ref_cos=0.980251 | ref_KL=0.012084
2025-10-01 21:36:22,501 - INFO - Task 6 Iter 350/1200 | lr=8.05613e-05 | acc=0.9533 | pos_cos=0.289657 | neg_cos=0.234267 | ref_L2=0.000036 | ref_cos=0.990771 | ref_KL=0.004763
2025-10-01 21:36:22,741 - INFO - Task 6 Iter 460/1200 | lr=0.000340235 | acc=1.0000 | pos_cos=0.274338 | neg_cos=0.223477 | ref_L2=0.000083 | ref_cos=0.978815 | ref_KL=0.011975
2025-10-01 21:36:24,381 - INFO - Task 6 Iter 360/1200 | lr=7.95156e-05 | acc=0.9533 | pos_cos=0.288852 | neg_cos=0.233903 | ref_L2=0.000041 | ref_cos=0.989588 | ref_KL=0.006210
2025-10-01 21:36:25,190 - INFO - Task 6 Iter 470/1200 | lr=0.000334102 | acc=1.0000 | pos_cos=0.274668 | neg_cos=0.223886 | ref_L2=0.000080 | ref_cos=0.979555 | ref_KL=0.010390
2025-10-01 21:36:26,208 - INFO - Task 6 Iter 370/1200 | lr=7.84497e-05 | acc=0.9486 | pos_cos=0.288085 | neg_cos=0.234030 | ref_L2=0.000037 | ref_cos=0.990608 | ref_KL=0.006657
2025-10-01 21:36:27,002 - INFO - Task 6 Iter 480/1200 | lr=0.000327911 | acc=1.0000 | pos_cos=0.273615 | neg_cos=0.222980 | ref_L2=0.000080 | ref_cos=0.979596 | ref_KL=0.011657
2025-10-01 21:36:28,115 - INFO - Task 6 Iter 380/1200 | lr=7.73643e-05 | acc=0.9528 | pos_cos=0.288956 | neg_cos=0.234323 | ref_L2=0.000037 | ref_cos=0.990423 | ref_KL=0.005448
2025-10-01 21:36:28,807 - INFO - Task 6 Iter 490/1200 | lr=0.000321667 | acc=1.0000 | pos_cos=0.275092 | neg_cos=0.224186 | ref_L2=0.000080 | ref_cos=0.979603 | ref_KL=0.011614
2025-10-01 21:36:30,641 - INFO - Task 6 Iter 500/1200 | lr=0.000315374 | acc=1.0000 | pos_cos=0.272676 | neg_cos=0.222167 | ref_L2=0.000076 | ref_cos=0.980487 | ref_KL=0.010713
2025-10-01 21:36:30,766 - INFO - Task 6 Iter 390/1200 | lr=7.62602e-05 | acc=0.9598 | pos_cos=0.288973 | neg_cos=0.234628 | ref_L2=0.000042 | ref_cos=0.989230 | ref_KL=0.006552
2025-10-01 21:36:32,377 - INFO - Task 6 Iter 510/1200 | lr=0.000309036 | acc=0.9982 | pos_cos=0.273336 | neg_cos=0.222620 | ref_L2=0.000079 | ref_cos=0.979848 | ref_KL=0.011529
2025-10-01 21:36:32,805 - INFO - Task 6 Iter 400/1200 | lr=7.51382e-05 | acc=0.9632 | pos_cos=0.288102 | neg_cos=0.233119 | ref_L2=0.000038 | ref_cos=0.990204 | ref_KL=0.004893
2025-10-01 21:36:34,666 - INFO - Task 6 Iter 410/1200 | lr=7.39989e-05 | acc=0.9671 | pos_cos=0.287428 | neg_cos=0.233423 | ref_L2=0.000039 | ref_cos=0.989998 | ref_KL=0.004632
2025-10-01 21:36:34,719 - INFO - Task 6 Iter 520/1200 | lr=0.000302657 | acc=0.9968 | pos_cos=0.273874 | neg_cos=0.223476 | ref_L2=0.000079 | ref_cos=0.979721 | ref_KL=0.010674
2025-10-01 21:36:36,435 - INFO - Task 6 Iter 530/1200 | lr=0.000296243 | acc=0.9989 | pos_cos=0.275329 | neg_cos=0.224527 | ref_L2=0.000080 | ref_cos=0.979519 | ref_KL=0.011819
2025-10-01 21:36:36,627 - INFO - Task 6 Iter 420/1200 | lr=7.28433e-05 | acc=0.9663 | pos_cos=0.288392 | neg_cos=0.234164 | ref_L2=0.000035 | ref_cos=0.991053 | ref_KL=0.004754
2025-10-01 21:36:38,177 - INFO - Task 6 Iter 540/1200 | lr=0.000289797 | acc=0.9996 | pos_cos=0.275225 | neg_cos=0.224886 | ref_L2=0.000078 | ref_cos=0.980093 | ref_KL=0.009893
2025-10-01 21:36:38,648 - INFO - Task 6 Iter 430/1200 | lr=7.1672e-05 | acc=0.9636 | pos_cos=0.288651 | neg_cos=0.234165 | ref_L2=0.000036 | ref_cos=0.990659 | ref_KL=0.004569
2025-10-01 21:36:39,907 - INFO - Task 6 Iter 550/1200 | lr=0.000283324 | acc=0.9999 | pos_cos=0.274682 | neg_cos=0.224207 | ref_L2=0.000075 | ref_cos=0.980883 | ref_KL=0.010226
2025-10-01 21:36:40,408 - INFO - Task 6 Iter 440/1200 | lr=7.04859e-05 | acc=0.9628 | pos_cos=0.288966 | neg_cos=0.234649 | ref_L2=0.000036 | ref_cos=0.990689 | ref_KL=0.006685
2025-10-01 21:36:41,603 - INFO - Task 6 Iter 560/1200 | lr=0.000276828 | acc=1.0000 | pos_cos=0.274466 | neg_cos=0.223784 | ref_L2=0.000079 | ref_cos=0.979861 | ref_KL=0.010842
2025-10-01 21:36:42,853 - INFO - Task 6 Iter 450/1200 | lr=6.92858e-05 | acc=0.9623 | pos_cos=0.288082 | neg_cos=0.234144 | ref_L2=0.000035 | ref_cos=0.991045 | ref_KL=0.004926
2025-10-01 21:36:43,286 - INFO - Task 6 Iter 570/1200 | lr=0.000270313 | acc=1.0000 | pos_cos=0.273649 | neg_cos=0.223272 | ref_L2=0.000077 | ref_cos=0.980191 | ref_KL=0.011878
2025-10-01 21:36:44,605 - INFO - Task 6 Iter 460/1200 | lr=6.80725e-05 | acc=0.9535 | pos_cos=0.288011 | neg_cos=0.234564 | ref_L2=0.000039 | ref_cos=0.990103 | ref_KL=0.004811
2025-10-01 21:36:46,316 - INFO - Task 6 Iter 580/1200 | lr=0.000263785 | acc=0.9983 | pos_cos=0.272686 | neg_cos=0.221926 | ref_L2=0.000079 | ref_cos=0.979844 | ref_KL=0.009428
2025-10-01 21:36:47,260 - INFO - Task 6 Iter 470/1200 | lr=6.68469e-05 | acc=0.9639 | pos_cos=0.289137 | neg_cos=0.235093 | ref_L2=0.000037 | ref_cos=0.990591 | ref_KL=0.004299
2025-10-01 21:36:48,055 - INFO - Task 6 Iter 590/1200 | lr=0.000257247 | acc=0.9994 | pos_cos=0.272713 | neg_cos=0.222388 | ref_L2=0.000079 | ref_cos=0.979840 | ref_KL=0.012808
2025-10-01 21:36:49,292 - INFO - Task 6 Iter 480/1200 | lr=6.56097e-05 | acc=0.9673 | pos_cos=0.287860 | neg_cos=0.234511 | ref_L2=0.000036 | ref_cos=0.990833 | ref_KL=0.004190
2025-10-01 21:36:49,822 - INFO - Task 6 Iter 600/1200 | lr=0.000250704 | acc=0.9998 | pos_cos=0.272706 | neg_cos=0.222606 | ref_L2=0.000076 | ref_cos=0.980443 | ref_KL=0.009707
2025-10-01 21:36:51,105 - INFO - Task 6 Iter 490/1200 | lr=6.43619e-05 | acc=0.9697 | pos_cos=0.287423 | neg_cos=0.233640 | ref_L2=0.000037 | ref_cos=0.990436 | ref_KL=0.004267
2025-10-01 21:36:51,616 - INFO - Task 6 Iter 610/1200 | lr=0.000244161 | acc=0.9999 | pos_cos=0.273854 | neg_cos=0.223632 | ref_L2=0.000074 | ref_cos=0.981052 | ref_KL=0.010311
2025-10-01 21:36:52,918 - INFO - Task 6 Iter 500/1200 | lr=6.31043e-05 | acc=0.9722 | pos_cos=0.287063 | neg_cos=0.232690 | ref_L2=0.000035 | ref_cos=0.991160 | ref_KL=0.003838
2025-10-01 21:36:53,383 - INFO - Task 6 Iter 620/1200 | lr=0.000237622 | acc=1.0000 | pos_cos=0.273477 | neg_cos=0.222924 | ref_L2=0.000079 | ref_cos=0.979755 | ref_KL=0.010059
2025-10-01 21:36:54,675 - INFO - Task 6 Iter 510/1200 | lr=6.18377e-05 | acc=0.9699 | pos_cos=0.287754 | neg_cos=0.233515 | ref_L2=0.000038 | ref_cos=0.990223 | ref_KL=0.005214
2025-10-01 21:36:55,005 - INFO - Task 6 Iter 630/1200 | lr=0.000231092 | acc=1.0000 | pos_cos=0.271204 | neg_cos=0.221107 | ref_L2=0.000082 | ref_cos=0.979011 | ref_KL=0.009963
2025-10-01 21:36:56,677 - INFO - Task 6 Iter 640/1200 | lr=0.000224574 | acc=1.0000 | pos_cos=0.271553 | neg_cos=0.221408 | ref_L2=0.000081 | ref_cos=0.979340 | ref_KL=0.009433
2025-10-01 21:36:57,292 - INFO - Task 6 Iter 520/1200 | lr=6.05631e-05 | acc=0.9717 | pos_cos=0.289321 | neg_cos=0.234862 | ref_L2=0.000038 | ref_cos=0.990275 | ref_KL=0.004727
2025-10-01 21:36:59,039 - INFO - Task 6 Iter 650/1200 | lr=0.000218074 | acc=1.0000 | pos_cos=0.272330 | neg_cos=0.222184 | ref_L2=0.000078 | ref_cos=0.979973 | ref_KL=0.009943
2025-10-01 21:36:59,250 - INFO - Task 6 Iter 530/1200 | lr=5.92812e-05 | acc=0.9719 | pos_cos=0.289327 | neg_cos=0.235332 | ref_L2=0.000038 | ref_cos=0.990224 | ref_KL=0.005229
2025-10-01 21:37:00,798 - INFO - Task 6 Iter 660/1200 | lr=0.000211596 | acc=1.0000 | pos_cos=0.272115 | neg_cos=0.221959 | ref_L2=0.000082 | ref_cos=0.978986 | ref_KL=0.009117
2025-10-01 21:37:01,242 - INFO - Task 6 Iter 540/1200 | lr=5.7993e-05 | acc=0.9719 | pos_cos=0.289894 | neg_cos=0.235933 | ref_L2=0.000035 | ref_cos=0.991027 | ref_KL=0.004317
2025-10-01 21:37:02,499 - INFO - Task 6 Iter 670/1200 | lr=0.000205144 | acc=1.0000 | pos_cos=0.272175 | neg_cos=0.222092 | ref_L2=0.000079 | ref_cos=0.979881 | ref_KL=0.010336
2025-10-01 21:37:03,147 - INFO - Task 6 Iter 550/1200 | lr=5.66994e-05 | acc=0.9717 | pos_cos=0.288746 | neg_cos=0.235599 | ref_L2=0.000034 | ref_cos=0.991404 | ref_KL=0.004164
2025-10-01 21:37:04,352 - INFO - Task 6 Iter 680/1200 | lr=0.000198723 | acc=1.0000 | pos_cos=0.272981 | neg_cos=0.222654 | ref_L2=0.000078 | ref_cos=0.980026 | ref_KL=0.010081
2025-10-01 21:37:05,053 - INFO - Task 6 Iter 560/1200 | lr=5.54012e-05 | acc=0.9745 | pos_cos=0.288917 | neg_cos=0.235391 | ref_L2=0.000037 | ref_cos=0.990579 | ref_KL=0.004249
2025-10-01 21:37:06,013 - INFO - Task 6 Iter 690/1200 | lr=0.000192337 | acc=1.0000 | pos_cos=0.273086 | neg_cos=0.222910 | ref_L2=0.000077 | ref_cos=0.980317 | ref_KL=0.008173
2025-10-01 21:37:06,835 - INFO - Task 6 Iter 570/1200 | lr=5.40994e-05 | acc=0.9699 | pos_cos=0.289580 | neg_cos=0.235518 | ref_L2=0.000037 | ref_cos=0.990457 | ref_KL=0.004558
2025-10-01 21:37:08,435 - INFO - Task 6 Iter 700/1200 | lr=0.00018599 | acc=1.0000 | pos_cos=0.272500 | neg_cos=0.222434 | ref_L2=0.000078 | ref_cos=0.980138 | ref_KL=0.008278
2025-10-01 21:37:10,053 - INFO - Task 6 Iter 580/1200 | lr=5.27948e-05 | acc=0.9613 | pos_cos=0.288307 | neg_cos=0.234649 | ref_L2=0.000039 | ref_cos=0.990043 | ref_KL=0.004707
2025-10-01 21:37:11,059 - INFO - Task 6 Iter 710/1200 | lr=0.000179688 | acc=1.0000 | pos_cos=0.273022 | neg_cos=0.222960 | ref_L2=0.000080 | ref_cos=0.979591 | ref_KL=0.008979
2025-10-01 21:37:11,804 - INFO - Task 6 Iter 590/1200 | lr=5.14883e-05 | acc=0.9736 | pos_cos=0.288082 | neg_cos=0.234592 | ref_L2=0.000038 | ref_cos=0.990242 | ref_KL=0.004938
2025-10-01 21:37:13,188 - INFO - Task 6 Iter 720/1200 | lr=0.000173434 | acc=1.0000 | pos_cos=0.272906 | neg_cos=0.222969 | ref_L2=0.000079 | ref_cos=0.979900 | ref_KL=0.007470
2025-10-01 21:37:13,577 - INFO - Task 6 Iter 600/1200 | lr=5.01808e-05 | acc=0.9757 | pos_cos=0.287854 | neg_cos=0.234345 | ref_L2=0.000035 | ref_cos=0.990973 | ref_KL=0.003843
[W 2025-10-01 21:37:14,889] Trial 6 failed with parameters: {'lrate': 0.0005, 'weight_temp': 4.0, 'iterations': 1200, 'gamma_kd': 0.5, 'sgp_soft_projection': True} because of the following error: KeyboardInterrupt().
Traceback (most recent call last):
  File "/home/raoxuan/ENTER/envs/raoxuan/lib/python3.9/site-packages/optuna/study/_optimize.py", line 196, in _run_trial
    value_or_values = func(trial)
  File "/home/raoxuan/projects/SubspaceLoRA/clip_hyperparam_search.py", line 125, in <lambda>
    lambda t: objective(t, base_args, search_space),
  File "/home/raoxuan/projects/SubspaceLoRA/clip_hyperparam_search.py", line 27, in objective
    raw_results = train(args)  # Expected: {seed: history_dict}
  File "/home/raoxuan/projects/SubspaceLoRA/trainer_clip.py", line 44, in train
    results = train_single_run(args)
  File "/home/raoxuan/projects/SubspaceLoRA/trainer_clip.py", line 62, in train_single_run
    final_results = model.loop()
  File "/home/raoxuan/projects/SubspaceLoRA/models/subspace_lora_clip.py", line 1009, in loop
    self.incremental_train(train_loader, zeroshot_weights, self.reference_loader)
  File "/home/raoxuan/projects/SubspaceLoRA/models/subspace_lora_clip.py", line 485, in incremental_train
    self._run_training_loop(train_loader, zeroshot_weights, reference_loader)
  File "/home/raoxuan/projects/SubspaceLoRA/models/subspace_lora_clip.py", line 576, in _run_training_loop
    inputs, targets = next(train_iter)
KeyboardInterrupt
[W 2025-10-01 21:37:14,890] Trial 6 failed with value None.
Traceback (most recent call last):
  File "/home/raoxuan/projects/SubspaceLoRA/clip_hyperparam_search.py", line 156, in <module>
    main()
  File "/home/raoxuan/projects/SubspaceLoRA/clip_hyperparam_search.py", line 124, in main
    study.optimize(
  File "/home/raoxuan/ENTER/envs/raoxuan/lib/python3.9/site-packages/optuna/study/study.py", line 451, in optimize
    _optimize(
  File "/home/raoxuan/ENTER/envs/raoxuan/lib/python3.9/site-packages/optuna/study/_optimize.py", line 62, in _optimize
    _optimize_sequential(
  File "/home/raoxuan/ENTER/envs/raoxuan/lib/python3.9/site-packages/optuna/study/_optimize.py", line 159, in _optimize_sequential
    frozen_trial = _run_trial(study, func, catch)
  File "/home/raoxuan/ENTER/envs/raoxuan/lib/python3.9/site-packages/optuna/study/_optimize.py", line 247, in _run_trial
    raise func_err
  File "/home/raoxuan/ENTER/envs/raoxuan/lib/python3.9/site-packages/optuna/study/_optimize.py", line 196, in _run_trial
    value_or_values = func(trial)
  File "/home/raoxuan/projects/SubspaceLoRA/clip_hyperparam_search.py", line 125, in <lambda>
    lambda t: objective(t, base_args, search_space),
  File "/home/raoxuan/projects/SubspaceLoRA/clip_hyperparam_search.py", line 27, in objective
    raw_results = train(args)  # Expected: {seed: history_dict}
  File "/home/raoxuan/projects/SubspaceLoRA/trainer_clip.py", line 44, in train
    results = train_single_run(args)
  File "/home/raoxuan/projects/SubspaceLoRA/trainer_clip.py", line 62, in train_single_run
    final_results = model.loop()
  File "/home/raoxuan/projects/SubspaceLoRA/models/subspace_lora_clip.py", line 1009, in loop
    self.incremental_train(train_loader, zeroshot_weights, self.reference_loader)
  File "/home/raoxuan/projects/SubspaceLoRA/models/subspace_lora_clip.py", line 485, in incremental_train
    self._run_training_loop(train_loader, zeroshot_weights, reference_loader)
  File "/home/raoxuan/projects/SubspaceLoRA/models/subspace_lora_clip.py", line 576, in _run_training_loop
    inputs, targets = next(train_iter)
KeyboardInterrupt
Error in atexit._run_exitfuncs:
Traceback (most recent call last):
  File "/home/raoxuan/ENTER/envs/raoxuan/lib/python3.9/site-packages/torch/_inductor/compile_worker/subproc_pool.py", line 243, in shutdown
    self.process.wait(300)
  File "/home/raoxuan/ENTER/envs/raoxuan/lib/python3.9/subprocess.py", line 1189, in wait
    return self._wait(timeout=timeout)
  File "/home/raoxuan/ENTER/envs/raoxuan/lib/python3.9/subprocess.py", line 1927, in _wait
    time.sleep(delay)
KeyboardInterrupt
2025-10-01 21:37:15,394 - INFO - Task 6 Iter 610/1200 | lr=4.88732e-05 | acc=0.9787 | pos_cos=0.289701 | neg_cos=0.236011 | ref_L2=0.000034 | ref_cos=0.991408 | ref_KL=0.004525
2025-10-01 21:37:17,177 - INFO - Task 6 Iter 620/1200 | lr=4.75664e-05 | acc=0.9751 | pos_cos=0.289209 | neg_cos=0.235539 | ref_L2=0.000038 | ref_cos=0.990294 | ref_KL=0.004637
[W 2025-10-01 21:37:17,798] Trial 5 failed with parameters: {'lrate': 0.0001, 'weight_temp': 4.0, 'iterations': 1200, 'gamma_kd': 2.0, 'sgp_soft_projection': True} because of the following error: KeyboardInterrupt().
Traceback (most recent call last):
  File "/home/raoxuan/ENTER/envs/raoxuan/lib/python3.9/site-packages/optuna/study/_optimize.py", line 196, in _run_trial
    value_or_values = func(trial)
  File "/home/raoxuan/projects/SubspaceLoRA/clip_hyperparam_search.py", line 125, in <lambda>
    lambda t: objective(t, base_args, search_space),
  File "/home/raoxuan/projects/SubspaceLoRA/clip_hyperparam_search.py", line 27, in objective
    raw_results = train(args)  # Expected: {seed: history_dict}
  File "/home/raoxuan/projects/SubspaceLoRA/trainer_clip.py", line 44, in train
    results = train_single_run(args)
  File "/home/raoxuan/projects/SubspaceLoRA/trainer_clip.py", line 62, in train_single_run
    final_results = model.loop()
  File "/home/raoxuan/projects/SubspaceLoRA/models/subspace_lora_clip.py", line 1009, in loop
    self.incremental_train(train_loader, zeroshot_weights, self.reference_loader)
  File "/home/raoxuan/projects/SubspaceLoRA/models/subspace_lora_clip.py", line 485, in incremental_train
    self._run_training_loop(train_loader, zeroshot_weights, reference_loader)
  File "/home/raoxuan/projects/SubspaceLoRA/models/subspace_lora_clip.py", line 581, in _run_training_loop
    metrics = self.train_one_iteration(
  File "/home/raoxuan/projects/SubspaceLoRA/models/subspace_lora_clip.py", line 613, in train_one_iteration
    reference_batch = self._next_reference_batch(reference_loader)
KeyboardInterrupt
[W 2025-10-01 21:37:17,799] Trial 5 failed with value None.
Traceback (most recent call last):
  File "/home/raoxuan/projects/SubspaceLoRA/clip_hyperparam_search.py", line 156, in <module>
    main()
  File "/home/raoxuan/projects/SubspaceLoRA/clip_hyperparam_search.py", line 124, in main
    study.optimize(
  File "/home/raoxuan/ENTER/envs/raoxuan/lib/python3.9/site-packages/optuna/study/study.py", line 451, in optimize
    _optimize(
  File "/home/raoxuan/ENTER/envs/raoxuan/lib/python3.9/site-packages/optuna/study/_optimize.py", line 62, in _optimize
    _optimize_sequential(
  File "/home/raoxuan/ENTER/envs/raoxuan/lib/python3.9/site-packages/optuna/study/_optimize.py", line 159, in _optimize_sequential
    frozen_trial = _run_trial(study, func, catch)
  File "/home/raoxuan/ENTER/envs/raoxuan/lib/python3.9/site-packages/optuna/study/_optimize.py", line 247, in _run_trial
    raise func_err
  File "/home/raoxuan/ENTER/envs/raoxuan/lib/python3.9/site-packages/optuna/study/_optimize.py", line 196, in _run_trial
    value_or_values = func(trial)
  File "/home/raoxuan/projects/SubspaceLoRA/clip_hyperparam_search.py", line 125, in <lambda>
    lambda t: objective(t, base_args, search_space),
  File "/home/raoxuan/projects/SubspaceLoRA/clip_hyperparam_search.py", line 27, in objective
    raw_results = train(args)  # Expected: {seed: history_dict}
  File "/home/raoxuan/projects/SubspaceLoRA/trainer_clip.py", line 44, in train
    results = train_single_run(args)
  File "/home/raoxuan/projects/SubspaceLoRA/trainer_clip.py", line 62, in train_single_run
    final_results = model.loop()
  File "/home/raoxuan/projects/SubspaceLoRA/models/subspace_lora_clip.py", line 1009, in loop
    self.incremental_train(train_loader, zeroshot_weights, self.reference_loader)
  File "/home/raoxuan/projects/SubspaceLoRA/models/subspace_lora_clip.py", line 485, in incremental_train
    self._run_training_loop(train_loader, zeroshot_weights, reference_loader)
  File "/home/raoxuan/projects/SubspaceLoRA/models/subspace_lora_clip.py", line 581, in _run_training_loop
    metrics = self.train_one_iteration(
  File "/home/raoxuan/projects/SubspaceLoRA/models/subspace_lora_clip.py", line 613, in train_one_iteration
    reference_batch = self._next_reference_batch(reference_loader)
KeyboardInterrupt
Error in atexit._run_exitfuncs:
Traceback (most recent call last):
  File "/home/raoxuan/ENTER/envs/raoxuan/lib/python3.9/subprocess.py", line 1189, in wait
    return self._wait(timeout=timeout)
  File "/home/raoxuan/ENTER/envs/raoxuan/lib/python3.9/subprocess.py", line 1927, in _wait
    time.sleep(delay)
KeyboardInterrupt

During handling of the above exception, another exception occurred:

Traceback (most recent call last):
  File "/home/raoxuan/ENTER/envs/raoxuan/lib/python3.9/site-packages/torch/_inductor/compile_worker/subproc_pool.py", line 243, in shutdown
    self.process.wait(300)
  File "/home/raoxuan/ENTER/envs/raoxuan/lib/python3.9/subprocess.py", line 1202, in wait
    self._wait(timeout=sigint_timeout)
  File "/home/raoxuan/ENTER/envs/raoxuan/lib/python3.9/subprocess.py", line 1927, in _wait
    time.sleep(delay)
KeyboardInterrupt
