2025-09-27 17:23:28,555 [trainer.py] => dataset: cifar100
2025-09-27 17:23:28,555 [trainer.py] => smart_defaults: True
2025-09-27 17:23:28,555 [trainer.py] => user: authors
2025-09-27 17:23:28,555 [trainer.py] => test: True
2025-09-27 17:23:28,555 [trainer.py] => memory_size: 0
2025-09-27 17:23:28,555 [trainer.py] => memory_per_class: 0
2025-09-27 17:23:28,555 [trainer.py] => fixed_memory: False
2025-09-27 17:23:28,556 [trainer.py] => shuffle: True
2025-09-27 17:23:28,556 [trainer.py] => init_cls: 20
2025-09-27 17:23:28,556 [trainer.py] => increment: 20
2025-09-27 17:23:28,556 [trainer.py] => model_name: sldc
2025-09-27 17:23:28,556 [trainer.py] => vit_type: vit-b-p16
2025-09-27 17:23:28,556 [trainer.py] => weight_decay: 0.0
2025-09-27 17:23:28,556 [trainer.py] => device: [device(type='cuda', index=0)]
2025-09-27 17:23:28,556 [trainer.py] => sce_a: 0.5
2025-09-27 17:23:28,556 [trainer.py] => sce_b: 0.5
2025-09-27 17:23:28,556 [trainer.py] => seed_list: [1993]
2025-09-27 17:23:28,557 [trainer.py] => iterations: 1500
2025-09-27 17:23:28,557 [trainer.py] => warmup_steps: 200
2025-09-27 17:23:28,557 [trainer.py] => ca_epochs: 5
2025-09-27 17:23:28,557 [trainer.py] => optimizer: adamw
2025-09-27 17:23:28,557 [trainer.py] => lrate: 0.0005
2025-09-27 17:23:28,557 [trainer.py] => head_scale: 1.0
2025-09-27 17:23:28,557 [trainer.py] => batch_size: 24
2025-09-27 17:23:28,557 [trainer.py] => evaluate_final_only: True
2025-09-27 17:23:28,557 [trainer.py] => gamma_norm: 0.1
2025-09-27 17:23:28,557 [trainer.py] => gamma_kd: 0.0
2025-09-27 17:23:28,557 [trainer.py] => kd_type: feat
2025-09-27 17:23:28,557 [trainer.py] => alpha_t: 1.0
2025-09-27 17:23:28,557 [trainer.py] =>  _gamma_1: 0.0001
2025-09-27 17:23:28,557 [trainer.py] => compensate: True
2025-09-27 17:23:28,557 [trainer.py] => eval_only: True
2025-09-27 17:23:28,557 [trainer.py] => lora_rank: 4
2025-09-27 17:23:28,557 [trainer.py] => lora_type: sgp_lora
2025-09-27 17:23:28,557 [trainer.py] => weight_temp: 5.0
2025-09-27 17:23:28,557 [trainer.py] => weight_kind: log1p
2025-09-27 17:23:28,557 [trainer.py] => weight_p: 1.0
2025-09-27 17:23:28,557 [trainer.py] => nsp_eps: 0.05
2025-09-27 17:23:28,557 [trainer.py] => nsp_weight: 0.0
2025-09-27 17:23:28,557 [trainer.py] => auxiliary_data_path: /data1/open_datasets/ImageNet-2012/train
2025-09-27 17:23:28,557 [trainer.py] => aux_dataset: imagenet
2025-09-27 17:23:28,557 [trainer.py] => auxiliary_data_size: 1024
2025-09-27 17:23:28,557 [trainer.py] => l2_protection: True
2025-09-27 17:23:28,557 [trainer.py] => l2_protection_lambda: 0.0001
2025-09-27 17:23:28,557 [trainer.py] => seed: 1993
2025-09-27 17:23:28,557 [trainer.py] => run_id: 0
2025-09-27 17:23:28,557 [trainer.py] => log_path: sldc_logs_authors\cifar100_vit-b-p16\init-20_inc-20_rank-4_lt-sgp_lora_T-5_comp-1_wk-log1p_wp-1_kd-feat_gkd-0_gn-0p1_optim-adamw_lr-0p0005_bz-24_iter-1500_seed-1993
2025-09-27 17:24:18,275 [trainer.py] => dataset: cifar100
2025-09-27 17:24:18,276 [trainer.py] => smart_defaults: True
2025-09-27 17:24:18,276 [trainer.py] => user: authors
2025-09-27 17:24:18,276 [trainer.py] => test: True
2025-09-27 17:24:18,276 [trainer.py] => memory_size: 0
2025-09-27 17:24:18,276 [trainer.py] => memory_per_class: 0
2025-09-27 17:24:18,276 [trainer.py] => fixed_memory: False
2025-09-27 17:24:18,276 [trainer.py] => shuffle: True
2025-09-27 17:24:18,276 [trainer.py] => init_cls: 20
2025-09-27 17:24:18,277 [trainer.py] => increment: 20
2025-09-27 17:24:18,277 [trainer.py] => model_name: sldc
2025-09-27 17:24:18,277 [trainer.py] => vit_type: vit-b-p16
2025-09-27 17:24:18,277 [trainer.py] => weight_decay: 0.0
2025-09-27 17:24:18,277 [trainer.py] => device: [device(type='cuda', index=0)]
2025-09-27 17:24:18,277 [trainer.py] => sce_a: 0.5
2025-09-27 17:24:18,277 [trainer.py] => sce_b: 0.5
2025-09-27 17:24:18,277 [trainer.py] => seed_list: [1993]
2025-09-27 17:24:18,277 [trainer.py] => iterations: 1500
2025-09-27 17:24:18,278 [trainer.py] => warmup_steps: 200
2025-09-27 17:24:18,278 [trainer.py] => ca_epochs: 5
2025-09-27 17:24:18,278 [trainer.py] => optimizer: adamw
2025-09-27 17:24:18,278 [trainer.py] => lrate: 0.0005
2025-09-27 17:24:18,278 [trainer.py] => head_scale: 1.0
2025-09-27 17:24:18,278 [trainer.py] => batch_size: 24
2025-09-27 17:24:18,278 [trainer.py] => evaluate_final_only: True
2025-09-27 17:24:18,278 [trainer.py] => gamma_norm: 0.1
2025-09-27 17:24:18,278 [trainer.py] => gamma_kd: 0.0
2025-09-27 17:24:18,278 [trainer.py] => kd_type: feat
2025-09-27 17:24:18,278 [trainer.py] => alpha_t: 1.0
2025-09-27 17:24:18,278 [trainer.py] =>  _gamma_1: 0.0001
2025-09-27 17:24:18,278 [trainer.py] => compensate: True
2025-09-27 17:24:18,279 [trainer.py] => eval_only: True
2025-09-27 17:24:18,279 [trainer.py] => lora_rank: 4
2025-09-27 17:24:18,279 [trainer.py] => lora_type: sgp_lora
2025-09-27 17:24:18,279 [trainer.py] => weight_temp: 5.0
2025-09-27 17:24:18,279 [trainer.py] => weight_kind: log1p
2025-09-27 17:24:18,279 [trainer.py] => weight_p: 1.0
2025-09-27 17:24:18,279 [trainer.py] => nsp_eps: 0.05
2025-09-27 17:24:18,279 [trainer.py] => nsp_weight: 0.0
2025-09-27 17:24:18,279 [trainer.py] => auxiliary_data_path: /data1/open_datasets/ImageNet-2012/train
2025-09-27 17:24:18,279 [trainer.py] => aux_dataset: imagenet
2025-09-27 17:24:18,279 [trainer.py] => auxiliary_data_size: 1024
2025-09-27 17:24:18,279 [trainer.py] => l2_protection: True
2025-09-27 17:24:18,279 [trainer.py] => l2_protection_lambda: 0.0001
2025-09-27 17:24:18,279 [trainer.py] => seed: 1993
2025-09-27 17:24:18,279 [trainer.py] => run_id: 0
2025-09-27 17:24:18,280 [trainer.py] => log_path: sldc_logs_authors\cifar100_vit-b-p16\init-20_inc-20_rank-4_lt-sgp_lora_T-5_comp-1_wk-log1p_wp-1_kd-feat_gkd-0_gn-0p1_optim-adamw_lr-0p0005_bz-24_iter-1500_seed-1993
2025-09-27 17:24:19,286 [data_manager1.py] => [IDM] load dataset cifar100 | train=50000, test=10000, classes=100
2025-09-27 17:24:19,286 [data_manager1.py] => [IDM] class_order: [68, 56, 78, 8, 23, 84, 90, 65, 74, 76, 40, 89, 3, 92, 55, 9, 26, 80, 43, 38, 58, 70, 77, 1, 85, 19, 17, 50, 28, 53, 13, 81, 45, 82, 6, 59, 83, 16, 15, 44, 91, 41, 72, 60, 79, 52, 20, 10, 31, 54, 37, 95, 14, 71, 96, 98, 97, 2, 64, 66, 42, 22, 35, 86, 24, 34, 87, 21, 99, 0, 88, 27, 18, 94, 11, 12, 47, 25, 30, 46, 62, 69, 36, 61, 7, 63, 75, 5, 32, 4, 51, 48, 73, 93, 39, 67, 29, 49, 57, 33]
2025-09-27 17:24:19,292 [data_manager1.py] => [IDM] increment_classess=[20, 20, 20, 20, 20] (nb_tasks=5)
2025-09-27 17:24:19,776 [_builder.py] => Loading pretrained weights from Hugging Face hub (timm/vit_base_patch16_224.augreg2_in21k_ft_in1k)
2025-09-27 17:24:20,230 [_hub.py] => [timm/vit_base_patch16_224.augreg2_in21k_ft_in1k] Safe alternative available for 'pytorch_model.bin' (as 'model.safetensors'). Loading weights using safetensors.
2025-09-27 17:24:28,644 [subspace_lora.py] => Compiled network with torch.compile
2025-09-27 17:24:28,644 [subspace_lora.py] => Optimizer instantiated: lrate=0.0005, wd=0.0, optimizer=adamw
2025-09-27 17:24:28,645 [trainer.py] => All params: 86469888
2025-09-27 17:24:28,646 [trainer.py] => Trainable params: 672768
2025-09-27 17:27:03,760 [trainer.py] => dataset: cifar100
2025-09-27 17:27:03,760 [trainer.py] => smart_defaults: True
2025-09-27 17:27:03,761 [trainer.py] => user: authors
2025-09-27 17:27:03,761 [trainer.py] => test: True
2025-09-27 17:27:03,761 [trainer.py] => memory_size: 0
2025-09-27 17:27:03,761 [trainer.py] => memory_per_class: 0
2025-09-27 17:27:03,761 [trainer.py] => fixed_memory: False
2025-09-27 17:27:03,761 [trainer.py] => shuffle: True
2025-09-27 17:27:03,761 [trainer.py] => init_cls: 20
2025-09-27 17:27:03,761 [trainer.py] => increment: 20
2025-09-27 17:27:03,761 [trainer.py] => model_name: sldc
2025-09-27 17:27:03,761 [trainer.py] => vit_type: vit-b-p16
2025-09-27 17:27:03,761 [trainer.py] => weight_decay: 0.0
2025-09-27 17:27:03,761 [trainer.py] => device: [device(type='cuda', index=0)]
2025-09-27 17:27:03,761 [trainer.py] => sce_a: 0.5
2025-09-27 17:27:03,761 [trainer.py] => sce_b: 0.5
2025-09-27 17:27:03,761 [trainer.py] => seed_list: [1993]
2025-09-27 17:27:03,762 [trainer.py] => iterations: 1500
2025-09-27 17:27:03,762 [trainer.py] => warmup_steps: 200
2025-09-27 17:27:03,762 [trainer.py] => ca_epochs: 5
2025-09-27 17:27:03,762 [trainer.py] => optimizer: adamw
2025-09-27 17:27:03,762 [trainer.py] => lrate: 0.0005
2025-09-27 17:27:03,762 [trainer.py] => head_scale: 1.0
2025-09-27 17:27:03,762 [trainer.py] => batch_size: 24
2025-09-27 17:27:03,762 [trainer.py] => evaluate_final_only: True
2025-09-27 17:27:03,762 [trainer.py] => gamma_norm: 0.1
2025-09-27 17:27:03,762 [trainer.py] => gamma_kd: 0.0
2025-09-27 17:27:03,762 [trainer.py] => kd_type: feat
2025-09-27 17:27:03,762 [trainer.py] => alpha_t: 1.0
2025-09-27 17:27:03,762 [trainer.py] =>  _gamma_1: 0.0001
2025-09-27 17:27:03,762 [trainer.py] => compensate: True
2025-09-27 17:27:03,763 [trainer.py] => eval_only: True
2025-09-27 17:27:03,763 [trainer.py] => lora_rank: 4
2025-09-27 17:27:03,763 [trainer.py] => lora_type: sgp_lora
2025-09-27 17:27:03,763 [trainer.py] => weight_temp: 5.0
2025-09-27 17:27:03,763 [trainer.py] => weight_kind: log1p
2025-09-27 17:27:03,763 [trainer.py] => weight_p: 1.0
2025-09-27 17:27:03,763 [trainer.py] => nsp_eps: 0.05
2025-09-27 17:27:03,763 [trainer.py] => nsp_weight: 0.0
2025-09-27 17:27:03,763 [trainer.py] => auxiliary_data_path: /data1/open_datasets/ImageNet-2012/train
2025-09-27 17:27:03,763 [trainer.py] => aux_dataset: imagenet
2025-09-27 17:27:03,763 [trainer.py] => auxiliary_data_size: 1024
2025-09-27 17:27:03,763 [trainer.py] => l2_protection: True
2025-09-27 17:27:03,763 [trainer.py] => l2_protection_lambda: 0.0001
2025-09-27 17:27:03,763 [trainer.py] => seed: 1993
2025-09-27 17:27:03,763 [trainer.py] => run_id: 0
2025-09-27 17:27:03,763 [trainer.py] => log_path: sldc_logs_authors\cifar100_vit-b-p16\init-20_inc-20_rank-4_lt-sgp_lora_T-5_comp-1_wk-log1p_wp-1_kd-feat_gkd-0_gn-0p1_optim-adamw_lr-0p0005_bz-24_iter-1500_seed-1993
2025-09-27 17:27:04,798 [data_manager1.py] => [IDM] load dataset cifar100 | train=50000, test=10000, classes=100
2025-09-27 17:27:04,800 [data_manager1.py] => [IDM] class_order: [68, 56, 78, 8, 23, 84, 90, 65, 74, 76, 40, 89, 3, 92, 55, 9, 26, 80, 43, 38, 58, 70, 77, 1, 85, 19, 17, 50, 28, 53, 13, 81, 45, 82, 6, 59, 83, 16, 15, 44, 91, 41, 72, 60, 79, 52, 20, 10, 31, 54, 37, 95, 14, 71, 96, 98, 97, 2, 64, 66, 42, 22, 35, 86, 24, 34, 87, 21, 99, 0, 88, 27, 18, 94, 11, 12, 47, 25, 30, 46, 62, 69, 36, 61, 7, 63, 75, 5, 32, 4, 51, 48, 73, 93, 39, 67, 29, 49, 57, 33]
2025-09-27 17:27:04,806 [data_manager1.py] => [IDM] increment_classess=[20, 20, 20, 20, 20] (nb_tasks=5)
2025-09-27 17:27:05,272 [_builder.py] => Loading pretrained weights from Hugging Face hub (timm/vit_base_patch16_224.augreg2_in21k_ft_in1k)
2025-09-27 17:27:05,710 [_hub.py] => [timm/vit_base_patch16_224.augreg2_in21k_ft_in1k] Safe alternative available for 'pytorch_model.bin' (as 'model.safetensors'). Loading weights using safetensors.
2025-09-27 17:27:13,488 [subspace_lora.py] => Compiled network with torch.compile
2025-09-27 17:27:13,489 [subspace_lora.py] => Optimizer instantiated: lrate=0.0005, wd=0.0, optimizer=adamw
2025-09-27 17:27:13,489 [trainer.py] => All params: 86469888
2025-09-27 17:27:13,490 [trainer.py] => Trainable params: 672768
2025-09-27 17:27:13,937 [subspace_lora.py] => System training on classes 0-20 (cifar100)
2025-09-27 17:28:37,953 [trainer.py] => dataset: cifar100
2025-09-27 17:28:37,953 [trainer.py] => smart_defaults: True
2025-09-27 17:28:37,953 [trainer.py] => user: authors
2025-09-27 17:28:37,954 [trainer.py] => test: True
2025-09-27 17:28:37,954 [trainer.py] => memory_size: 0
2025-09-27 17:28:37,954 [trainer.py] => memory_per_class: 0
2025-09-27 17:28:37,954 [trainer.py] => fixed_memory: False
2025-09-27 17:28:37,954 [trainer.py] => shuffle: True
2025-09-27 17:28:37,954 [trainer.py] => init_cls: 20
2025-09-27 17:28:37,954 [trainer.py] => increment: 20
2025-09-27 17:28:37,954 [trainer.py] => model_name: sldc
2025-09-27 17:28:37,955 [trainer.py] => vit_type: vit-b-p16
2025-09-27 17:28:37,955 [trainer.py] => weight_decay: 0.0
2025-09-27 17:28:37,955 [trainer.py] => device: [device(type='cuda', index=0)]
2025-09-27 17:28:37,955 [trainer.py] => sce_a: 0.5
2025-09-27 17:28:37,955 [trainer.py] => sce_b: 0.5
2025-09-27 17:28:37,955 [trainer.py] => seed_list: [1993]
2025-09-27 17:28:37,955 [trainer.py] => iterations: 1500
2025-09-27 17:28:37,955 [trainer.py] => warmup_steps: 200
2025-09-27 17:28:37,955 [trainer.py] => ca_epochs: 5
2025-09-27 17:28:37,955 [trainer.py] => optimizer: adamw
2025-09-27 17:28:37,955 [trainer.py] => lrate: 0.0005
2025-09-27 17:28:37,955 [trainer.py] => head_scale: 1.0
2025-09-27 17:28:37,955 [trainer.py] => batch_size: 24
2025-09-27 17:28:37,955 [trainer.py] => evaluate_final_only: True
2025-09-27 17:28:37,955 [trainer.py] => gamma_norm: 0.1
2025-09-27 17:28:37,955 [trainer.py] => gamma_kd: 0.0
2025-09-27 17:28:37,955 [trainer.py] => kd_type: feat
2025-09-27 17:28:37,955 [trainer.py] => alpha_t: 1.0
2025-09-27 17:28:37,955 [trainer.py] =>  _gamma_1: 0.0001
2025-09-27 17:28:37,955 [trainer.py] => compensate: True
2025-09-27 17:28:37,955 [trainer.py] => eval_only: False
2025-09-27 17:28:37,955 [trainer.py] => lora_rank: 4
2025-09-27 17:28:37,955 [trainer.py] => lora_type: sgp_lora
2025-09-27 17:28:37,955 [trainer.py] => weight_temp: 5.0
2025-09-27 17:28:37,955 [trainer.py] => weight_kind: log1p
2025-09-27 17:28:37,955 [trainer.py] => weight_p: 1.0
2025-09-27 17:28:37,955 [trainer.py] => nsp_eps: 0.05
2025-09-27 17:28:37,955 [trainer.py] => nsp_weight: 0.0
2025-09-27 17:28:37,955 [trainer.py] => auxiliary_data_path: /data1/open_datasets/ImageNet-2012/train
2025-09-27 17:28:37,955 [trainer.py] => aux_dataset: imagenet
2025-09-27 17:28:37,955 [trainer.py] => auxiliary_data_size: 1024
2025-09-27 17:28:37,957 [trainer.py] => l2_protection: True
2025-09-27 17:28:37,957 [trainer.py] => l2_protection_lambda: 0.0001
2025-09-27 17:28:37,957 [trainer.py] => seed: 1993
2025-09-27 17:28:37,957 [trainer.py] => run_id: 0
2025-09-27 17:28:37,957 [trainer.py] => log_path: sldc_logs_authors\cifar100_vit-b-p16\init-20_inc-20_rank-4_lt-sgp_lora_T-5_comp-1_wk-log1p_wp-1_kd-feat_gkd-0_gn-0p1_optim-adamw_lr-0p0005_bz-24_iter-1500_seed-1993
2025-09-27 17:28:38,988 [data_manager1.py] => [IDM] load dataset cifar100 | train=50000, test=10000, classes=100
2025-09-27 17:28:38,989 [data_manager1.py] => [IDM] class_order: [68, 56, 78, 8, 23, 84, 90, 65, 74, 76, 40, 89, 3, 92, 55, 9, 26, 80, 43, 38, 58, 70, 77, 1, 85, 19, 17, 50, 28, 53, 13, 81, 45, 82, 6, 59, 83, 16, 15, 44, 91, 41, 72, 60, 79, 52, 20, 10, 31, 54, 37, 95, 14, 71, 96, 98, 97, 2, 64, 66, 42, 22, 35, 86, 24, 34, 87, 21, 99, 0, 88, 27, 18, 94, 11, 12, 47, 25, 30, 46, 62, 69, 36, 61, 7, 63, 75, 5, 32, 4, 51, 48, 73, 93, 39, 67, 29, 49, 57, 33]
2025-09-27 17:28:38,996 [data_manager1.py] => [IDM] increment_classess=[20, 20, 20, 20, 20] (nb_tasks=5)
2025-09-27 17:28:39,462 [_builder.py] => Loading pretrained weights from Hugging Face hub (timm/vit_base_patch16_224.augreg2_in21k_ft_in1k)
2025-09-27 17:28:39,946 [_hub.py] => [timm/vit_base_patch16_224.augreg2_in21k_ft_in1k] Safe alternative available for 'pytorch_model.bin' (as 'model.safetensors'). Loading weights using safetensors.
2025-09-27 17:28:47,547 [subspace_lora.py] => Compiled network with torch.compile
2025-09-27 17:28:47,547 [subspace_lora.py] => Optimizer instantiated: lrate=0.0005, wd=0.0, optimizer=adamw
2025-09-27 17:28:47,548 [trainer.py] => All params: 86469888
2025-09-27 17:28:47,548 [trainer.py] => Trainable params: 672768
2025-09-27 17:28:47,998 [subspace_lora.py] => System training on classes 0-20 (cifar100)
2025-09-27 17:31:41,533 [trainer.py] => dataset: cifar100
2025-09-27 17:31:41,533 [trainer.py] => smart_defaults: True
2025-09-27 17:31:41,533 [trainer.py] => user: authors
2025-09-27 17:31:41,533 [trainer.py] => test: True
2025-09-27 17:31:41,533 [trainer.py] => memory_size: 0
2025-09-27 17:31:41,534 [trainer.py] => memory_per_class: 0
2025-09-27 17:31:41,534 [trainer.py] => fixed_memory: False
2025-09-27 17:31:41,534 [trainer.py] => shuffle: True
2025-09-27 17:31:41,534 [trainer.py] => init_cls: 20
2025-09-27 17:31:41,534 [trainer.py] => increment: 20
2025-09-27 17:31:41,534 [trainer.py] => model_name: sldc
2025-09-27 17:31:41,534 [trainer.py] => vit_type: vit-b-p16
2025-09-27 17:31:41,534 [trainer.py] => weight_decay: 0.0
2025-09-27 17:31:41,534 [trainer.py] => device: [device(type='cuda', index=0)]
2025-09-27 17:31:41,534 [trainer.py] => sce_a: 0.5
2025-09-27 17:31:41,534 [trainer.py] => sce_b: 0.5
2025-09-27 17:31:41,535 [trainer.py] => seed_list: [1993]
2025-09-27 17:31:41,535 [trainer.py] => iterations: 1500
2025-09-27 17:31:41,535 [trainer.py] => warmup_steps: 200
2025-09-27 17:31:41,535 [trainer.py] => ca_epochs: 5
2025-09-27 17:31:41,535 [trainer.py] => optimizer: adamw
2025-09-27 17:31:41,535 [trainer.py] => lrate: 0.0005
2025-09-27 17:31:41,535 [trainer.py] => head_scale: 1.0
2025-09-27 17:31:41,535 [trainer.py] => batch_size: 24
2025-09-27 17:31:41,535 [trainer.py] => evaluate_final_only: True
2025-09-27 17:31:41,535 [trainer.py] => gamma_norm: 0.1
2025-09-27 17:31:41,536 [trainer.py] => gamma_kd: 0.0
2025-09-27 17:31:41,536 [trainer.py] => kd_type: feat
2025-09-27 17:31:41,536 [trainer.py] => alpha_t: 1.0
2025-09-27 17:31:41,536 [trainer.py] =>  _gamma_1: 0.0001
2025-09-27 17:31:41,536 [trainer.py] => compensate: True
2025-09-27 17:31:41,536 [trainer.py] => eval_only: False
2025-09-27 17:31:41,536 [trainer.py] => lora_rank: 4
2025-09-27 17:31:41,536 [trainer.py] => lora_type: sgp_lora
2025-09-27 17:31:41,536 [trainer.py] => weight_temp: 5.0
2025-09-27 17:31:41,536 [trainer.py] => weight_kind: log1p
2025-09-27 17:31:41,536 [trainer.py] => weight_p: 1.0
2025-09-27 17:31:41,536 [trainer.py] => nsp_eps: 0.05
2025-09-27 17:31:41,536 [trainer.py] => nsp_weight: 0.0
2025-09-27 17:31:41,536 [trainer.py] => auxiliary_data_path: /data1/open_datasets/ImageNet-2012/train
2025-09-27 17:31:41,536 [trainer.py] => aux_dataset: imagenet
2025-09-27 17:31:41,537 [trainer.py] => auxiliary_data_size: 1024
2025-09-27 17:31:41,537 [trainer.py] => l2_protection: True
2025-09-27 17:31:41,537 [trainer.py] => l2_protection_lambda: 0.0001
2025-09-27 17:31:41,537 [trainer.py] => seed: 1993
2025-09-27 17:31:41,537 [trainer.py] => run_id: 0
2025-09-27 17:31:41,537 [trainer.py] => log_path: sldc_logs_authors\cifar100_vit-b-p16\init-20_inc-20_rank-4_lt-sgp_lora_T-5_comp-1_wk-log1p_wp-1_kd-feat_gkd-0_gn-0p1_optim-adamw_lr-0p0005_bz-24_iter-1500_seed-1993
2025-09-27 17:31:42,581 [data_manager1.py] => [IDM] load dataset cifar100 | train=50000, test=10000, classes=100
2025-09-27 17:31:42,582 [data_manager1.py] => [IDM] class_order: [68, 56, 78, 8, 23, 84, 90, 65, 74, 76, 40, 89, 3, 92, 55, 9, 26, 80, 43, 38, 58, 70, 77, 1, 85, 19, 17, 50, 28, 53, 13, 81, 45, 82, 6, 59, 83, 16, 15, 44, 91, 41, 72, 60, 79, 52, 20, 10, 31, 54, 37, 95, 14, 71, 96, 98, 97, 2, 64, 66, 42, 22, 35, 86, 24, 34, 87, 21, 99, 0, 88, 27, 18, 94, 11, 12, 47, 25, 30, 46, 62, 69, 36, 61, 7, 63, 75, 5, 32, 4, 51, 48, 73, 93, 39, 67, 29, 49, 57, 33]
2025-09-27 17:31:42,588 [data_manager1.py] => [IDM] increment_classess=[20, 20, 20, 20, 20] (nb_tasks=5)
2025-09-27 17:31:43,054 [_builder.py] => Loading pretrained weights from Hugging Face hub (timm/vit_base_patch16_224.augreg2_in21k_ft_in1k)
2025-09-27 17:31:43,480 [_hub.py] => [timm/vit_base_patch16_224.augreg2_in21k_ft_in1k] Safe alternative available for 'pytorch_model.bin' (as 'model.safetensors'). Loading weights using safetensors.
2025-09-27 17:31:51,059 [subspace_lora.py] => Compiled network with torch.compile
2025-09-27 17:31:51,060 [subspace_lora.py] => Optimizer instantiated: lrate=0.0005, wd=0.0, optimizer=adamw
2025-09-27 17:31:51,060 [trainer.py] => All params: 86469888
2025-09-27 17:31:51,061 [trainer.py] => Trainable params: 672768
2025-09-27 17:31:51,510 [subspace_lora.py] => System training on classes 0-20 (cifar100)
2025-09-27 17:46:00,539 [trainer.py] => dataset: cifar100
2025-09-27 17:46:00,539 [trainer.py] => smart_defaults: True
2025-09-27 17:46:00,540 [trainer.py] => user: authors
2025-09-27 17:46:00,540 [trainer.py] => test: True
2025-09-27 17:46:00,540 [trainer.py] => memory_size: 0
2025-09-27 17:46:00,540 [trainer.py] => memory_per_class: 0
2025-09-27 17:46:00,540 [trainer.py] => fixed_memory: False
2025-09-27 17:46:00,540 [trainer.py] => shuffle: True
2025-09-27 17:46:00,540 [trainer.py] => init_cls: 20
2025-09-27 17:46:00,540 [trainer.py] => increment: 20
2025-09-27 17:46:00,540 [trainer.py] => model_name: sldc
2025-09-27 17:46:00,540 [trainer.py] => vit_type: vit-b-p16
2025-09-27 17:46:00,540 [trainer.py] => weight_decay: 0.0
2025-09-27 17:46:00,540 [trainer.py] => device: [device(type='cuda', index=0)]
2025-09-27 17:46:00,540 [trainer.py] => sce_a: 0.5
2025-09-27 17:46:00,540 [trainer.py] => sce_b: 0.5
2025-09-27 17:46:00,540 [trainer.py] => seed_list: [1993]
2025-09-27 17:46:00,540 [trainer.py] => iterations: 1500
2025-09-27 17:46:00,540 [trainer.py] => warmup_steps: 200
2025-09-27 17:46:00,541 [trainer.py] => ca_epochs: 5
2025-09-27 17:46:00,541 [trainer.py] => optimizer: adamw
2025-09-27 17:46:00,541 [trainer.py] => lrate: 0.0005
2025-09-27 17:46:00,541 [trainer.py] => head_scale: 1.0
2025-09-27 17:46:00,541 [trainer.py] => batch_size: 24
2025-09-27 17:46:00,541 [trainer.py] => evaluate_final_only: True
2025-09-27 17:46:00,541 [trainer.py] => gamma_norm: 0.1
2025-09-27 17:46:00,541 [trainer.py] => gamma_kd: 0.0
2025-09-27 17:46:00,541 [trainer.py] => kd_type: feat
2025-09-27 17:46:00,541 [trainer.py] => alpha_t: 1.0
2025-09-27 17:46:00,541 [trainer.py] =>  _gamma_1: 0.0001
2025-09-27 17:46:00,541 [trainer.py] => compensate: True
2025-09-27 17:46:00,541 [trainer.py] => eval_only: False
2025-09-27 17:46:00,541 [trainer.py] => lora_rank: 4
2025-09-27 17:46:00,541 [trainer.py] => lora_type: sgp_lora
2025-09-27 17:46:00,542 [trainer.py] => weight_temp: 5.0
2025-09-27 17:46:00,542 [trainer.py] => weight_kind: log1p
2025-09-27 17:46:00,542 [trainer.py] => weight_p: 1.0
2025-09-27 17:46:00,542 [trainer.py] => nsp_eps: 0.05
2025-09-27 17:46:00,542 [trainer.py] => nsp_weight: 0.0
2025-09-27 17:46:00,542 [trainer.py] => auxiliary_data_path: /data1/open_datasets/ImageNet-2012/train
2025-09-27 17:46:00,542 [trainer.py] => aux_dataset: imagenet
2025-09-27 17:46:00,542 [trainer.py] => auxiliary_data_size: 1024
2025-09-27 17:46:00,542 [trainer.py] => l2_protection: True
2025-09-27 17:46:00,543 [trainer.py] => l2_protection_lambda: 0.0001
2025-09-27 17:46:00,543 [trainer.py] => seed: 1993
2025-09-27 17:46:00,543 [trainer.py] => run_id: 0
2025-09-27 17:46:00,543 [trainer.py] => log_path: sldc_logs_authors\cifar100_vit-b-p16\init-20_inc-20_rank-4_lt-sgp_lora_T-5_comp-1_wk-log1p_wp-1_kd-feat_gkd-0_gn-0p1_optim-adamw_lr-0p0005_bz-24_iter-1500_seed-1993
2025-09-27 17:46:01,596 [data_manager1.py] => [IDM] load dataset cifar100 | train=50000, test=10000, classes=100
2025-09-27 17:46:01,597 [data_manager1.py] => [IDM] class_order: [68, 56, 78, 8, 23, 84, 90, 65, 74, 76, 40, 89, 3, 92, 55, 9, 26, 80, 43, 38, 58, 70, 77, 1, 85, 19, 17, 50, 28, 53, 13, 81, 45, 82, 6, 59, 83, 16, 15, 44, 91, 41, 72, 60, 79, 52, 20, 10, 31, 54, 37, 95, 14, 71, 96, 98, 97, 2, 64, 66, 42, 22, 35, 86, 24, 34, 87, 21, 99, 0, 88, 27, 18, 94, 11, 12, 47, 25, 30, 46, 62, 69, 36, 61, 7, 63, 75, 5, 32, 4, 51, 48, 73, 93, 39, 67, 29, 49, 57, 33]
2025-09-27 17:46:01,603 [data_manager1.py] => [IDM] increment_classess=[20, 20, 20, 20, 20] (nb_tasks=5)
2025-09-27 17:46:02,070 [_builder.py] => Loading pretrained weights from Hugging Face hub (timm/vit_base_patch16_224.augreg2_in21k_ft_in1k)
2025-09-27 17:46:02,509 [_hub.py] => [timm/vit_base_patch16_224.augreg2_in21k_ft_in1k] Safe alternative available for 'pytorch_model.bin' (as 'model.safetensors'). Loading weights using safetensors.
2025-09-27 17:46:10,329 [subspace_lora.py] => Compiled network with torch.compile
2025-09-27 17:46:10,329 [subspace_lora.py] => Optimizer instantiated: lrate=0.0005, wd=0.0, optimizer=adamw
2025-09-27 17:46:10,330 [trainer.py] => All params: 86469888
2025-09-27 17:46:10,330 [trainer.py] => Trainable params: 672768
2025-09-27 17:46:47,116 [trainer.py] => dataset: cifar100
2025-09-27 17:46:47,116 [trainer.py] => smart_defaults: True
2025-09-27 17:46:47,116 [trainer.py] => user: authors
2025-09-27 17:46:47,116 [trainer.py] => test: True
2025-09-27 17:46:47,116 [trainer.py] => memory_size: 0
2025-09-27 17:46:47,117 [trainer.py] => memory_per_class: 0
2025-09-27 17:46:47,117 [trainer.py] => fixed_memory: False
2025-09-27 17:46:47,117 [trainer.py] => shuffle: True
2025-09-27 17:46:47,117 [trainer.py] => init_cls: 20
2025-09-27 17:46:47,117 [trainer.py] => increment: 20
2025-09-27 17:46:47,117 [trainer.py] => model_name: sldc
2025-09-27 17:46:47,117 [trainer.py] => vit_type: vit-b-p16
2025-09-27 17:46:47,117 [trainer.py] => weight_decay: 0.0
2025-09-27 17:46:47,117 [trainer.py] => device: [device(type='cuda', index=0)]
2025-09-27 17:46:47,117 [trainer.py] => sce_a: 0.5
2025-09-27 17:46:47,117 [trainer.py] => sce_b: 0.5
2025-09-27 17:46:47,117 [trainer.py] => seed_list: [1993]
2025-09-27 17:46:47,117 [trainer.py] => iterations: 1500
2025-09-27 17:46:47,117 [trainer.py] => warmup_steps: 200
2025-09-27 17:46:47,117 [trainer.py] => ca_epochs: 5
2025-09-27 17:46:47,118 [trainer.py] => optimizer: adamw
2025-09-27 17:46:47,118 [trainer.py] => lrate: 0.0005
2025-09-27 17:46:47,118 [trainer.py] => head_scale: 1.0
2025-09-27 17:46:47,118 [trainer.py] => batch_size: 24
2025-09-27 17:46:47,118 [trainer.py] => evaluate_final_only: True
2025-09-27 17:46:47,118 [trainer.py] => gamma_norm: 0.1
2025-09-27 17:46:47,118 [trainer.py] => gamma_kd: 0.0
2025-09-27 17:46:47,118 [trainer.py] => kd_type: feat
2025-09-27 17:46:47,118 [trainer.py] => alpha_t: 1.0
2025-09-27 17:46:47,118 [trainer.py] =>  _gamma_1: 0.0001
2025-09-27 17:46:47,118 [trainer.py] => compensate: True
2025-09-27 17:46:47,118 [trainer.py] => eval_only: False
2025-09-27 17:46:47,118 [trainer.py] => lora_rank: 4
2025-09-27 17:46:47,118 [trainer.py] => lora_type: sgp_lora
2025-09-27 17:46:47,118 [trainer.py] => weight_temp: 5.0
2025-09-27 17:46:47,118 [trainer.py] => weight_kind: log1p
2025-09-27 17:46:47,118 [trainer.py] => weight_p: 1.0
2025-09-27 17:46:47,119 [trainer.py] => nsp_eps: 0.05
2025-09-27 17:46:47,119 [trainer.py] => nsp_weight: 0.0
2025-09-27 17:46:47,119 [trainer.py] => auxiliary_data_path: /data1/open_datasets/ImageNet-2012/train
2025-09-27 17:46:47,119 [trainer.py] => aux_dataset: imagenet
2025-09-27 17:46:47,119 [trainer.py] => auxiliary_data_size: 1024
2025-09-27 17:46:47,119 [trainer.py] => l2_protection: True
2025-09-27 17:46:47,119 [trainer.py] => l2_protection_lambda: 0.0001
2025-09-27 17:46:47,119 [trainer.py] => seed: 1993
2025-09-27 17:46:47,119 [trainer.py] => run_id: 0
2025-09-27 17:46:47,119 [trainer.py] => log_path: sldc_logs_authors\cifar100_vit-b-p16\init-20_inc-20_rank-4_lt-sgp_lora_T-5_comp-1_wk-log1p_wp-1_kd-feat_gkd-0_gn-0p1_optim-adamw_lr-0p0005_bz-24_iter-1500_seed-1993
2025-09-27 17:46:48,156 [data_manager1.py] => [IDM] load dataset cifar100 | train=50000, test=10000, classes=100
2025-09-27 17:46:48,156 [data_manager1.py] => [IDM] class_order: [68, 56, 78, 8, 23, 84, 90, 65, 74, 76, 40, 89, 3, 92, 55, 9, 26, 80, 43, 38, 58, 70, 77, 1, 85, 19, 17, 50, 28, 53, 13, 81, 45, 82, 6, 59, 83, 16, 15, 44, 91, 41, 72, 60, 79, 52, 20, 10, 31, 54, 37, 95, 14, 71, 96, 98, 97, 2, 64, 66, 42, 22, 35, 86, 24, 34, 87, 21, 99, 0, 88, 27, 18, 94, 11, 12, 47, 25, 30, 46, 62, 69, 36, 61, 7, 63, 75, 5, 32, 4, 51, 48, 73, 93, 39, 67, 29, 49, 57, 33]
2025-09-27 17:46:48,163 [data_manager1.py] => [IDM] increment_classess=[20, 20, 20, 20, 20] (nb_tasks=5)
2025-09-27 17:46:48,629 [_builder.py] => Loading pretrained weights from Hugging Face hub (timm/vit_base_patch16_224.augreg2_in21k_ft_in1k)
2025-09-27 17:46:49,097 [_hub.py] => [timm/vit_base_patch16_224.augreg2_in21k_ft_in1k] Safe alternative available for 'pytorch_model.bin' (as 'model.safetensors'). Loading weights using safetensors.
2025-09-27 17:46:56,627 [subspace_lora.py] => Compiled network with torch.compile
2025-09-27 17:46:56,627 [subspace_lora.py] => Optimizer instantiated: lrate=0.0005, wd=0.0, optimizer=adamw
2025-09-27 17:46:56,628 [trainer.py] => All params: 86469888
2025-09-27 17:46:56,629 [trainer.py] => Trainable params: 672768
2025-09-27 17:46:57,066 [subspace_lora.py] => System training on classes 0-20 (cifar100)
2025-09-27 17:48:35,056 [trainer.py] => dataset: cifar100
2025-09-27 17:48:35,056 [trainer.py] => smart_defaults: True
2025-09-27 17:48:35,056 [trainer.py] => user: authors
2025-09-27 17:48:35,056 [trainer.py] => test: True
2025-09-27 17:48:35,056 [trainer.py] => memory_size: 0
2025-09-27 17:48:35,056 [trainer.py] => memory_per_class: 0
2025-09-27 17:48:35,056 [trainer.py] => fixed_memory: False
2025-09-27 17:48:35,056 [trainer.py] => shuffle: True
2025-09-27 17:48:35,056 [trainer.py] => init_cls: 20
2025-09-27 17:48:35,057 [trainer.py] => increment: 20
2025-09-27 17:48:35,057 [trainer.py] => model_name: sldc
2025-09-27 17:48:35,057 [trainer.py] => vit_type: vit-b-p16
2025-09-27 17:48:35,057 [trainer.py] => weight_decay: 0.0
2025-09-27 17:48:35,057 [trainer.py] => device: [device(type='cuda', index=0)]
2025-09-27 17:48:35,057 [trainer.py] => sce_a: 0.5
2025-09-27 17:48:35,057 [trainer.py] => sce_b: 0.5
2025-09-27 17:48:35,057 [trainer.py] => seed_list: [1993]
2025-09-27 17:48:35,057 [trainer.py] => iterations: 1500
2025-09-27 17:48:35,058 [trainer.py] => warmup_steps: 200
2025-09-27 17:48:35,058 [trainer.py] => ca_epochs: 5
2025-09-27 17:48:35,058 [trainer.py] => optimizer: adamw
2025-09-27 17:48:35,058 [trainer.py] => lrate: 0.0005
2025-09-27 17:48:35,058 [trainer.py] => head_scale: 1.0
2025-09-27 17:48:35,058 [trainer.py] => batch_size: 24
2025-09-27 17:48:35,058 [trainer.py] => evaluate_final_only: True
2025-09-27 17:48:35,058 [trainer.py] => gamma_norm: 0.1
2025-09-27 17:48:35,058 [trainer.py] => gamma_kd: 0.0
2025-09-27 17:48:35,058 [trainer.py] => kd_type: feat
2025-09-27 17:48:35,058 [trainer.py] => alpha_t: 1.0
2025-09-27 17:48:35,058 [trainer.py] =>  _gamma_1: 0.0001
2025-09-27 17:48:35,058 [trainer.py] => compensate: True
2025-09-27 17:48:35,058 [trainer.py] => eval_only: False
2025-09-27 17:48:35,058 [trainer.py] => lora_rank: 4
2025-09-27 17:48:35,058 [trainer.py] => lora_type: sgp_lora
2025-09-27 17:48:35,058 [trainer.py] => weight_temp: 5.0
2025-09-27 17:48:35,058 [trainer.py] => weight_kind: log1p
2025-09-27 17:48:35,059 [trainer.py] => weight_p: 1.0
2025-09-27 17:48:35,059 [trainer.py] => nsp_eps: 0.05
2025-09-27 17:48:35,059 [trainer.py] => nsp_weight: 0.0
2025-09-27 17:48:35,059 [trainer.py] => auxiliary_data_path: /data1/open_datasets/ImageNet-2012/train
2025-09-27 17:48:35,059 [trainer.py] => aux_dataset: imagenet
2025-09-27 17:48:35,059 [trainer.py] => auxiliary_data_size: 1024
2025-09-27 17:48:35,059 [trainer.py] => l2_protection: True
2025-09-27 17:48:35,059 [trainer.py] => l2_protection_lambda: 0.0001
2025-09-27 17:48:35,059 [trainer.py] => seed: 1993
2025-09-27 17:48:35,059 [trainer.py] => run_id: 0
2025-09-27 17:48:35,059 [trainer.py] => log_path: sldc_logs_authors\cifar100_vit-b-p16\init-20_inc-20_rank-4_lt-sgp_lora_T-5_comp-1_wk-log1p_wp-1_kd-feat_gkd-0_gn-0p1_optim-adamw_lr-0p0005_bz-24_iter-1500_seed-1993
2025-09-27 17:48:36,097 [data_manager1.py] => [IDM] load dataset cifar100 | train=50000, test=10000, classes=100
2025-09-27 17:48:36,097 [data_manager1.py] => [IDM] class_order: [68, 56, 78, 8, 23, 84, 90, 65, 74, 76, 40, 89, 3, 92, 55, 9, 26, 80, 43, 38, 58, 70, 77, 1, 85, 19, 17, 50, 28, 53, 13, 81, 45, 82, 6, 59, 83, 16, 15, 44, 91, 41, 72, 60, 79, 52, 20, 10, 31, 54, 37, 95, 14, 71, 96, 98, 97, 2, 64, 66, 42, 22, 35, 86, 24, 34, 87, 21, 99, 0, 88, 27, 18, 94, 11, 12, 47, 25, 30, 46, 62, 69, 36, 61, 7, 63, 75, 5, 32, 4, 51, 48, 73, 93, 39, 67, 29, 49, 57, 33]
2025-09-27 17:48:36,104 [data_manager1.py] => [IDM] increment_classess=[20, 20, 20, 20, 20] (nb_tasks=5)
2025-09-27 17:48:36,565 [_builder.py] => Loading pretrained weights from Hugging Face hub (timm/vit_base_patch16_224.augreg2_in21k_ft_in1k)
2025-09-27 17:48:36,994 [_hub.py] => [timm/vit_base_patch16_224.augreg2_in21k_ft_in1k] Safe alternative available for 'pytorch_model.bin' (as 'model.safetensors'). Loading weights using safetensors.
2025-09-27 17:48:44,611 [subspace_lora.py] => Compiled network with torch.compile
2025-09-27 17:48:44,611 [subspace_lora.py] => Optimizer instantiated: lrate=0.0005, wd=0.0, optimizer=adamw
2025-09-27 17:48:44,612 [trainer.py] => All params: 86469888
2025-09-27 17:48:44,612 [trainer.py] => Trainable params: 672768
2025-09-27 17:48:45,053 [subspace_lora.py] => System training on classes 0-20 (cifar100)
2025-09-27 17:48:48,996 [subspace_lora.py] => step: 1, loss: 1.6656, kd_loss: 0.0000, prior_loss: 0.0000, acc: 0.0417
2025-09-27 17:48:52,809 [subspace_lora.py] => step: 2, loss: 1.6611, kd_loss: 0.0000, prior_loss: 0.0000, acc: 0.0417
2025-09-27 17:48:56,815 [subspace_lora.py] => step: 3, loss: 1.6489, kd_loss: 0.0000, prior_loss: 0.0000, acc: 0.0458
2025-09-27 17:49:00,708 [subspace_lora.py] => step: 4, loss: 1.6340, kd_loss: 0.0000, prior_loss: 0.0000, acc: 0.0454
2025-09-27 17:49:04,612 [subspace_lora.py] => step: 5, loss: 1.6127, kd_loss: 0.0000, prior_loss: 0.0000, acc: 0.0534
2025-09-27 17:49:08,495 [subspace_lora.py] => step: 6, loss: 1.6033, kd_loss: 0.0000, prior_loss: 0.0000, acc: 0.0522
2025-09-27 17:49:12,399 [subspace_lora.py] => step: 7, loss: 1.5965, kd_loss: 0.0000, prior_loss: 0.0000, acc: 0.0553
2025-09-27 17:49:16,383 [subspace_lora.py] => step: 8, loss: 1.5782, kd_loss: 0.0000, prior_loss: 0.0000, acc: 0.0665
2025-09-27 17:49:20,327 [subspace_lora.py] => step: 9, loss: 1.5622, kd_loss: 0.0000, prior_loss: 0.0000, acc: 0.0723
2025-09-27 17:49:24,321 [subspace_lora.py] => step: 10, loss: 1.5424, kd_loss: 0.0000, prior_loss: 0.0000, acc: 0.0859
2025-09-27 17:49:28,303 [subspace_lora.py] => step: 11, loss: 1.5173, kd_loss: 0.0000, prior_loss: 0.0000, acc: 0.0940
2025-09-27 17:49:32,373 [subspace_lora.py] => step: 12, loss: 1.5018, kd_loss: 0.0000, prior_loss: 0.0000, acc: 0.1096
2025-09-27 17:49:36,338 [subspace_lora.py] => step: 13, loss: 1.4858, kd_loss: 0.0000, prior_loss: 0.0000, acc: 0.1320
2025-09-27 17:54:00,723 [trainer.py] => dataset: cifar100
2025-09-27 17:54:00,723 [trainer.py] => smart_defaults: True
2025-09-27 17:54:00,724 [trainer.py] => user: authors
2025-09-27 17:54:00,724 [trainer.py] => test: True
2025-09-27 17:54:00,724 [trainer.py] => memory_size: 0
2025-09-27 17:54:00,724 [trainer.py] => memory_per_class: 0
2025-09-27 17:54:00,724 [trainer.py] => fixed_memory: False
2025-09-27 17:54:00,724 [trainer.py] => shuffle: True
2025-09-27 17:54:00,724 [trainer.py] => init_cls: 20
2025-09-27 17:54:00,724 [trainer.py] => increment: 20
2025-09-27 17:54:00,724 [trainer.py] => model_name: sldc
2025-09-27 17:54:00,724 [trainer.py] => vit_type: vit-b-p16
2025-09-27 17:54:00,724 [trainer.py] => weight_decay: 0.0
2025-09-27 17:54:00,724 [trainer.py] => device: [device(type='cuda', index=0)]
2025-09-27 17:54:00,724 [trainer.py] => sce_a: 0.5
2025-09-27 17:54:00,724 [trainer.py] => sce_b: 0.5
2025-09-27 17:54:00,724 [trainer.py] => seed_list: [1993]
2025-09-27 17:54:00,724 [trainer.py] => iterations: 1500
2025-09-27 17:54:00,724 [trainer.py] => warmup_steps: 200
2025-09-27 17:54:00,724 [trainer.py] => ca_epochs: 5
2025-09-27 17:54:00,724 [trainer.py] => optimizer: adamw
2025-09-27 17:54:00,725 [trainer.py] => lrate: 0.0005
2025-09-27 17:54:00,725 [trainer.py] => head_scale: 1.0
2025-09-27 17:54:00,725 [trainer.py] => batch_size: 24
2025-09-27 17:54:00,725 [trainer.py] => evaluate_final_only: True
2025-09-27 17:54:00,725 [trainer.py] => gamma_norm: 0.1
2025-09-27 17:54:00,725 [trainer.py] => gamma_kd: 0.0
2025-09-27 17:54:00,725 [trainer.py] => kd_type: feat
2025-09-27 17:54:00,725 [trainer.py] => alpha_t: 1.0
2025-09-27 17:54:00,725 [trainer.py] =>  _gamma_1: 0.0001
2025-09-27 17:54:00,725 [trainer.py] => compensate: True
2025-09-27 17:54:00,725 [trainer.py] => eval_only: False
2025-09-27 17:54:00,725 [trainer.py] => lora_rank: 4
2025-09-27 17:54:00,725 [trainer.py] => lora_type: sgp_lora
2025-09-27 17:54:00,725 [trainer.py] => weight_temp: 5.0
2025-09-27 17:54:00,725 [trainer.py] => weight_kind: log1p
2025-09-27 17:54:00,725 [trainer.py] => weight_p: 1.0
2025-09-27 17:54:00,726 [trainer.py] => nsp_eps: 0.05
2025-09-27 17:54:00,726 [trainer.py] => nsp_weight: 0.0
2025-09-27 17:54:00,726 [trainer.py] => auxiliary_data_path: /data1/open_datasets/ImageNet-2012/train
2025-09-27 17:54:00,726 [trainer.py] => aux_dataset: imagenet
2025-09-27 17:54:00,726 [trainer.py] => auxiliary_data_size: 1024
2025-09-27 17:54:00,726 [trainer.py] => l2_protection: True
2025-09-27 17:54:00,726 [trainer.py] => l2_protection_lambda: 0.0001
2025-09-27 17:54:00,726 [trainer.py] => seed: 1993
2025-09-27 17:54:00,726 [trainer.py] => run_id: 0
2025-09-27 17:54:00,726 [trainer.py] => log_path: sldc_logs_authors\cifar100_vit-b-p16\init-20_inc-20_rank-4_lt-sgp_lora_T-5_comp-1_wk-log1p_wp-1_kd-feat_gkd-0_gn-0p1_optim-adamw_lr-0p0005_bz-24_iter-1500_seed-1993
2025-09-27 17:54:01,772 [data_manager1.py] => [IDM] load dataset cifar100 | train=50000, test=10000, classes=100
2025-09-27 17:54:01,773 [data_manager1.py] => [IDM] class_order: [68, 56, 78, 8, 23, 84, 90, 65, 74, 76, 40, 89, 3, 92, 55, 9, 26, 80, 43, 38, 58, 70, 77, 1, 85, 19, 17, 50, 28, 53, 13, 81, 45, 82, 6, 59, 83, 16, 15, 44, 91, 41, 72, 60, 79, 52, 20, 10, 31, 54, 37, 95, 14, 71, 96, 98, 97, 2, 64, 66, 42, 22, 35, 86, 24, 34, 87, 21, 99, 0, 88, 27, 18, 94, 11, 12, 47, 25, 30, 46, 62, 69, 36, 61, 7, 63, 75, 5, 32, 4, 51, 48, 73, 93, 39, 67, 29, 49, 57, 33]
2025-09-27 17:54:01,779 [data_manager1.py] => [IDM] increment_classess=[20, 20, 20, 20, 20] (nb_tasks=5)
2025-09-27 17:54:02,239 [_builder.py] => Loading pretrained weights from Hugging Face hub (timm/vit_base_patch16_224.augreg2_in21k_ft_in1k)
2025-09-27 17:54:02,704 [_hub.py] => [timm/vit_base_patch16_224.augreg2_in21k_ft_in1k] Safe alternative available for 'pytorch_model.bin' (as 'model.safetensors'). Loading weights using safetensors.
2025-09-27 17:57:26,141 [trainer.py] => dataset: cifar100
2025-09-27 17:57:26,141 [trainer.py] => smart_defaults: True
2025-09-27 17:57:26,141 [trainer.py] => user: authors
2025-09-27 17:57:26,141 [trainer.py] => test: True
2025-09-27 17:57:26,141 [trainer.py] => memory_size: 0
2025-09-27 17:57:26,141 [trainer.py] => memory_per_class: 0
2025-09-27 17:57:26,142 [trainer.py] => fixed_memory: False
2025-09-27 17:57:26,142 [trainer.py] => shuffle: True
2025-09-27 17:57:26,142 [trainer.py] => init_cls: 20
2025-09-27 17:57:26,142 [trainer.py] => increment: 20
2025-09-27 17:57:26,142 [trainer.py] => model_name: sldc
2025-09-27 17:57:26,142 [trainer.py] => vit_type: vit-b-p16
2025-09-27 17:57:26,142 [trainer.py] => weight_decay: 0.0
2025-09-27 17:57:26,142 [trainer.py] => device: [device(type='cuda', index=0)]
2025-09-27 17:57:26,142 [trainer.py] => sce_a: 0.5
2025-09-27 17:57:26,142 [trainer.py] => sce_b: 0.5
2025-09-27 17:57:26,142 [trainer.py] => seed_list: [1993]
2025-09-27 17:57:26,143 [trainer.py] => iterations: 1500
2025-09-27 17:57:26,143 [trainer.py] => warmup_steps: 200
2025-09-27 17:57:26,144 [trainer.py] => ca_epochs: 5
2025-09-27 17:57:26,144 [trainer.py] => optimizer: adamw
2025-09-27 17:57:26,144 [trainer.py] => lrate: 0.0005
2025-09-27 17:57:26,144 [trainer.py] => head_scale: 1.0
2025-09-27 17:57:26,144 [trainer.py] => batch_size: 24
2025-09-27 17:57:26,144 [trainer.py] => evaluate_final_only: True
2025-09-27 17:57:26,144 [trainer.py] => gamma_norm: 0.1
2025-09-27 17:57:26,144 [trainer.py] => gamma_kd: 0.0
2025-09-27 17:57:26,144 [trainer.py] => kd_type: feat
2025-09-27 17:57:26,144 [trainer.py] => alpha_t: 1.0
2025-09-27 17:57:26,144 [trainer.py] =>  _gamma_1: 0.0001
2025-09-27 17:57:26,144 [trainer.py] => compensate: True
2025-09-27 17:57:26,144 [trainer.py] => eval_only: False
2025-09-27 17:57:26,144 [trainer.py] => lora_rank: 4
2025-09-27 17:57:26,144 [trainer.py] => lora_type: sgp_lora
2025-09-27 17:57:26,145 [trainer.py] => weight_temp: 5.0
2025-09-27 17:57:26,145 [trainer.py] => weight_kind: log1p
2025-09-27 17:57:26,145 [trainer.py] => weight_p: 1.0
2025-09-27 17:57:26,145 [trainer.py] => nsp_eps: 0.05
2025-09-27 17:57:26,145 [trainer.py] => nsp_weight: 0.0
2025-09-27 17:57:26,145 [trainer.py] => auxiliary_data_path: /data1/open_datasets/ImageNet-2012/train
2025-09-27 17:57:26,145 [trainer.py] => aux_dataset: imagenet
2025-09-27 17:57:26,145 [trainer.py] => auxiliary_data_size: 1024
2025-09-27 17:57:26,145 [trainer.py] => l2_protection: True
2025-09-27 17:57:26,145 [trainer.py] => l2_protection_lambda: 0.0001
2025-09-27 17:57:26,145 [trainer.py] => seed: 1993
2025-09-27 17:57:26,145 [trainer.py] => run_id: 0
2025-09-27 17:57:26,145 [trainer.py] => log_path: sldc_logs_authors\cifar100_vit-b-p16\init-20_inc-20_rank-4_lt-sgp_lora_T-5_comp-1_wk-log1p_wp-1_kd-feat_gkd-0_gn-0p1_optim-adamw_lr-0p0005_bz-24_iter-1500_seed-1993
2025-09-27 17:57:27,192 [data_manager1.py] => [IDM] load dataset cifar100 | train=50000, test=10000, classes=100
2025-09-27 17:57:27,193 [data_manager1.py] => [IDM] class_order: [68, 56, 78, 8, 23, 84, 90, 65, 74, 76, 40, 89, 3, 92, 55, 9, 26, 80, 43, 38, 58, 70, 77, 1, 85, 19, 17, 50, 28, 53, 13, 81, 45, 82, 6, 59, 83, 16, 15, 44, 91, 41, 72, 60, 79, 52, 20, 10, 31, 54, 37, 95, 14, 71, 96, 98, 97, 2, 64, 66, 42, 22, 35, 86, 24, 34, 87, 21, 99, 0, 88, 27, 18, 94, 11, 12, 47, 25, 30, 46, 62, 69, 36, 61, 7, 63, 75, 5, 32, 4, 51, 48, 73, 93, 39, 67, 29, 49, 57, 33]
2025-09-27 17:57:27,199 [data_manager1.py] => [IDM] increment_classess=[20, 20, 20, 20, 20] (nb_tasks=5)
2025-09-27 17:57:27,660 [_builder.py] => Loading pretrained weights from Hugging Face hub (timm/vit_base_patch16_224.augreg2_in21k_ft_in1k)
2025-09-27 17:57:28,149 [_hub.py] => [timm/vit_base_patch16_224.augreg2_in21k_ft_in1k] Safe alternative available for 'pytorch_model.bin' (as 'model.safetensors'). Loading weights using safetensors.
2025-09-27 17:57:36,085 [subspace_lora.py] => Compiled network with torch.compile
2025-09-27 17:57:36,086 [subspace_lora.py] => Optimizer instantiated: lrate=0.0005, wd=0.0, optimizer=adamw
2025-09-27 17:57:36,087 [trainer.py] => All params: 86469888
2025-09-27 17:57:36,087 [trainer.py] => Trainable params: 672768
2025-09-27 17:57:36,654 [subspace_lora.py] => System training on classes 0-20 (cifar100)
2025-09-27 17:57:41,055 [subspace_lora.py] => step: 1, loss: 1.6656, kd_loss: 0.0000, prior_loss: 0.0000, acc: 0.0417
2025-09-27 18:02:21,944 [trainer.py] => dataset: cifar100
2025-09-27 18:02:21,945 [trainer.py] => smart_defaults: True
2025-09-27 18:02:21,945 [trainer.py] => user: authors
2025-09-27 18:02:21,945 [trainer.py] => test: True
2025-09-27 18:02:21,945 [trainer.py] => memory_size: 0
2025-09-27 18:02:21,945 [trainer.py] => memory_per_class: 0
2025-09-27 18:02:21,945 [trainer.py] => fixed_memory: False
2025-09-27 18:02:21,945 [trainer.py] => shuffle: True
2025-09-27 18:02:21,945 [trainer.py] => init_cls: 20
2025-09-27 18:02:21,945 [trainer.py] => increment: 20
2025-09-27 18:02:21,945 [trainer.py] => model_name: sldc
2025-09-27 18:02:21,945 [trainer.py] => vit_type: vit-b-p16
2025-09-27 18:02:21,946 [trainer.py] => weight_decay: 0.0
2025-09-27 18:02:21,946 [trainer.py] => device: [device(type='cuda', index=0)]
2025-09-27 18:02:21,946 [trainer.py] => sce_a: 0.5
2025-09-27 18:02:21,946 [trainer.py] => sce_b: 0.5
2025-09-27 18:02:21,946 [trainer.py] => seed_list: [1993]
2025-09-27 18:02:21,946 [trainer.py] => iterations: 1500
2025-09-27 18:02:21,946 [trainer.py] => warmup_steps: 200
2025-09-27 18:02:21,946 [trainer.py] => ca_epochs: 5
2025-09-27 18:02:21,946 [trainer.py] => optimizer: adamw
2025-09-27 18:02:21,946 [trainer.py] => lrate: 0.0005
2025-09-27 18:02:21,946 [trainer.py] => head_scale: 1.0
2025-09-27 18:02:21,946 [trainer.py] => batch_size: 24
2025-09-27 18:02:21,946 [trainer.py] => evaluate_final_only: True
2025-09-27 18:02:21,947 [trainer.py] => gamma_norm: 0.1
2025-09-27 18:02:21,947 [trainer.py] => gamma_kd: 0.0
2025-09-27 18:02:21,947 [trainer.py] => kd_type: feat
2025-09-27 18:02:21,947 [trainer.py] => alpha_t: 1.0
2025-09-27 18:02:21,947 [trainer.py] =>  _gamma_1: 0.0001
2025-09-27 18:02:21,947 [trainer.py] => compensate: True
2025-09-27 18:02:21,947 [trainer.py] => eval_only: False
2025-09-27 18:02:21,947 [trainer.py] => lora_rank: 4
2025-09-27 18:02:21,947 [trainer.py] => lora_type: sgp_lora
2025-09-27 18:02:21,947 [trainer.py] => weight_temp: 5.0
2025-09-27 18:02:21,947 [trainer.py] => weight_kind: log1p
2025-09-27 18:02:21,947 [trainer.py] => weight_p: 1.0
2025-09-27 18:02:21,947 [trainer.py] => nsp_eps: 0.05
2025-09-27 18:02:21,947 [trainer.py] => nsp_weight: 0.0
2025-09-27 18:02:21,947 [trainer.py] => auxiliary_data_path: /data1/open_datasets/ImageNet-2012/train
2025-09-27 18:02:21,948 [trainer.py] => aux_dataset: imagenet
2025-09-27 18:02:21,948 [trainer.py] => auxiliary_data_size: 1024
2025-09-27 18:02:21,948 [trainer.py] => l2_protection: True
2025-09-27 18:02:21,948 [trainer.py] => l2_protection_lambda: 0.0001
2025-09-27 18:02:21,948 [trainer.py] => seed: 1993
2025-09-27 18:02:21,948 [trainer.py] => run_id: 0
2025-09-27 18:02:21,948 [trainer.py] => log_path: sldc_logs_authors\cifar100_vit-b-p16\init-20_inc-20_rank-4_lt-sgp_lora_T-5_comp-1_wk-log1p_wp-1_kd-feat_gkd-0_gn-0p1_optim-adamw_lr-0p0005_bz-24_iter-1500_seed-1993
2025-09-27 18:02:23,004 [data_manager1.py] => [IDM] load dataset cifar100 | train=50000, test=10000, classes=100
2025-09-27 18:02:23,005 [data_manager1.py] => [IDM] class_order: [68, 56, 78, 8, 23, 84, 90, 65, 74, 76, 40, 89, 3, 92, 55, 9, 26, 80, 43, 38, 58, 70, 77, 1, 85, 19, 17, 50, 28, 53, 13, 81, 45, 82, 6, 59, 83, 16, 15, 44, 91, 41, 72, 60, 79, 52, 20, 10, 31, 54, 37, 95, 14, 71, 96, 98, 97, 2, 64, 66, 42, 22, 35, 86, 24, 34, 87, 21, 99, 0, 88, 27, 18, 94, 11, 12, 47, 25, 30, 46, 62, 69, 36, 61, 7, 63, 75, 5, 32, 4, 51, 48, 73, 93, 39, 67, 29, 49, 57, 33]
2025-09-27 18:02:23,011 [data_manager1.py] => [IDM] increment_classess=[20, 20, 20, 20, 20] (nb_tasks=5)
2025-09-27 18:02:23,526 [_builder.py] => Loading pretrained weights from Hugging Face hub (timm/vit_base_patch16_224.augreg2_in21k_ft_in1k)
2025-09-27 18:02:23,933 [_hub.py] => [timm/vit_base_patch16_224.augreg2_in21k_ft_in1k] Safe alternative available for 'pytorch_model.bin' (as 'model.safetensors'). Loading weights using safetensors.
2025-09-27 18:02:31,563 [subspace_lora.py] => Compiled network with torch.compile
2025-09-27 18:02:31,564 [subspace_lora.py] => Optimizer instantiated: lrate=0.0005, wd=0.0, optimizer=adamw
2025-09-27 18:02:31,564 [trainer.py] => All params: 86469888
2025-09-27 18:02:31,565 [trainer.py] => Trainable params: 672768
2025-09-27 18:02:32,025 [subspace_lora.py] => System training on classes 0-20 (cifar100)
2025-09-27 18:02:36,291 [subspace_lora.py] => step: 1, loss: 1.6656, kd_loss: 0.0000, prior_loss: 0.0000, acc: 0.0417
2025-09-27 18:02:40,665 [subspace_lora.py] => step: 2, loss: 1.6611, kd_loss: 0.0000, prior_loss: 0.0000, acc: 0.0417
2025-09-27 18:02:44,950 [subspace_lora.py] => step: 3, loss: 1.6489, kd_loss: 0.0000, prior_loss: 0.0000, acc: 0.0458
2025-09-27 18:02:48,947 [subspace_lora.py] => step: 4, loss: 1.6340, kd_loss: 0.0000, prior_loss: 0.0000, acc: 0.0454
2025-09-27 18:03:35,989 [trainer.py] => dataset: cifar100
2025-09-27 18:03:35,989 [trainer.py] => smart_defaults: True
2025-09-27 18:03:35,990 [trainer.py] => user: authors
2025-09-27 18:03:35,990 [trainer.py] => test: True
2025-09-27 18:03:35,990 [trainer.py] => memory_size: 0
2025-09-27 18:03:35,990 [trainer.py] => memory_per_class: 0
2025-09-27 18:03:35,990 [trainer.py] => fixed_memory: False
2025-09-27 18:03:35,990 [trainer.py] => shuffle: True
2025-09-27 18:03:35,990 [trainer.py] => init_cls: 20
2025-09-27 18:03:35,990 [trainer.py] => increment: 20
2025-09-27 18:03:35,990 [trainer.py] => model_name: sldc
2025-09-27 18:03:35,990 [trainer.py] => vit_type: vit-b-p16
2025-09-27 18:03:35,990 [trainer.py] => weight_decay: 0.0
2025-09-27 18:03:35,990 [trainer.py] => device: [device(type='cuda', index=0)]
2025-09-27 18:03:35,990 [trainer.py] => sce_a: 0.5
2025-09-27 18:03:35,990 [trainer.py] => sce_b: 0.5
2025-09-27 18:03:35,990 [trainer.py] => seed_list: [1993]
2025-09-27 18:03:35,990 [trainer.py] => iterations: 1500
2025-09-27 18:03:35,990 [trainer.py] => warmup_steps: 200
2025-09-27 18:03:35,990 [trainer.py] => ca_epochs: 5
2025-09-27 18:03:35,991 [trainer.py] => optimizer: adamw
2025-09-27 18:03:35,991 [trainer.py] => lrate: 0.0005
2025-09-27 18:03:35,991 [trainer.py] => head_scale: 1.0
2025-09-27 18:03:35,991 [trainer.py] => batch_size: 24
2025-09-27 18:03:35,991 [trainer.py] => evaluate_final_only: True
2025-09-27 18:03:35,991 [trainer.py] => gamma_norm: 0.1
2025-09-27 18:03:35,991 [trainer.py] => gamma_kd: 0.0
2025-09-27 18:03:35,991 [trainer.py] => kd_type: feat
2025-09-27 18:03:35,991 [trainer.py] => alpha_t: 1.0
2025-09-27 18:03:35,991 [trainer.py] =>  _gamma_1: 0.0001
2025-09-27 18:03:35,991 [trainer.py] => compensate: True
2025-09-27 18:03:35,991 [trainer.py] => eval_only: False
2025-09-27 18:03:35,991 [trainer.py] => lora_rank: 4
2025-09-27 18:03:35,991 [trainer.py] => lora_type: sgp_lora
2025-09-27 18:03:35,991 [trainer.py] => weight_temp: 5.0
2025-09-27 18:03:35,991 [trainer.py] => weight_kind: log1p
2025-09-27 18:03:35,991 [trainer.py] => weight_p: 1.0
2025-09-27 18:03:35,992 [trainer.py] => nsp_eps: 0.05
2025-09-27 18:03:35,992 [trainer.py] => nsp_weight: 0.0
2025-09-27 18:03:35,992 [trainer.py] => auxiliary_data_path: /data1/open_datasets/ImageNet-2012/train
2025-09-27 18:03:35,992 [trainer.py] => aux_dataset: imagenet
2025-09-27 18:03:35,992 [trainer.py] => auxiliary_data_size: 1024
2025-09-27 18:03:35,992 [trainer.py] => l2_protection: True
2025-09-27 18:03:35,992 [trainer.py] => l2_protection_lambda: 0.0001
2025-09-27 18:03:35,992 [trainer.py] => seed: 1993
2025-09-27 18:03:35,992 [trainer.py] => run_id: 0
2025-09-27 18:03:35,992 [trainer.py] => log_path: sldc_logs_authors\cifar100_vit-b-p16\init-20_inc-20_rank-4_lt-sgp_lora_T-5_comp-1_wk-log1p_wp-1_kd-feat_gkd-0_gn-0p1_optim-adamw_lr-0p0005_bz-24_iter-1500_seed-1993
2025-09-27 18:03:37,049 [data_manager1.py] => [IDM] load dataset cifar100 | train=50000, test=10000, classes=100
2025-09-27 18:03:37,049 [data_manager1.py] => [IDM] class_order: [68, 56, 78, 8, 23, 84, 90, 65, 74, 76, 40, 89, 3, 92, 55, 9, 26, 80, 43, 38, 58, 70, 77, 1, 85, 19, 17, 50, 28, 53, 13, 81, 45, 82, 6, 59, 83, 16, 15, 44, 91, 41, 72, 60, 79, 52, 20, 10, 31, 54, 37, 95, 14, 71, 96, 98, 97, 2, 64, 66, 42, 22, 35, 86, 24, 34, 87, 21, 99, 0, 88, 27, 18, 94, 11, 12, 47, 25, 30, 46, 62, 69, 36, 61, 7, 63, 75, 5, 32, 4, 51, 48, 73, 93, 39, 67, 29, 49, 57, 33]
2025-09-27 18:03:37,056 [data_manager1.py] => [IDM] increment_classess=[20, 20, 20, 20, 20] (nb_tasks=5)
2025-09-27 18:03:37,522 [_builder.py] => Loading pretrained weights from Hugging Face hub (timm/vit_base_patch16_224.augreg2_in21k_ft_in1k)
2025-09-27 18:03:38,083 [_hub.py] => [timm/vit_base_patch16_224.augreg2_in21k_ft_in1k] Safe alternative available for 'pytorch_model.bin' (as 'model.safetensors'). Loading weights using safetensors.
2025-09-27 18:03:47,342 [subspace_lora.py] => Compiled network with torch.compile
2025-09-27 18:03:47,343 [subspace_lora.py] => Optimizer instantiated: lrate=0.0005, wd=0.0, optimizer=adamw
2025-09-27 18:03:47,343 [trainer.py] => All params: 86469888
2025-09-27 18:03:47,344 [trainer.py] => Trainable params: 672768
2025-09-27 18:03:47,555 [subspace_lora.py] => System training on classes 0-20 (cifar100)
2025-09-27 18:03:48,186 [subspace_lora.py] => step: 1, loss: 1.6656, kd_loss: 0.0000, prior_loss: 0.0000, acc: 0.0417
2025-09-27 18:03:48,482 [subspace_lora.py] => step: 2, loss: 1.6611, kd_loss: 0.0000, prior_loss: 0.0000, acc: 0.0417
2025-09-27 18:03:48,777 [subspace_lora.py] => step: 3, loss: 1.6489, kd_loss: 0.0000, prior_loss: 0.0000, acc: 0.0458
2025-09-27 18:03:49,081 [subspace_lora.py] => step: 4, loss: 1.6340, kd_loss: 0.0000, prior_loss: 0.0000, acc: 0.0454
2025-09-27 18:03:49,385 [subspace_lora.py] => step: 5, loss: 1.6127, kd_loss: 0.0000, prior_loss: 0.0000, acc: 0.0534
2025-09-27 18:03:49,677 [subspace_lora.py] => step: 6, loss: 1.6033, kd_loss: 0.0000, prior_loss: 0.0000, acc: 0.0522
2025-09-27 18:03:49,966 [subspace_lora.py] => step: 7, loss: 1.5965, kd_loss: 0.0000, prior_loss: 0.0000, acc: 0.0553
2025-09-27 18:03:50,256 [subspace_lora.py] => step: 8, loss: 1.5782, kd_loss: 0.0000, prior_loss: 0.0000, acc: 0.0665
2025-09-27 18:03:50,545 [subspace_lora.py] => step: 9, loss: 1.5622, kd_loss: 0.0000, prior_loss: 0.0000, acc: 0.0723
2025-09-27 18:03:50,839 [subspace_lora.py] => step: 10, loss: 1.5424, kd_loss: 0.0000, prior_loss: 0.0000, acc: 0.0859
2025-09-27 18:03:51,132 [subspace_lora.py] => step: 11, loss: 1.5173, kd_loss: 0.0000, prior_loss: 0.0000, acc: 0.0940
2025-09-27 18:03:51,425 [subspace_lora.py] => step: 12, loss: 1.5018, kd_loss: 0.0000, prior_loss: 0.0000, acc: 0.1096
2025-09-27 18:03:51,719 [subspace_lora.py] => step: 13, loss: 1.4858, kd_loss: 0.0000, prior_loss: 0.0000, acc: 0.1320
2025-09-27 18:03:52,011 [subspace_lora.py] => step: 14, loss: 1.4601, kd_loss: 0.0000, prior_loss: 0.0000, acc: 0.1479
2025-09-27 18:03:52,299 [subspace_lora.py] => step: 15, loss: 1.4354, kd_loss: 0.0000, prior_loss: 0.0000, acc: 0.1665
2025-09-27 18:03:52,595 [subspace_lora.py] => step: 16, loss: 1.4106, kd_loss: 0.0000, prior_loss: 0.0000, acc: 0.1790
2025-09-27 18:03:52,885 [subspace_lora.py] => step: 17, loss: 1.3875, kd_loss: 0.0000, prior_loss: 0.0000, acc: 0.2153
2025-09-27 18:03:53,178 [subspace_lora.py] => step: 18, loss: 1.3562, kd_loss: 0.0000, prior_loss: 0.0000, acc: 0.2562
2025-09-27 18:03:53,470 [subspace_lora.py] => step: 19, loss: 1.3344, kd_loss: 0.0000, prior_loss: 0.0000, acc: 0.2764
2025-09-27 18:03:53,759 [subspace_lora.py] => step: 20, loss: 1.3305, kd_loss: 0.0000, prior_loss: 0.0000, acc: 0.2738
2025-09-27 18:03:54,059 [subspace_lora.py] => step: 21, loss: 1.3046, kd_loss: 0.0000, prior_loss: 0.0000, acc: 0.2923
2025-09-27 18:03:54,359 [subspace_lora.py] => step: 22, loss: 1.2758, kd_loss: 0.0000, prior_loss: 0.0000, acc: 0.3255
2025-09-27 18:03:54,652 [subspace_lora.py] => step: 23, loss: 1.2520, kd_loss: 0.0000, prior_loss: 0.0000, acc: 0.3430
2025-09-27 18:03:54,947 [subspace_lora.py] => step: 24, loss: 1.2273, kd_loss: 0.0000, prior_loss: 0.0000, acc: 0.3670
2025-09-27 18:03:55,238 [subspace_lora.py] => step: 25, loss: 1.2175, kd_loss: 0.0000, prior_loss: 0.0000, acc: 0.3720
2025-09-27 18:03:55,529 [subspace_lora.py] => step: 26, loss: 1.1911, kd_loss: 0.0000, prior_loss: 0.0000, acc: 0.3806
2025-09-27 18:03:55,822 [subspace_lora.py] => step: 27, loss: 1.1905, kd_loss: 0.0000, prior_loss: 0.0000, acc: 0.3717
2025-09-27 18:03:56,116 [subspace_lora.py] => step: 28, loss: 1.1726, kd_loss: 0.0000, prior_loss: 0.0000, acc: 0.3720
2025-09-27 18:03:56,406 [subspace_lora.py] => step: 29, loss: 1.1333, kd_loss: 0.0000, prior_loss: 0.0000, acc: 0.4098
2025-09-27 18:03:56,698 [subspace_lora.py] => step: 30, loss: 1.1088, kd_loss: 0.0000, prior_loss: 0.0000, acc: 0.4314
2025-09-27 18:03:56,987 [subspace_lora.py] => step: 31, loss: 1.0747, kd_loss: 0.0000, prior_loss: 0.0000, acc: 0.4591
2025-09-27 18:03:57,275 [subspace_lora.py] => step: 32, loss: 1.0354, kd_loss: 0.0000, prior_loss: 0.0000, acc: 0.4881
2025-09-27 18:03:57,568 [subspace_lora.py] => step: 33, loss: 1.0143, kd_loss: 0.0000, prior_loss: 0.0000, acc: 0.5102
2025-09-27 18:03:57,862 [subspace_lora.py] => step: 34, loss: 0.9948, kd_loss: 0.0000, prior_loss: 0.0000, acc: 0.5092
2025-09-27 18:03:58,153 [subspace_lora.py] => step: 35, loss: 0.9486, kd_loss: 0.0000, prior_loss: 0.0000, acc: 0.5374
2025-09-27 18:03:58,445 [subspace_lora.py] => step: 36, loss: 0.9243, kd_loss: 0.0000, prior_loss: 0.0000, acc: 0.5462
2025-09-27 18:03:58,741 [subspace_lora.py] => step: 37, loss: 0.9138, kd_loss: 0.0000, prior_loss: 0.0000, acc: 0.5499
2025-09-27 18:03:59,042 [subspace_lora.py] => step: 38, loss: 0.8902, kd_loss: 0.0000, prior_loss: 0.0000, acc: 0.5574
2025-09-27 18:03:59,349 [subspace_lora.py] => step: 39, loss: 0.8558, kd_loss: 0.0000, prior_loss: 0.0000, acc: 0.5683
2025-09-27 18:03:59,644 [subspace_lora.py] => step: 40, loss: 0.8358, kd_loss: 0.0000, prior_loss: 0.0000, acc: 0.5615
2025-09-27 18:03:59,948 [subspace_lora.py] => step: 41, loss: 0.8220, kd_loss: 0.0000, prior_loss: 0.0000, acc: 0.5720
2025-09-27 18:04:00,236 [subspace_lora.py] => step: 42, loss: 0.7854, kd_loss: 0.0000, prior_loss: 0.0000, acc: 0.5898
2025-09-27 18:04:00,555 [subspace_lora.py] => step: 43, loss: 0.7512, kd_loss: 0.0000, prior_loss: 0.0000, acc: 0.6058
2025-09-27 18:04:00,857 [subspace_lora.py] => step: 44, loss: 0.7290, kd_loss: 0.0000, prior_loss: 0.0000, acc: 0.6036
2025-09-27 18:04:01,146 [subspace_lora.py] => step: 45, loss: 0.7063, kd_loss: 0.0000, prior_loss: 0.0000, acc: 0.6224
2025-09-27 18:04:01,432 [subspace_lora.py] => step: 46, loss: 0.6582, kd_loss: 0.0000, prior_loss: 0.0000, acc: 0.6476
2025-09-27 18:04:01,726 [subspace_lora.py] => step: 47, loss: 0.6478, kd_loss: 0.0000, prior_loss: 0.0000, acc: 0.6454
2025-09-27 18:04:02,017 [subspace_lora.py] => step: 48, loss: 0.6417, kd_loss: 0.0000, prior_loss: 0.0000, acc: 0.6433
2025-09-27 18:04:02,315 [subspace_lora.py] => step: 49, loss: 0.6145, kd_loss: 0.0000, prior_loss: 0.0000, acc: 0.6540
2025-09-27 18:04:02,604 [subspace_lora.py] => step: 50, loss: 0.5862, kd_loss: 0.0000, prior_loss: 0.0000, acc: 0.6636
2025-09-27 18:04:02,889 [subspace_lora.py] => step: 51, loss: 0.5600, kd_loss: 0.0000, prior_loss: 0.0000, acc: 0.6764
2025-09-27 18:04:03,184 [subspace_lora.py] => step: 52, loss: 0.5335, kd_loss: 0.0000, prior_loss: 0.0000, acc: 0.6796
2025-09-27 18:04:03,476 [subspace_lora.py] => step: 53, loss: 0.5306, kd_loss: 0.0000, prior_loss: 0.0000, acc: 0.6783
2025-09-27 18:04:03,766 [subspace_lora.py] => step: 54, loss: 0.5003, kd_loss: 0.0000, prior_loss: 0.0000, acc: 0.6938
2025-09-27 18:04:04,071 [subspace_lora.py] => step: 55, loss: 0.4913, kd_loss: 0.0000, prior_loss: 0.0000, acc: 0.6911
2025-09-27 18:04:04,371 [subspace_lora.py] => step: 56, loss: 0.4578, kd_loss: 0.0000, prior_loss: 0.0000, acc: 0.7095
2025-09-27 18:04:04,662 [subspace_lora.py] => step: 57, loss: 0.4328, kd_loss: 0.0000, prior_loss: 0.0000, acc: 0.7135
2025-09-27 18:04:04,953 [subspace_lora.py] => step: 58, loss: 0.3975, kd_loss: 0.0000, prior_loss: 0.0000, acc: 0.7255
2025-09-27 18:04:05,240 [subspace_lora.py] => step: 59, loss: 0.3923, kd_loss: 0.0000, prior_loss: 0.0000, acc: 0.7238
2025-09-27 18:04:05,533 [subspace_lora.py] => step: 60, loss: 0.3769, kd_loss: 0.0000, prior_loss: 0.0000, acc: 0.7264
2025-09-27 18:04:05,820 [subspace_lora.py] => step: 61, loss: 0.3529, kd_loss: 0.0000, prior_loss: 0.0000, acc: 0.7329
2025-09-27 18:04:06,108 [subspace_lora.py] => step: 62, loss: 0.3349, kd_loss: 0.0000, prior_loss: 0.0000, acc: 0.7388
2025-09-27 18:04:06,397 [subspace_lora.py] => step: 63, loss: 0.3224, kd_loss: 0.0000, prior_loss: 0.0000, acc: 0.7399
2025-09-27 18:04:06,688 [subspace_lora.py] => step: 64, loss: 0.3130, kd_loss: 0.0000, prior_loss: 0.0000, acc: 0.7451
2025-09-27 18:04:06,975 [subspace_lora.py] => step: 65, loss: 0.3147, kd_loss: 0.0000, prior_loss: 0.0000, acc: 0.7373
2025-09-27 18:04:07,268 [subspace_lora.py] => step: 66, loss: 0.2786, kd_loss: 0.0000, prior_loss: 0.0000, acc: 0.7469
2025-09-27 18:04:07,566 [subspace_lora.py] => step: 67, loss: 0.2673, kd_loss: 0.0000, prior_loss: 0.0000, acc: 0.7430
2025-09-27 18:04:07,856 [subspace_lora.py] => step: 68, loss: 0.2700, kd_loss: 0.0000, prior_loss: 0.0000, acc: 0.7437
2025-09-27 18:04:08,149 [subspace_lora.py] => step: 69, loss: 0.2446, kd_loss: 0.0000, prior_loss: 0.0000, acc: 0.7443
2025-09-27 18:04:08,441 [subspace_lora.py] => step: 70, loss: 0.2413, kd_loss: 0.0000, prior_loss: 0.0000, acc: 0.7532
2025-09-27 18:04:08,730 [subspace_lora.py] => step: 71, loss: 0.2151, kd_loss: 0.0000, prior_loss: 0.0000, acc: 0.7571
2025-09-27 18:04:09,030 [subspace_lora.py] => step: 72, loss: 0.1932, kd_loss: 0.0000, prior_loss: 0.0000, acc: 0.7689
2025-09-27 18:04:09,327 [subspace_lora.py] => step: 73, loss: 0.1645, kd_loss: 0.0000, prior_loss: 0.0000, acc: 0.7753
2025-09-27 18:04:09,615 [subspace_lora.py] => step: 74, loss: 0.1574, kd_loss: 0.0000, prior_loss: 0.0000, acc: 0.7770
2025-09-27 18:04:09,904 [subspace_lora.py] => step: 75, loss: 0.1479, kd_loss: 0.0000, prior_loss: 0.0000, acc: 0.7826
2025-09-27 18:04:10,193 [subspace_lora.py] => step: 76, loss: 0.1595, kd_loss: 0.0000, prior_loss: 0.0000, acc: 0.7793
2025-09-27 18:04:10,481 [subspace_lora.py] => step: 77, loss: 0.1407, kd_loss: 0.0000, prior_loss: 0.0000, acc: 0.7847
2025-09-27 18:04:10,770 [subspace_lora.py] => step: 78, loss: 0.1244, kd_loss: 0.0000, prior_loss: 0.0000, acc: 0.7896
2025-09-27 18:04:11,060 [subspace_lora.py] => step: 79, loss: 0.1369, kd_loss: 0.0000, prior_loss: 0.0000, acc: 0.7898
2025-09-27 18:04:11,348 [subspace_lora.py] => step: 80, loss: 0.1209, kd_loss: 0.0000, prior_loss: 0.0000, acc: 0.7942
2025-09-27 18:04:11,633 [subspace_lora.py] => step: 81, loss: 0.0817, kd_loss: 0.0000, prior_loss: 0.0000, acc: 0.8064
2025-09-27 18:04:11,919 [subspace_lora.py] => step: 82, loss: 0.0628, kd_loss: 0.0000, prior_loss: 0.0000, acc: 0.8049
2025-09-27 18:04:12,207 [subspace_lora.py] => step: 83, loss: 0.0567, kd_loss: 0.0000, prior_loss: 0.0000, acc: 0.7994
2025-09-27 18:04:12,496 [subspace_lora.py] => step: 84, loss: 0.0506, kd_loss: 0.0000, prior_loss: 0.0000, acc: 0.8028
2025-09-27 18:04:12,782 [subspace_lora.py] => step: 85, loss: 0.0232, kd_loss: 0.0000, prior_loss: 0.0000, acc: 0.8142
2025-09-27 18:04:13,075 [subspace_lora.py] => step: 86, loss: 0.0006, kd_loss: 0.0000, prior_loss: 0.0000, acc: 0.8161
2025-09-27 18:04:13,372 [subspace_lora.py] => step: 87, loss: -0.0153, kd_loss: 0.0000, prior_loss: 0.0000, acc: 0.8220
2025-09-27 18:04:13,669 [subspace_lora.py] => step: 88, loss: -0.0164, kd_loss: 0.0000, prior_loss: 0.0000, acc: 0.8273
2025-09-27 18:04:13,964 [subspace_lora.py] => step: 89, loss: 0.0103, kd_loss: 0.0000, prior_loss: 0.0000, acc: 0.8196
2025-09-27 18:04:14,270 [subspace_lora.py] => step: 90, loss: 0.0122, kd_loss: 0.0000, prior_loss: 0.0000, acc: 0.8168
2025-09-27 18:04:14,557 [subspace_lora.py] => step: 91, loss: 0.0208, kd_loss: 0.0000, prior_loss: 0.0000, acc: 0.8143
2025-09-27 18:04:14,844 [subspace_lora.py] => step: 92, loss: 0.0107, kd_loss: 0.0000, prior_loss: 0.0000, acc: 0.8203
2025-09-27 18:04:15,138 [subspace_lora.py] => step: 93, loss: 0.0456, kd_loss: 0.0000, prior_loss: 0.0000, acc: 0.7966
2025-09-27 18:04:15,430 [subspace_lora.py] => step: 94, loss: 0.0517, kd_loss: 0.0000, prior_loss: 0.0000, acc: 0.7878
2025-09-27 18:04:15,718 [subspace_lora.py] => step: 95, loss: 0.0191, kd_loss: 0.0000, prior_loss: 0.0000, acc: 0.8007
2025-09-27 18:04:16,010 [subspace_lora.py] => step: 96, loss: 0.0115, kd_loss: 0.0000, prior_loss: 0.0000, acc: 0.8081
2025-09-27 18:04:16,305 [subspace_lora.py] => step: 97, loss: 0.0032, kd_loss: 0.0000, prior_loss: 0.0000, acc: 0.8148
2025-09-27 18:04:16,597 [subspace_lora.py] => step: 98, loss: -0.0200, kd_loss: 0.0000, prior_loss: 0.0000, acc: 0.8250
2025-09-27 18:04:16,884 [subspace_lora.py] => step: 99, loss: -0.0238, kd_loss: 0.0000, prior_loss: 0.0000, acc: 0.8258
2025-09-27 18:04:17,191 [subspace_lora.py] => step: 100, loss: -0.0269, kd_loss: 0.0000, prior_loss: 0.0000, acc: 0.8224
2025-09-27 18:04:17,485 [subspace_lora.py] => step: 101, loss: -0.0410, kd_loss: 0.0000, prior_loss: 0.0000, acc: 0.8277
2025-09-27 18:04:17,786 [subspace_lora.py] => step: 102, loss: -0.0442, kd_loss: 0.0000, prior_loss: 0.0000, acc: 0.8241
2025-09-27 18:04:18,090 [subspace_lora.py] => step: 103, loss: -0.0628, kd_loss: 0.0000, prior_loss: 0.0000, acc: 0.8250
2025-09-27 18:04:18,385 [subspace_lora.py] => step: 104, loss: -0.0655, kd_loss: 0.0000, prior_loss: 0.0000, acc: 0.8258
2025-09-27 18:04:18,675 [subspace_lora.py] => step: 105, loss: -0.0735, kd_loss: 0.0000, prior_loss: 0.0000, acc: 0.8308
2025-09-27 18:04:18,972 [subspace_lora.py] => step: 106, loss: -0.0871, kd_loss: 0.0000, prior_loss: 0.0000, acc: 0.8393
2025-09-27 18:04:19,275 [subspace_lora.py] => step: 107, loss: -0.1070, kd_loss: 0.0000, prior_loss: 0.0000, acc: 0.8387
2025-09-27 18:04:19,567 [subspace_lora.py] => step: 108, loss: -0.1147, kd_loss: 0.0000, prior_loss: 0.0000, acc: 0.8465
2025-09-27 18:04:19,854 [subspace_lora.py] => step: 109, loss: -0.1065, kd_loss: 0.0000, prior_loss: 0.0000, acc: 0.8369
2025-09-27 18:04:20,148 [subspace_lora.py] => step: 110, loss: -0.0982, kd_loss: 0.0000, prior_loss: 0.0000, acc: 0.8324
2025-09-27 18:04:20,436 [subspace_lora.py] => step: 111, loss: -0.1055, kd_loss: 0.0000, prior_loss: 0.0000, acc: 0.8408
2025-09-27 18:04:20,737 [subspace_lora.py] => step: 112, loss: -0.0895, kd_loss: 0.0000, prior_loss: 0.0000, acc: 0.8359
2025-09-27 18:04:21,035 [subspace_lora.py] => step: 113, loss: -0.0812, kd_loss: 0.0000, prior_loss: 0.0000, acc: 0.8273
2025-09-27 18:04:21,329 [subspace_lora.py] => step: 114, loss: -0.0785, kd_loss: 0.0000, prior_loss: 0.0000, acc: 0.8237
2025-09-27 18:04:21,620 [subspace_lora.py] => step: 115, loss: -0.0695, kd_loss: 0.0000, prior_loss: 0.0000, acc: 0.8164
2025-09-27 18:04:21,908 [subspace_lora.py] => step: 116, loss: -0.0518, kd_loss: 0.0000, prior_loss: 0.0000, acc: 0.8056
2025-09-27 18:04:22,199 [subspace_lora.py] => step: 117, loss: -0.0654, kd_loss: 0.0000, prior_loss: 0.0000, acc: 0.8083
2025-09-27 18:04:22,498 [subspace_lora.py] => step: 118, loss: -0.0927, kd_loss: 0.0000, prior_loss: 0.0000, acc: 0.8233
2025-09-27 18:04:22,785 [subspace_lora.py] => step: 119, loss: -0.0818, kd_loss: 0.0000, prior_loss: 0.0000, acc: 0.8160
2025-09-27 18:04:23,072 [subspace_lora.py] => step: 120, loss: -0.0901, kd_loss: 0.0000, prior_loss: 0.0000, acc: 0.8219
2025-09-27 18:04:23,362 [subspace_lora.py] => step: 121, loss: -0.0693, kd_loss: 0.0000, prior_loss: 0.0000, acc: 0.8147
2025-09-27 18:04:23,652 [subspace_lora.py] => step: 122, loss: -0.0798, kd_loss: 0.0000, prior_loss: 0.0000, acc: 0.8207
2025-09-27 18:04:23,944 [subspace_lora.py] => step: 123, loss: -0.0875, kd_loss: 0.0000, prior_loss: 0.0000, acc: 0.8262
2025-09-27 18:04:24,252 [subspace_lora.py] => step: 124, loss: -0.1055, kd_loss: 0.0000, prior_loss: 0.0000, acc: 0.8352
2025-09-27 18:04:24,543 [subspace_lora.py] => step: 125, loss: -0.1198, kd_loss: 0.0000, prior_loss: 0.0000, acc: 0.8475
2025-09-27 18:04:24,832 [subspace_lora.py] => step: 126, loss: -0.0673, kd_loss: 0.0000, prior_loss: 0.0000, acc: 0.8211
2025-09-27 18:04:25,119 [subspace_lora.py] => step: 127, loss: -0.0571, kd_loss: 0.0000, prior_loss: 0.0000, acc: 0.8182
2025-09-27 18:04:25,406 [subspace_lora.py] => step: 128, loss: -0.0395, kd_loss: 0.0000, prior_loss: 0.0000, acc: 0.8113
2025-09-27 18:04:25,696 [subspace_lora.py] => step: 129, loss: -0.0664, kd_loss: 0.0000, prior_loss: 0.0000, acc: 0.8260
2025-09-27 18:04:25,988 [subspace_lora.py] => step: 130, loss: -0.0756, kd_loss: 0.0000, prior_loss: 0.0000, acc: 0.8309
2025-09-27 18:04:26,282 [subspace_lora.py] => step: 131, loss: -0.0628, kd_loss: 0.0000, prior_loss: 0.0000, acc: 0.8228
2025-09-27 18:04:26,575 [subspace_lora.py] => step: 132, loss: -0.0895, kd_loss: 0.0000, prior_loss: 0.0000, acc: 0.8364
2025-09-27 18:04:26,863 [subspace_lora.py] => step: 133, loss: -0.0857, kd_loss: 0.0000, prior_loss: 0.0000, acc: 0.8319
2025-09-27 18:04:27,149 [subspace_lora.py] => step: 134, loss: -0.0995, kd_loss: 0.0000, prior_loss: 0.0000, acc: 0.8362
2025-09-27 18:04:27,437 [subspace_lora.py] => step: 135, loss: -0.0838, kd_loss: 0.0000, prior_loss: 0.0000, acc: 0.8234
2025-09-27 18:04:27,733 [subspace_lora.py] => step: 136, loss: -0.1000, kd_loss: 0.0000, prior_loss: 0.0000, acc: 0.8328
2025-09-27 18:04:28,034 [subspace_lora.py] => step: 137, loss: -0.1053, kd_loss: 0.0000, prior_loss: 0.0000, acc: 0.8370
2025-09-27 18:04:28,340 [subspace_lora.py] => step: 138, loss: -0.0955, kd_loss: 0.0000, prior_loss: 0.0000, acc: 0.8325
2025-09-27 18:04:28,640 [subspace_lora.py] => step: 139, loss: -0.0890, kd_loss: 0.0000, prior_loss: 0.0000, acc: 0.8325
2025-09-27 18:04:28,936 [subspace_lora.py] => step: 140, loss: -0.0766, kd_loss: 0.0000, prior_loss: 0.0000, acc: 0.8285
2025-09-27 18:04:29,244 [subspace_lora.py] => step: 141, loss: -0.0933, kd_loss: 0.0000, prior_loss: 0.0000, acc: 0.8331
2025-09-27 18:04:29,536 [subspace_lora.py] => step: 142, loss: -0.0936, kd_loss: 0.0000, prior_loss: 0.0000, acc: 0.8373
2025-09-27 18:04:29,828 [subspace_lora.py] => step: 143, loss: -0.0985, kd_loss: 0.0000, prior_loss: 0.0000, acc: 0.8411
2025-09-27 18:04:30,117 [subspace_lora.py] => step: 144, loss: -0.0978, kd_loss: 0.0000, prior_loss: 0.0000, acc: 0.8361
2025-09-27 18:04:30,406 [subspace_lora.py] => step: 145, loss: -0.0996, kd_loss: 0.0000, prior_loss: 0.0000, acc: 0.8358
2025-09-27 18:04:30,697 [subspace_lora.py] => step: 146, loss: -0.0752, kd_loss: 0.0000, prior_loss: 0.0000, acc: 0.8314
2025-09-27 18:04:30,986 [subspace_lora.py] => step: 147, loss: -0.0888, kd_loss: 0.0000, prior_loss: 0.0000, acc: 0.8400
2025-09-27 18:04:31,270 [subspace_lora.py] => step: 148, loss: -0.0871, kd_loss: 0.0000, prior_loss: 0.0000, acc: 0.8435
2025-09-27 18:04:31,563 [subspace_lora.py] => step: 149, loss: -0.0874, kd_loss: 0.0000, prior_loss: 0.0000, acc: 0.8466
2025-09-27 18:04:31,850 [subspace_lora.py] => step: 150, loss: -0.1079, kd_loss: 0.0000, prior_loss: 0.0000, acc: 0.8578
2025-09-27 18:04:32,150 [subspace_lora.py] => step: 151, loss: -0.1266, kd_loss: 0.0000, prior_loss: 0.0000, acc: 0.8595
2025-09-27 18:04:32,458 [subspace_lora.py] => step: 152, loss: -0.1279, kd_loss: 0.0000, prior_loss: 0.0000, acc: 0.8569
2025-09-27 18:04:32,757 [subspace_lora.py] => step: 153, loss: -0.1397, kd_loss: 0.0000, prior_loss: 0.0000, acc: 0.8629
2025-09-27 18:04:33,047 [subspace_lora.py] => step: 154, loss: -0.1639, kd_loss: 0.0000, prior_loss: 0.0000, acc: 0.8724
2025-09-27 18:04:33,331 [subspace_lora.py] => step: 155, loss: -0.1606, kd_loss: 0.0000, prior_loss: 0.0000, acc: 0.8768
2025-09-27 18:04:33,613 [subspace_lora.py] => step: 156, loss: -0.1415, kd_loss: 0.0000, prior_loss: 0.0000, acc: 0.8642
2025-09-27 18:04:33,910 [subspace_lora.py] => step: 157, loss: -0.1483, kd_loss: 0.0000, prior_loss: 0.0000, acc: 0.8611
2025-09-27 18:04:34,219 [subspace_lora.py] => step: 158, loss: -0.1715, kd_loss: 0.0000, prior_loss: 0.0000, acc: 0.8708
2025-09-27 18:04:34,509 [subspace_lora.py] => step: 159, loss: -0.1753, kd_loss: 0.0000, prior_loss: 0.0000, acc: 0.8712
2025-09-27 18:04:34,799 [subspace_lora.py] => step: 160, loss: -0.1819, kd_loss: 0.0000, prior_loss: 0.0000, acc: 0.8758
2025-09-27 18:04:35,100 [subspace_lora.py] => step: 161, loss: -0.1797, kd_loss: 0.0000, prior_loss: 0.0000, acc: 0.8715
2025-09-27 18:04:35,394 [subspace_lora.py] => step: 162, loss: -0.1751, kd_loss: 0.0000, prior_loss: 0.0000, acc: 0.8677
2025-09-27 18:04:35,683 [subspace_lora.py] => step: 163, loss: -0.1868, kd_loss: 0.0000, prior_loss: 0.0000, acc: 0.8768
2025-09-27 18:04:35,972 [subspace_lora.py] => step: 164, loss: -0.2029, kd_loss: 0.0000, prior_loss: 0.0000, acc: 0.8849
2025-09-27 18:04:36,259 [subspace_lora.py] => step: 165, loss: -0.2131, kd_loss: 0.0000, prior_loss: 0.0000, acc: 0.8881
2025-09-27 18:04:36,549 [subspace_lora.py] => step: 166, loss: -0.2131, kd_loss: 0.0000, prior_loss: 0.0000, acc: 0.8868
2025-09-27 18:04:36,836 [subspace_lora.py] => step: 167, loss: -0.2204, kd_loss: 0.0000, prior_loss: 0.0000, acc: 0.8898
2025-09-27 18:04:37,124 [subspace_lora.py] => step: 168, loss: -0.2170, kd_loss: 0.0000, prior_loss: 0.0000, acc: 0.8883
2025-09-27 18:04:37,408 [subspace_lora.py] => step: 169, loss: -0.2162, kd_loss: 0.0000, prior_loss: 0.0000, acc: 0.8870
2025-09-27 18:04:37,694 [subspace_lora.py] => step: 170, loss: -0.2253, kd_loss: 0.0000, prior_loss: 0.0000, acc: 0.8941
2025-09-27 18:04:37,980 [subspace_lora.py] => step: 171, loss: -0.2194, kd_loss: 0.0000, prior_loss: 0.0000, acc: 0.8922
2025-09-27 18:04:38,267 [subspace_lora.py] => step: 172, loss: -0.2230, kd_loss: 0.0000, prior_loss: 0.0000, acc: 0.8905
2025-09-27 18:04:38,552 [subspace_lora.py] => step: 173, loss: -0.2062, kd_loss: 0.0000, prior_loss: 0.0000, acc: 0.8806
2025-09-27 18:04:38,843 [subspace_lora.py] => step: 174, loss: -0.1911, kd_loss: 0.0000, prior_loss: 0.0000, acc: 0.8800
2025-09-27 18:04:39,143 [subspace_lora.py] => step: 175, loss: -0.1858, kd_loss: 0.0000, prior_loss: 0.0000, acc: 0.8754
2025-09-27 18:04:39,434 [subspace_lora.py] => step: 176, loss: -0.1922, kd_loss: 0.0000, prior_loss: 0.0000, acc: 0.8795
2025-09-27 18:04:39,724 [subspace_lora.py] => step: 177, loss: -0.1954, kd_loss: 0.0000, prior_loss: 0.0000, acc: 0.8832
2025-09-27 18:04:40,018 [subspace_lora.py] => step: 178, loss: -0.1907, kd_loss: 0.0000, prior_loss: 0.0000, acc: 0.8782
2025-09-27 18:04:40,307 [subspace_lora.py] => step: 179, loss: -0.1781, kd_loss: 0.0000, prior_loss: 0.0000, acc: 0.8737
2025-09-27 18:04:40,597 [subspace_lora.py] => step: 180, loss: -0.1810, kd_loss: 0.0000, prior_loss: 0.0000, acc: 0.8739
2025-09-27 18:04:40,894 [subspace_lora.py] => step: 181, loss: -0.1786, kd_loss: 0.0000, prior_loss: 0.0000, acc: 0.8740
2025-09-27 18:04:41,181 [subspace_lora.py] => step: 182, loss: -0.1778, kd_loss: 0.0000, prior_loss: 0.0000, acc: 0.8741
2025-09-27 18:04:41,466 [subspace_lora.py] => step: 183, loss: -0.1677, kd_loss: 0.0000, prior_loss: 0.0000, acc: 0.8742
2025-09-27 18:04:41,768 [subspace_lora.py] => step: 184, loss: -0.1516, kd_loss: 0.0000, prior_loss: 0.0000, acc: 0.8659
2025-09-27 18:04:42,056 [subspace_lora.py] => step: 185, loss: -0.1433, kd_loss: 0.0000, prior_loss: 0.0000, acc: 0.8543
2025-09-27 18:04:42,345 [subspace_lora.py] => step: 186, loss: -0.1592, kd_loss: 0.0000, prior_loss: 0.0000, acc: 0.8564
2025-09-27 18:04:42,633 [subspace_lora.py] => step: 187, loss: -0.1871, kd_loss: 0.0000, prior_loss: 0.0000, acc: 0.8708
2025-09-27 18:04:42,941 [subspace_lora.py] => step: 188, loss: -0.1822, kd_loss: 0.0000, prior_loss: 0.0000, acc: 0.8670
2025-09-27 18:04:43,237 [subspace_lora.py] => step: 189, loss: -0.1894, kd_loss: 0.0000, prior_loss: 0.0000, acc: 0.8678
2025-09-27 18:04:43,533 [subspace_lora.py] => step: 190, loss: -0.1907, kd_loss: 0.0000, prior_loss: 0.0000, acc: 0.8602
2025-09-27 18:04:43,826 [subspace_lora.py] => step: 191, loss: -0.1785, kd_loss: 0.0000, prior_loss: 0.0000, acc: 0.8575
2025-09-27 18:04:44,131 [subspace_lora.py] => step: 192, loss: -0.1865, kd_loss: 0.0000, prior_loss: 0.0000, acc: 0.8634
2025-09-27 18:04:44,429 [subspace_lora.py] => step: 193, loss: -0.1894, kd_loss: 0.0000, prior_loss: 0.0000, acc: 0.8604
2025-09-27 18:04:44,723 [subspace_lora.py] => step: 194, loss: -0.2022, kd_loss: 0.0000, prior_loss: 0.0000, acc: 0.8702
2025-09-27 18:04:45,011 [subspace_lora.py] => step: 195, loss: -0.1797, kd_loss: 0.0000, prior_loss: 0.0000, acc: 0.8540
2025-09-27 18:04:45,298 [subspace_lora.py] => step: 196, loss: -0.1772, kd_loss: 0.0000, prior_loss: 0.0000, acc: 0.8520
2025-09-27 18:04:45,585 [subspace_lora.py] => step: 197, loss: -0.1785, kd_loss: 0.0000, prior_loss: 0.0000, acc: 0.8543
2025-09-27 18:04:45,875 [subspace_lora.py] => step: 198, loss: -0.1643, kd_loss: 0.0000, prior_loss: 0.0000, acc: 0.8480
2025-09-27 18:04:46,163 [subspace_lora.py] => step: 199, loss: -0.1666, kd_loss: 0.0000, prior_loss: 0.0000, acc: 0.8507
2025-09-27 18:04:46,460 [subspace_lora.py] => step: 200, loss: -0.1525, kd_loss: 0.0000, prior_loss: 0.0000, acc: 0.8448
2025-09-27 18:04:46,749 [subspace_lora.py] => step: 201, loss: -0.1648, kd_loss: 0.0000, prior_loss: 0.0000, acc: 0.8561
2025-09-27 18:04:47,034 [subspace_lora.py] => step: 202, loss: -0.1671, kd_loss: 0.0000, prior_loss: 0.0000, acc: 0.8622
2025-09-27 18:04:47,323 [subspace_lora.py] => step: 203, loss: -0.1755, kd_loss: 0.0000, prior_loss: 0.0000, acc: 0.8635
2025-09-27 18:04:47,611 [subspace_lora.py] => step: 204, loss: -0.1624, kd_loss: 0.0000, prior_loss: 0.0000, acc: 0.8605
2025-09-27 18:04:47,901 [subspace_lora.py] => step: 205, loss: -0.1624, kd_loss: 0.0000, prior_loss: 0.0000, acc: 0.8578
2025-09-27 18:04:48,193 [subspace_lora.py] => step: 206, loss: -0.1826, kd_loss: 0.0000, prior_loss: 0.0000, acc: 0.8678
2025-09-27 18:04:48,480 [subspace_lora.py] => step: 207, loss: -0.2017, kd_loss: 0.0000, prior_loss: 0.0000, acc: 0.8810
2025-09-27 18:04:48,771 [subspace_lora.py] => step: 208, loss: -0.1926, kd_loss: 0.0000, prior_loss: 0.0000, acc: 0.8804
2025-09-27 18:04:49,071 [subspace_lora.py] => step: 209, loss: -0.1758, kd_loss: 0.0000, prior_loss: 0.0000, acc: 0.8757
2025-09-27 18:04:49,366 [subspace_lora.py] => step: 210, loss: -0.1578, kd_loss: 0.0000, prior_loss: 0.0000, acc: 0.8715
2025-09-27 18:04:49,652 [subspace_lora.py] => step: 211, loss: -0.1702, kd_loss: 0.0000, prior_loss: 0.0000, acc: 0.8760
2025-09-27 18:04:49,938 [subspace_lora.py] => step: 212, loss: -0.1721, kd_loss: 0.0000, prior_loss: 0.0000, acc: 0.8801
2025-09-27 18:04:50,223 [subspace_lora.py] => step: 213, loss: -0.1613, kd_loss: 0.0000, prior_loss: 0.0000, acc: 0.8712
2025-09-27 18:04:50,508 [subspace_lora.py] => step: 214, loss: -0.1812, kd_loss: 0.0000, prior_loss: 0.0000, acc: 0.8758
2025-09-27 18:04:50,796 [subspace_lora.py] => step: 215, loss: -0.1649, kd_loss: 0.0000, prior_loss: 0.0000, acc: 0.8674
2025-09-27 18:04:51,083 [subspace_lora.py] => step: 216, loss: -0.1720, kd_loss: 0.0000, prior_loss: 0.0000, acc: 0.8723
2025-09-27 18:04:51,369 [subspace_lora.py] => step: 217, loss: -0.1754, kd_loss: 0.0000, prior_loss: 0.0000, acc: 0.8767
2025-09-27 18:04:51,654 [subspace_lora.py] => step: 218, loss: -0.1806, kd_loss: 0.0000, prior_loss: 0.0000, acc: 0.8766
2025-09-27 18:04:51,941 [subspace_lora.py] => step: 219, loss: -0.1862, kd_loss: 0.0000, prior_loss: 0.0000, acc: 0.8722
2025-09-27 18:04:52,225 [subspace_lora.py] => step: 220, loss: -0.1801, kd_loss: 0.0000, prior_loss: 0.0000, acc: 0.8683
2025-09-27 18:04:52,514 [subspace_lora.py] => step: 221, loss: -0.1601, kd_loss: 0.0000, prior_loss: 0.0000, acc: 0.8607
2025-09-27 18:04:52,800 [subspace_lora.py] => step: 222, loss: -0.1719, kd_loss: 0.0000, prior_loss: 0.0000, acc: 0.8663
2025-09-27 18:04:53,088 [subspace_lora.py] => step: 223, loss: -0.1578, kd_loss: 0.0000, prior_loss: 0.0000, acc: 0.8630
2025-09-27 18:04:53,376 [subspace_lora.py] => step: 224, loss: -0.1461, kd_loss: 0.0000, prior_loss: 0.0000, acc: 0.8558
2025-09-27 18:04:53,662 [subspace_lora.py] => step: 225, loss: -0.1579, kd_loss: 0.0000, prior_loss: 0.0000, acc: 0.8578
2025-09-27 18:04:53,952 [subspace_lora.py] => step: 226, loss: -0.1586, kd_loss: 0.0000, prior_loss: 0.0000, acc: 0.8595
2025-09-27 18:04:54,253 [subspace_lora.py] => step: 227, loss: -0.1603, kd_loss: 0.0000, prior_loss: 0.0000, acc: 0.8569
2025-09-27 18:04:54,539 [subspace_lora.py] => step: 228, loss: -0.1641, kd_loss: 0.0000, prior_loss: 0.0000, acc: 0.8629
2025-09-27 18:04:54,827 [subspace_lora.py] => step: 229, loss: -0.1684, kd_loss: 0.0000, prior_loss: 0.0000, acc: 0.8641
2025-09-27 18:04:55,111 [subspace_lora.py] => step: 230, loss: -0.1626, kd_loss: 0.0000, prior_loss: 0.0000, acc: 0.8610
2025-09-27 18:04:55,398 [subspace_lora.py] => step: 231, loss: -0.1717, kd_loss: 0.0000, prior_loss: 0.0000, acc: 0.8707
2025-09-27 18:04:55,685 [subspace_lora.py] => step: 232, loss: -0.1807, kd_loss: 0.0000, prior_loss: 0.0000, acc: 0.8795
2025-09-27 18:04:55,969 [subspace_lora.py] => step: 233, loss: -0.1832, kd_loss: 0.0000, prior_loss: 0.0000, acc: 0.8790
2025-09-27 18:04:56,256 [subspace_lora.py] => step: 234, loss: -0.1553, kd_loss: 0.0000, prior_loss: 0.0000, acc: 0.8578
2025-09-27 18:04:56,544 [subspace_lora.py] => step: 235, loss: -0.1618, kd_loss: 0.0000, prior_loss: 0.0000, acc: 0.8554
2025-09-27 18:04:56,828 [subspace_lora.py] => step: 236, loss: -0.1676, kd_loss: 0.0000, prior_loss: 0.0000, acc: 0.8615
2025-09-27 18:04:57,116 [subspace_lora.py] => step: 237, loss: -0.1590, kd_loss: 0.0000, prior_loss: 0.0000, acc: 0.8587
2025-09-27 18:04:57,404 [subspace_lora.py] => step: 238, loss: -0.1555, kd_loss: 0.0000, prior_loss: 0.0000, acc: 0.8603
2025-09-27 18:04:57,700 [subspace_lora.py] => step: 239, loss: -0.1478, kd_loss: 0.0000, prior_loss: 0.0000, acc: 0.8618
2025-09-27 18:04:57,990 [subspace_lora.py] => step: 240, loss: -0.1363, kd_loss: 0.0000, prior_loss: 0.0000, acc: 0.8548
2025-09-27 18:04:58,279 [subspace_lora.py] => step: 241, loss: -0.1434, kd_loss: 0.0000, prior_loss: 0.0000, acc: 0.8610
2025-09-27 18:04:58,570 [subspace_lora.py] => step: 242, loss: -0.1532, kd_loss: 0.0000, prior_loss: 0.0000, acc: 0.8665
2025-09-27 18:04:58,858 [subspace_lora.py] => step: 243, loss: -0.1621, kd_loss: 0.0000, prior_loss: 0.0000, acc: 0.8715
2025-09-27 18:04:59,156 [subspace_lora.py] => step: 244, loss: -0.1551, kd_loss: 0.0000, prior_loss: 0.0000, acc: 0.8636
2025-09-27 18:04:59,448 [subspace_lora.py] => step: 245, loss: -0.1690, kd_loss: 0.0000, prior_loss: 0.0000, acc: 0.8730
2025-09-27 18:04:59,734 [subspace_lora.py] => step: 246, loss: -0.1640, kd_loss: 0.0000, prior_loss: 0.0000, acc: 0.8732
2025-09-27 18:05:00,023 [subspace_lora.py] => step: 247, loss: -0.1680, kd_loss: 0.0000, prior_loss: 0.0000, acc: 0.8734
2025-09-27 18:05:00,312 [subspace_lora.py] => step: 248, loss: -0.1663, kd_loss: 0.0000, prior_loss: 0.0000, acc: 0.8777
2025-09-27 18:05:00,596 [subspace_lora.py] => step: 249, loss: -0.1906, kd_loss: 0.0000, prior_loss: 0.0000, acc: 0.8858
2025-09-27 18:05:00,881 [subspace_lora.py] => step: 250, loss: -0.2016, kd_loss: 0.0000, prior_loss: 0.0000, acc: 0.8847
2025-09-27 18:05:01,167 [subspace_lora.py] => step: 251, loss: -0.2228, kd_loss: 0.0000, prior_loss: 0.0000, acc: 0.8921
2025-09-27 18:05:01,450 [subspace_lora.py] => step: 252, loss: -0.2359, kd_loss: 0.0000, prior_loss: 0.0000, acc: 0.8945
2025-09-27 18:05:01,742 [subspace_lora.py] => step: 253, loss: -0.2046, kd_loss: 0.0000, prior_loss: 0.0000, acc: 0.8801
2025-09-27 18:05:02,037 [subspace_lora.py] => step: 254, loss: -0.1842, kd_loss: 0.0000, prior_loss: 0.0000, acc: 0.8754
2025-09-27 18:05:02,327 [subspace_lora.py] => step: 255, loss: -0.2022, kd_loss: 0.0000, prior_loss: 0.0000, acc: 0.8837
2025-09-27 18:05:02,616 [subspace_lora.py] => step: 256, loss: -0.1852, kd_loss: 0.0000, prior_loss: 0.0000, acc: 0.8703
2025-09-27 18:05:02,903 [subspace_lora.py] => step: 257, loss: -0.1644, kd_loss: 0.0000, prior_loss: 0.0000, acc: 0.8583
2025-09-27 18:05:03,188 [subspace_lora.py] => step: 258, loss: -0.1636, kd_loss: 0.0000, prior_loss: 0.0000, acc: 0.8600
2025-09-27 18:05:03,471 [subspace_lora.py] => step: 259, loss: -0.1784, kd_loss: 0.0000, prior_loss: 0.0000, acc: 0.8656
2025-09-27 18:05:03,758 [subspace_lora.py] => step: 260, loss: -0.1815, kd_loss: 0.0000, prior_loss: 0.0000, acc: 0.8582
2025-09-27 18:05:04,051 [subspace_lora.py] => step: 261, loss: -0.1468, kd_loss: 0.0000, prior_loss: 0.0000, acc: 0.8474
2025-09-27 18:05:04,347 [subspace_lora.py] => step: 262, loss: -0.1514, kd_loss: 0.0000, prior_loss: 0.0000, acc: 0.8502
2025-09-27 18:05:04,631 [subspace_lora.py] => step: 263, loss: -0.1598, kd_loss: 0.0000, prior_loss: 0.0000, acc: 0.8485
2025-09-27 18:05:04,914 [subspace_lora.py] => step: 264, loss: -0.1543, kd_loss: 0.0000, prior_loss: 0.0000, acc: 0.8470
2025-09-27 18:05:05,199 [subspace_lora.py] => step: 265, loss: -0.1529, kd_loss: 0.0000, prior_loss: 0.0000, acc: 0.8498
2025-09-27 18:05:05,484 [subspace_lora.py] => step: 266, loss: -0.1733, kd_loss: 0.0000, prior_loss: 0.0000, acc: 0.8606
2025-09-27 18:05:05,767 [subspace_lora.py] => step: 267, loss: -0.1832, kd_loss: 0.0000, prior_loss: 0.0000, acc: 0.8621
2025-09-27 18:05:06,049 [subspace_lora.py] => step: 268, loss: -0.1750, kd_loss: 0.0000, prior_loss: 0.0000, acc: 0.8592
2025-09-27 18:05:06,332 [subspace_lora.py] => step: 269, loss: -0.1834, kd_loss: 0.0000, prior_loss: 0.0000, acc: 0.8608
2025-09-27 18:05:06,619 [subspace_lora.py] => step: 270, loss: -0.1922, kd_loss: 0.0000, prior_loss: 0.0000, acc: 0.8622
2025-09-27 18:05:06,907 [subspace_lora.py] => step: 271, loss: -0.1823, kd_loss: 0.0000, prior_loss: 0.0000, acc: 0.8551
2025-09-27 18:05:07,192 [subspace_lora.py] => step: 272, loss: -0.1619, kd_loss: 0.0000, prior_loss: 0.0000, acc: 0.8446
2025-09-27 18:05:07,481 [subspace_lora.py] => step: 273, loss: -0.1824, kd_loss: 0.0000, prior_loss: 0.0000, acc: 0.8560
2025-09-27 18:05:07,771 [subspace_lora.py] => step: 274, loss: -0.1960, kd_loss: 0.0000, prior_loss: 0.0000, acc: 0.8662
2025-09-27 18:05:08,059 [subspace_lora.py] => step: 275, loss: -0.1842, kd_loss: 0.0000, prior_loss: 0.0000, acc: 0.8671
2025-09-27 18:05:08,345 [subspace_lora.py] => step: 276, loss: -0.1606, kd_loss: 0.0000, prior_loss: 0.0000, acc: 0.8471
2025-09-27 18:05:08,632 [subspace_lora.py] => step: 277, loss: -0.1801, kd_loss: 0.0000, prior_loss: 0.0000, acc: 0.8582
2025-09-27 18:05:08,924 [subspace_lora.py] => step: 278, loss: -0.1856, kd_loss: 0.0000, prior_loss: 0.0000, acc: 0.8557
2025-09-27 18:05:09,228 [subspace_lora.py] => step: 279, loss: -0.1947, kd_loss: 0.0000, prior_loss: 0.0000, acc: 0.8576
2025-09-27 18:05:09,517 [subspace_lora.py] => step: 280, loss: -0.1646, kd_loss: 0.0000, prior_loss: 0.0000, acc: 0.8469
2025-09-27 18:05:09,802 [subspace_lora.py] => step: 281, loss: -0.1725, kd_loss: 0.0000, prior_loss: 0.0000, acc: 0.8539
2025-09-27 18:05:10,087 [subspace_lora.py] => step: 282, loss: -0.1707, kd_loss: 0.0000, prior_loss: 0.0000, acc: 0.8518
2025-09-27 18:05:10,372 [subspace_lora.py] => step: 283, loss: -0.1633, kd_loss: 0.0000, prior_loss: 0.0000, acc: 0.8458
2025-09-27 18:05:10,658 [subspace_lora.py] => step: 284, loss: -0.1517, kd_loss: 0.0000, prior_loss: 0.0000, acc: 0.8404
2025-09-27 18:05:10,942 [subspace_lora.py] => step: 285, loss: -0.1281, kd_loss: 0.0000, prior_loss: 0.0000, acc: 0.8355
2025-09-27 18:05:11,233 [subspace_lora.py] => step: 286, loss: -0.1355, kd_loss: 0.0000, prior_loss: 0.0000, acc: 0.8395
2025-09-27 18:05:11,523 [subspace_lora.py] => step: 287, loss: -0.1288, kd_loss: 0.0000, prior_loss: 0.0000, acc: 0.8347
2025-09-27 18:05:11,807 [subspace_lora.py] => step: 288, loss: -0.1240, kd_loss: 0.0000, prior_loss: 0.0000, acc: 0.8345
2025-09-27 18:05:12,090 [subspace_lora.py] => step: 289, loss: -0.1147, kd_loss: 0.0000, prior_loss: 0.0000, acc: 0.8219
2025-09-27 18:05:12,375 [subspace_lora.py] => step: 290, loss: -0.1274, kd_loss: 0.0000, prior_loss: 0.0000, acc: 0.8356
2025-09-27 18:05:12,664 [subspace_lora.py] => step: 291, loss: -0.1415, kd_loss: 0.0000, prior_loss: 0.0000, acc: 0.8395
2025-09-27 18:05:12,951 [subspace_lora.py] => step: 292, loss: -0.1555, kd_loss: 0.0000, prior_loss: 0.0000, acc: 0.8472
2025-09-27 18:05:13,236 [subspace_lora.py] => step: 293, loss: -0.1635, kd_loss: 0.0000, prior_loss: 0.0000, acc: 0.8500
2025-09-27 18:05:13,523 [subspace_lora.py] => step: 294, loss: -0.1699, kd_loss: 0.0000, prior_loss: 0.0000, acc: 0.8567
2025-09-27 18:05:13,810 [subspace_lora.py] => step: 295, loss: -0.1779, kd_loss: 0.0000, prior_loss: 0.0000, acc: 0.8627
2025-09-27 18:05:14,106 [subspace_lora.py] => step: 296, loss: -0.1844, kd_loss: 0.0000, prior_loss: 0.0000, acc: 0.8639
2025-09-27 18:05:14,396 [subspace_lora.py] => step: 297, loss: -0.1933, kd_loss: 0.0000, prior_loss: 0.0000, acc: 0.8692
2025-09-27 18:05:14,682 [subspace_lora.py] => step: 298, loss: -0.2122, kd_loss: 0.0000, prior_loss: 0.0000, acc: 0.8823
2025-09-27 18:05:14,971 [subspace_lora.py] => step: 299, loss: -0.2180, kd_loss: 0.0000, prior_loss: 0.0000, acc: 0.8815
2025-09-27 18:05:15,256 [subspace_lora.py] => step: 300, loss: -0.2019, kd_loss: 0.0000, prior_loss: 0.0000, acc: 0.8809
2025-09-27 18:05:15,541 [subspace_lora.py] => step: 301, loss: -0.2119, kd_loss: 0.0000, prior_loss: 0.0000, acc: 0.8845
2025-09-27 18:05:15,834 [subspace_lora.py] => step: 302, loss: -0.2118, kd_loss: 0.0000, prior_loss: 0.0000, acc: 0.8793
2025-09-27 18:05:16,126 [subspace_lora.py] => step: 303, loss: -0.2305, kd_loss: 0.0000, prior_loss: 0.0000, acc: 0.8914
2025-09-27 18:05:16,418 [subspace_lora.py] => step: 304, loss: -0.2314, kd_loss: 0.0000, prior_loss: 0.0000, acc: 0.8939
2025-09-27 18:05:16,702 [subspace_lora.py] => step: 305, loss: -0.2145, kd_loss: 0.0000, prior_loss: 0.0000, acc: 0.8879
2025-09-27 18:05:16,992 [subspace_lora.py] => step: 306, loss: -0.2303, kd_loss: 0.0000, prior_loss: 0.0000, acc: 0.8991
2025-09-27 18:05:17,277 [subspace_lora.py] => step: 307, loss: -0.2208, kd_loss: 0.0000, prior_loss: 0.0000, acc: 0.8967
2025-09-27 18:05:17,570 [subspace_lora.py] => step: 308, loss: -0.2282, kd_loss: 0.0000, prior_loss: 0.0000, acc: 0.8987
2025-09-27 18:05:17,859 [subspace_lora.py] => step: 309, loss: -0.2291, kd_loss: 0.0000, prior_loss: 0.0000, acc: 0.8963
2025-09-27 18:05:18,146 [subspace_lora.py] => step: 310, loss: -0.2220, kd_loss: 0.0000, prior_loss: 0.0000, acc: 0.8900
2025-09-27 18:05:18,437 [subspace_lora.py] => step: 311, loss: -0.2254, kd_loss: 0.0000, prior_loss: 0.0000, acc: 0.8843
2025-09-27 18:05:18,725 [subspace_lora.py] => step: 312, loss: -0.2268, kd_loss: 0.0000, prior_loss: 0.0000, acc: 0.8834
2025-09-27 18:05:19,025 [subspace_lora.py] => step: 313, loss: -0.2236, kd_loss: 0.0000, prior_loss: 0.0000, acc: 0.8826
2025-09-27 18:05:19,330 [subspace_lora.py] => step: 314, loss: -0.2279, kd_loss: 0.0000, prior_loss: 0.0000, acc: 0.8776
2025-09-27 18:05:19,635 [subspace_lora.py] => step: 315, loss: -0.2406, kd_loss: 0.0000, prior_loss: 0.0000, acc: 0.8857
2025-10-05 00:43:18,368 [trainer.py] => dataset: cifar100
2025-10-05 00:43:18,368 [trainer.py] => smart_defaults: True
2025-10-05 00:43:18,368 [trainer.py] => user: authors
2025-10-05 00:43:18,368 [trainer.py] => test: True
2025-10-05 00:43:18,368 [trainer.py] => memory_size: 0
2025-10-05 00:43:18,368 [trainer.py] => memory_per_class: 0
2025-10-05 00:43:18,368 [trainer.py] => fixed_memory: False
2025-10-05 00:43:18,368 [trainer.py] => shuffle: True
2025-10-05 00:43:18,368 [trainer.py] => init_cls: 20
2025-10-05 00:43:18,368 [trainer.py] => increment: 20
2025-10-05 00:43:18,368 [trainer.py] => model_name: sldc
2025-10-05 00:43:18,368 [trainer.py] => vit_type: vit-b-p16
2025-10-05 00:43:18,368 [trainer.py] => weight_decay: 0.0
2025-10-05 00:43:18,368 [trainer.py] => device: [device(type='cuda', index=0)]
2025-10-05 00:43:18,369 [trainer.py] => sce_a: 0.5
2025-10-05 00:43:18,369 [trainer.py] => sce_b: 0.5
2025-10-05 00:43:18,369 [trainer.py] => seed_list: [1993]
2025-10-05 00:43:18,369 [trainer.py] => iterations: 1500
2025-10-05 00:43:18,369 [trainer.py] => warmup_steps: 200
2025-10-05 00:43:18,369 [trainer.py] => ca_epochs: 5
2025-10-05 00:43:18,369 [trainer.py] => optimizer: adamw
2025-10-05 00:43:18,369 [trainer.py] => lrate: 0.0005
2025-10-05 00:43:18,369 [trainer.py] => head_scale: 1.0
2025-10-05 00:43:18,369 [trainer.py] => batch_size: 24
2025-10-05 00:43:18,369 [trainer.py] => evaluate_final_only: True
2025-10-05 00:43:18,369 [trainer.py] => gamma_norm: 0.1
2025-10-05 00:43:18,369 [trainer.py] => gamma_kd: 0.0
2025-10-05 00:43:18,369 [trainer.py] => kd_type: feat
2025-10-05 00:43:18,369 [trainer.py] => alpha_t: 1.0
2025-10-05 00:43:18,369 [trainer.py] =>  _gamma_1: 0.0001
2025-10-05 00:43:18,369 [trainer.py] => compensate: True
2025-10-05 00:43:18,369 [trainer.py] => eval_only: False
2025-10-05 00:43:18,369 [trainer.py] => lora_rank: 4
2025-10-05 00:43:18,369 [trainer.py] => lora_type: sgp_lora
2025-10-05 00:43:18,369 [trainer.py] => weight_temp: 5.0
2025-10-05 00:43:18,369 [trainer.py] => weight_kind: log1p
2025-10-05 00:43:18,369 [trainer.py] => weight_p: 1.0
2025-10-05 00:43:18,369 [trainer.py] => nsp_eps: 0.05
2025-10-05 00:43:18,369 [trainer.py] => nsp_weight: 0.0
2025-10-05 00:43:18,369 [trainer.py] => auxiliary_data_path: /data1/open_datasets/ImageNet-2012/train
2025-10-05 00:43:18,369 [trainer.py] => aux_dataset: imagenet
2025-10-05 00:43:18,369 [trainer.py] => auxiliary_data_size: 1024
2025-10-05 00:43:18,369 [trainer.py] => l2_protection: True
2025-10-05 00:43:18,369 [trainer.py] => l2_protection_lambda: 0.0001
2025-10-05 00:43:18,369 [trainer.py] => seed: 1993
2025-10-05 00:43:18,369 [trainer.py] => run_id: 0
2025-10-05 00:43:18,370 [trainer.py] => log_path: sldc_logs_authors/cifar100_vit-b-p16/init-20_inc-20_rank-4_lt-sgp_lora_T-5_comp-1_wk-log1p_wp-1_kd-feat_gkd-0_gn-0p1_optim-adamw_lr-0p0005_bz-24_iter-1500_seed-1993
2025-10-05 00:43:52,134 [data_manager1.py] => [IDM] load dataset cifar100 | train=50000, test=10000, classes=100
2025-10-05 00:43:52,136 [data_manager1.py] => [IDM] class_order: [68, 56, 78, 8, 23, 84, 90, 65, 74, 76, 40, 89, 3, 92, 55, 9, 26, 80, 43, 38, 58, 70, 77, 1, 85, 19, 17, 50, 28, 53, 13, 81, 45, 82, 6, 59, 83, 16, 15, 44, 91, 41, 72, 60, 79, 52, 20, 10, 31, 54, 37, 95, 14, 71, 96, 98, 97, 2, 64, 66, 42, 22, 35, 86, 24, 34, 87, 21, 99, 0, 88, 27, 18, 94, 11, 12, 47, 25, 30, 46, 62, 69, 36, 61, 7, 63, 75, 5, 32, 4, 51, 48, 73, 93, 39, 67, 29, 49, 57, 33]
2025-10-05 00:43:52,146 [data_manager1.py] => [IDM] increment_classess=[20, 20, 20, 20, 20] (nb_tasks=5)
2025-10-05 00:43:53,195 [_builder.py] => Loading pretrained weights from Hugging Face hub (timm/vit_base_patch16_224.augreg2_in21k_ft_in1k)
2025-10-05 00:43:53,706 [_hub.py] => [timm/vit_base_patch16_224.augreg2_in21k_ft_in1k] Safe alternative available for 'pytorch_model.bin' (as 'model.safetensors'). Loading weights using safetensors.
2025-10-05 00:44:08,431 [subspace_lora.py] => Compiled network with torch.compile
2025-10-05 00:44:08,431 [subspace_lora.py] => Optimizer instantiated: lrate=0.0005, wd=0.0, optimizer=adamw
2025-10-05 00:44:08,432 [trainer.py] => All params: 86469888
2025-10-05 00:44:08,432 [trainer.py] => Trainable params: 672768
2025-10-05 00:44:08,593 [subspace_lora.py] => System training on classes 0-20 (cifar100)
2025-10-05 00:44:09,350 [subspace_lora.py] => step: 1, loss: 1.6442, kd_loss: 0.0000, prior_loss: 0.0000, acc: 0.0417
2025-10-05 00:44:09,446 [subspace_lora.py] => step: 2, loss: 1.6406, kd_loss: 0.0000, prior_loss: 0.0000, acc: 0.0417
2025-10-05 00:44:09,541 [subspace_lora.py] => step: 3, loss: 1.6252, kd_loss: 0.0000, prior_loss: 0.0000, acc: 0.0458
2025-10-05 00:44:09,634 [subspace_lora.py] => step: 4, loss: 1.6168, kd_loss: 0.0000, prior_loss: 0.0000, acc: 0.0412
2025-10-05 00:44:09,727 [subspace_lora.py] => step: 5, loss: 1.5986, kd_loss: 0.0000, prior_loss: 0.0000, acc: 0.0621
2025-10-05 00:44:09,825 [subspace_lora.py] => step: 6, loss: 1.5866, kd_loss: 0.0000, prior_loss: 0.0000, acc: 0.0684
2025-10-05 00:44:09,920 [subspace_lora.py] => step: 7, loss: 1.5804, kd_loss: 0.0000, prior_loss: 0.0000, acc: 0.0699
2025-10-05 00:44:10,012 [subspace_lora.py] => step: 8, loss: 1.5669, kd_loss: 0.0000, prior_loss: 0.0000, acc: 0.0629
2025-10-05 00:44:10,105 [subspace_lora.py] => step: 9, loss: 1.5508, kd_loss: 0.0000, prior_loss: 0.0000, acc: 0.0691
2025-10-05 00:44:10,197 [subspace_lora.py] => step: 10, loss: 1.5380, kd_loss: 0.0000, prior_loss: 0.0000, acc: 0.0747
2025-10-05 00:44:10,290 [subspace_lora.py] => step: 11, loss: 1.5151, kd_loss: 0.0000, prior_loss: 0.0000, acc: 0.0922
2025-10-05 00:44:10,381 [subspace_lora.py] => step: 12, loss: 1.4997, kd_loss: 0.0000, prior_loss: 0.0000, acc: 0.1080
2025-10-05 00:44:10,473 [subspace_lora.py] => step: 13, loss: 1.4876, kd_loss: 0.0000, prior_loss: 0.0000, acc: 0.1222
2025-10-05 00:44:10,569 [subspace_lora.py] => step: 14, loss: 1.4680, kd_loss: 0.0000, prior_loss: 0.0000, acc: 0.1433
2025-10-05 00:44:10,665 [subspace_lora.py] => step: 15, loss: 1.4506, kd_loss: 0.0000, prior_loss: 0.0000, acc: 0.1540
2025-10-05 00:44:10,759 [subspace_lora.py] => step: 16, loss: 1.4354, kd_loss: 0.0000, prior_loss: 0.0000, acc: 0.1636
2025-10-05 00:44:10,855 [subspace_lora.py] => step: 17, loss: 1.4096, kd_loss: 0.0000, prior_loss: 0.0000, acc: 0.1847
2025-10-05 00:44:10,950 [subspace_lora.py] => step: 18, loss: 1.3827, kd_loss: 0.0000, prior_loss: 0.0000, acc: 0.2038
2025-10-05 00:44:11,045 [subspace_lora.py] => step: 19, loss: 1.3615, kd_loss: 0.0000, prior_loss: 0.0000, acc: 0.2292
2025-10-05 00:44:11,141 [subspace_lora.py] => step: 20, loss: 1.3494, kd_loss: 0.0000, prior_loss: 0.0000, acc: 0.2313
2025-10-05 00:44:11,237 [subspace_lora.py] => step: 21, loss: 1.3284, kd_loss: 0.0000, prior_loss: 0.0000, acc: 0.2540
2025-10-05 00:44:11,333 [subspace_lora.py] => step: 22, loss: 1.3049, kd_loss: 0.0000, prior_loss: 0.0000, acc: 0.2786
2025-10-05 00:44:11,428 [subspace_lora.py] => step: 23, loss: 1.2811, kd_loss: 0.0000, prior_loss: 0.0000, acc: 0.3049
2025-10-05 00:44:11,523 [subspace_lora.py] => step: 24, loss: 1.2501, kd_loss: 0.0000, prior_loss: 0.0000, acc: 0.3202
2025-10-05 00:44:11,618 [subspace_lora.py] => step: 25, loss: 1.2364, kd_loss: 0.0000, prior_loss: 0.0000, acc: 0.3299
2025-10-05 00:44:11,712 [subspace_lora.py] => step: 26, loss: 1.2090, kd_loss: 0.0000, prior_loss: 0.0000, acc: 0.3469
2025-10-05 00:44:11,807 [subspace_lora.py] => step: 27, loss: 1.2007, kd_loss: 0.0000, prior_loss: 0.0000, acc: 0.3497
2025-10-05 00:44:11,903 [subspace_lora.py] => step: 28, loss: 1.1867, kd_loss: 0.0000, prior_loss: 0.0000, acc: 0.3564
2025-10-05 00:44:12,004 [subspace_lora.py] => step: 29, loss: 1.1465, kd_loss: 0.0000, prior_loss: 0.0000, acc: 0.3916
2025-10-05 00:44:12,099 [subspace_lora.py] => step: 30, loss: 1.1208, kd_loss: 0.0000, prior_loss: 0.0000, acc: 0.4149
2025-10-05 00:44:12,195 [subspace_lora.py] => step: 31, loss: 1.0918, kd_loss: 0.0000, prior_loss: 0.0000, acc: 0.4401
2025-10-05 00:44:12,291 [subspace_lora.py] => step: 32, loss: 1.0620, kd_loss: 0.0000, prior_loss: 0.0000, acc: 0.4586
2025-10-05 00:44:12,386 [subspace_lora.py] => step: 33, loss: 1.0464, kd_loss: 0.0000, prior_loss: 0.0000, acc: 0.4752
2025-10-05 00:44:12,481 [subspace_lora.py] => step: 34, loss: 1.0297, kd_loss: 0.0000, prior_loss: 0.0000, acc: 0.4861
2025-10-05 00:44:12,576 [subspace_lora.py] => step: 35, loss: 0.9978, kd_loss: 0.0000, prior_loss: 0.0000, acc: 0.4999
2025-10-05 00:44:12,672 [subspace_lora.py] => step: 36, loss: 0.9672, kd_loss: 0.0000, prior_loss: 0.0000, acc: 0.5166
2025-10-05 00:44:12,767 [subspace_lora.py] => step: 37, loss: 0.9628, kd_loss: 0.0000, prior_loss: 0.0000, acc: 0.5150
2025-10-05 00:44:12,863 [subspace_lora.py] => step: 38, loss: 0.9389, kd_loss: 0.0000, prior_loss: 0.0000, acc: 0.5301
2025-10-05 00:44:12,958 [subspace_lora.py] => step: 39, loss: 0.9127, kd_loss: 0.0000, prior_loss: 0.0000, acc: 0.5479
2025-10-05 00:44:13,054 [subspace_lora.py] => step: 40, loss: 0.8843, kd_loss: 0.0000, prior_loss: 0.0000, acc: 0.5557
2025-10-05 00:44:13,149 [subspace_lora.py] => step: 41, loss: 0.8617, kd_loss: 0.0000, prior_loss: 0.0000, acc: 0.5626
2025-10-05 00:44:13,245 [subspace_lora.py] => step: 42, loss: 0.8288, kd_loss: 0.0000, prior_loss: 0.0000, acc: 0.5855
2025-10-05 00:44:13,340 [subspace_lora.py] => step: 43, loss: 0.7810, kd_loss: 0.0000, prior_loss: 0.0000, acc: 0.6144
2025-10-05 00:44:13,435 [subspace_lora.py] => step: 44, loss: 0.7696, kd_loss: 0.0000, prior_loss: 0.0000, acc: 0.6155
2025-10-05 00:44:13,531 [subspace_lora.py] => step: 45, loss: 0.7410, kd_loss: 0.0000, prior_loss: 0.0000, acc: 0.6290
2025-10-05 00:44:13,626 [subspace_lora.py] => step: 46, loss: 0.7012, kd_loss: 0.0000, prior_loss: 0.0000, acc: 0.6452
2025-10-05 00:44:13,721 [subspace_lora.py] => step: 47, loss: 0.6806, kd_loss: 0.0000, prior_loss: 0.0000, acc: 0.6515
2025-10-05 00:44:13,817 [subspace_lora.py] => step: 48, loss: 0.6620, kd_loss: 0.0000, prior_loss: 0.0000, acc: 0.6697
2025-10-05 00:44:13,913 [subspace_lora.py] => step: 49, loss: 0.6206, kd_loss: 0.0000, prior_loss: 0.0000, acc: 0.6819
2025-10-05 00:44:14,008 [subspace_lora.py] => step: 50, loss: 0.5957, kd_loss: 0.0000, prior_loss: 0.0000, acc: 0.6804
2025-10-05 00:44:14,103 [subspace_lora.py] => step: 51, loss: 0.5763, kd_loss: 0.0000, prior_loss: 0.0000, acc: 0.6957
2025-10-05 00:44:14,199 [subspace_lora.py] => step: 52, loss: 0.5523, kd_loss: 0.0000, prior_loss: 0.0000, acc: 0.7053
2025-10-05 00:44:14,294 [subspace_lora.py] => step: 53, loss: 0.5438, kd_loss: 0.0000, prior_loss: 0.0000, acc: 0.7056
2025-10-05 00:44:14,389 [subspace_lora.py] => step: 54, loss: 0.5172, kd_loss: 0.0000, prior_loss: 0.0000, acc: 0.7100
2025-10-05 00:44:14,485 [subspace_lora.py] => step: 55, loss: 0.4943, kd_loss: 0.0000, prior_loss: 0.0000, acc: 0.7182
2025-10-05 00:44:14,580 [subspace_lora.py] => step: 56, loss: 0.4798, kd_loss: 0.0000, prior_loss: 0.0000, acc: 0.7130
2025-10-05 00:44:14,676 [subspace_lora.py] => step: 57, loss: 0.4547, kd_loss: 0.0000, prior_loss: 0.0000, acc: 0.7209
2025-10-05 00:44:14,771 [subspace_lora.py] => step: 58, loss: 0.4217, kd_loss: 0.0000, prior_loss: 0.0000, acc: 0.7280
2025-10-05 00:44:14,867 [subspace_lora.py] => step: 59, loss: 0.3933, kd_loss: 0.0000, prior_loss: 0.0000, acc: 0.7302
2025-10-05 00:44:14,962 [subspace_lora.py] => step: 60, loss: 0.3826, kd_loss: 0.0000, prior_loss: 0.0000, acc: 0.7280
2025-10-05 00:44:15,058 [subspace_lora.py] => step: 61, loss: 0.3575, kd_loss: 0.0000, prior_loss: 0.0000, acc: 0.7302
2025-10-05 00:44:15,153 [subspace_lora.py] => step: 62, loss: 0.3473, kd_loss: 0.0000, prior_loss: 0.0000, acc: 0.7322
2025-10-05 00:44:15,249 [subspace_lora.py] => step: 63, loss: 0.3384, kd_loss: 0.0000, prior_loss: 0.0000, acc: 0.7381
2025-10-05 00:44:15,344 [subspace_lora.py] => step: 64, loss: 0.3088, kd_loss: 0.0000, prior_loss: 0.0000, acc: 0.7518
2025-10-05 00:44:15,439 [subspace_lora.py] => step: 65, loss: 0.2865, kd_loss: 0.0000, prior_loss: 0.0000, acc: 0.7558
2025-10-05 00:44:15,536 [subspace_lora.py] => step: 66, loss: 0.2574, kd_loss: 0.0000, prior_loss: 0.0000, acc: 0.7636
2025-10-05 00:44:15,631 [subspace_lora.py] => step: 67, loss: 0.2384, kd_loss: 0.0000, prior_loss: 0.0000, acc: 0.7664
2025-10-05 00:44:15,728 [subspace_lora.py] => step: 68, loss: 0.2309, kd_loss: 0.0000, prior_loss: 0.0000, acc: 0.7606
2025-10-05 00:44:15,823 [subspace_lora.py] => step: 69, loss: 0.2062, kd_loss: 0.0000, prior_loss: 0.0000, acc: 0.7678
2025-10-05 00:44:15,920 [subspace_lora.py] => step: 70, loss: 0.1831, kd_loss: 0.0000, prior_loss: 0.0000, acc: 0.7702
2025-10-05 00:44:16,016 [subspace_lora.py] => step: 71, loss: 0.1944, kd_loss: 0.0000, prior_loss: 0.0000, acc: 0.7724
2025-10-05 00:44:16,112 [subspace_lora.py] => step: 72, loss: 0.1718, kd_loss: 0.0000, prior_loss: 0.0000, acc: 0.7868
2025-10-05 00:44:16,207 [subspace_lora.py] => step: 73, loss: 0.1448, kd_loss: 0.0000, prior_loss: 0.0000, acc: 0.7956
2025-10-05 00:44:16,303 [subspace_lora.py] => step: 74, loss: 0.1416, kd_loss: 0.0000, prior_loss: 0.0000, acc: 0.7869
2025-10-05 00:44:16,399 [subspace_lora.py] => step: 75, loss: 0.1414, kd_loss: 0.0000, prior_loss: 0.0000, acc: 0.7915
2025-10-05 00:44:16,495 [subspace_lora.py] => step: 76, loss: 0.1366, kd_loss: 0.0000, prior_loss: 0.0000, acc: 0.7874
2025-10-05 00:44:16,590 [subspace_lora.py] => step: 77, loss: 0.1056, kd_loss: 0.0000, prior_loss: 0.0000, acc: 0.8045
2025-10-05 00:44:16,686 [subspace_lora.py] => step: 78, loss: 0.0800, kd_loss: 0.0000, prior_loss: 0.0000, acc: 0.8157
2025-10-05 00:44:16,782 [subspace_lora.py] => step: 79, loss: 0.0789, kd_loss: 0.0000, prior_loss: 0.0000, acc: 0.8133
2025-10-05 00:44:16,878 [subspace_lora.py] => step: 80, loss: 0.0687, kd_loss: 0.0000, prior_loss: 0.0000, acc: 0.8153
2025-10-05 00:44:16,974 [subspace_lora.py] => step: 81, loss: 0.0597, kd_loss: 0.0000, prior_loss: 0.0000, acc: 0.8171
2025-10-05 00:44:17,069 [subspace_lora.py] => step: 82, loss: 0.0501, kd_loss: 0.0000, prior_loss: 0.0000, acc: 0.8104
2025-10-05 00:44:17,166 [subspace_lora.py] => step: 83, loss: 0.0354, kd_loss: 0.0000, prior_loss: 0.0000, acc: 0.8127
2025-10-05 00:44:17,262 [subspace_lora.py] => step: 84, loss: 0.0330, kd_loss: 0.0000, prior_loss: 0.0000, acc: 0.8106
2025-10-05 00:44:17,358 [subspace_lora.py] => step: 85, loss: 0.0025, kd_loss: 0.0000, prior_loss: 0.0000, acc: 0.8295
2025-10-05 00:44:17,454 [subspace_lora.py] => step: 86, loss: -0.0057, kd_loss: 0.0000, prior_loss: 0.0000, acc: 0.8299
2025-10-05 00:44:17,549 [subspace_lora.py] => step: 87, loss: 0.0018, kd_loss: 0.0000, prior_loss: 0.0000, acc: 0.8219
2025-10-05 00:44:17,645 [subspace_lora.py] => step: 88, loss: -0.0046, kd_loss: 0.0000, prior_loss: 0.0000, acc: 0.8272
2025-10-05 00:44:17,740 [subspace_lora.py] => step: 89, loss: -0.0116, kd_loss: 0.0000, prior_loss: 0.0000, acc: 0.8278
2025-10-05 00:44:17,836 [subspace_lora.py] => step: 90, loss: -0.0161, kd_loss: 0.0000, prior_loss: 0.0000, acc: 0.8326
2025-10-05 00:44:17,931 [subspace_lora.py] => step: 91, loss: -0.0125, kd_loss: 0.0000, prior_loss: 0.0000, acc: 0.8326
2025-10-05 00:44:18,029 [subspace_lora.py] => step: 92, loss: -0.0015, kd_loss: 0.0000, prior_loss: 0.0000, acc: 0.8244
2025-10-05 00:44:18,124 [subspace_lora.py] => step: 93, loss: -0.0125, kd_loss: 0.0000, prior_loss: 0.0000, acc: 0.8253
2025-10-05 00:44:18,220 [subspace_lora.py] => step: 94, loss: -0.0062, kd_loss: 0.0000, prior_loss: 0.0000, acc: 0.8177
2025-10-05 00:44:18,316 [subspace_lora.py] => step: 95, loss: -0.0000, kd_loss: 0.0000, prior_loss: 0.0000, acc: 0.8193
2025-10-05 00:44:18,412 [subspace_lora.py] => step: 96, loss: -0.0203, kd_loss: 0.0000, prior_loss: 0.0000, acc: 0.8290
2025-10-05 00:44:18,507 [subspace_lora.py] => step: 97, loss: -0.0163, kd_loss: 0.0000, prior_loss: 0.0000, acc: 0.8253
2025-10-05 00:44:18,602 [subspace_lora.py] => step: 98, loss: -0.0253, kd_loss: 0.0000, prior_loss: 0.0000, acc: 0.8261
2025-10-05 00:44:18,698 [subspace_lora.py] => step: 99, loss: -0.0492, kd_loss: 0.0000, prior_loss: 0.0000, acc: 0.8352
2025-10-05 00:44:18,794 [subspace_lora.py] => step: 100, loss: -0.0606, kd_loss: 0.0000, prior_loss: 0.0000, acc: 0.8391
2025-10-05 00:44:18,889 [subspace_lora.py] => step: 101, loss: -0.0622, kd_loss: 0.0000, prior_loss: 0.0000, acc: 0.8386
2025-10-05 00:44:18,985 [subspace_lora.py] => step: 102, loss: -0.0734, kd_loss: 0.0000, prior_loss: 0.0000, acc: 0.8464
2025-10-05 00:44:19,081 [subspace_lora.py] => step: 103, loss: -0.0916, kd_loss: 0.0000, prior_loss: 0.0000, acc: 0.8492
2025-10-05 00:44:19,177 [subspace_lora.py] => step: 104, loss: -0.1033, kd_loss: 0.0000, prior_loss: 0.0000, acc: 0.8518
2025-10-05 00:44:19,273 [subspace_lora.py] => step: 105, loss: -0.1199, kd_loss: 0.0000, prior_loss: 0.0000, acc: 0.8541
2025-10-05 00:44:19,366 [subspace_lora.py] => step: 106, loss: -0.1092, kd_loss: 0.0000, prior_loss: 0.0000, acc: 0.8479
2025-10-05 00:44:19,458 [subspace_lora.py] => step: 107, loss: -0.1181, kd_loss: 0.0000, prior_loss: 0.0000, acc: 0.8506
2025-10-05 00:44:19,551 [subspace_lora.py] => step: 108, loss: -0.1254, kd_loss: 0.0000, prior_loss: 0.0000, acc: 0.8530
2025-10-05 00:44:19,645 [subspace_lora.py] => step: 109, loss: -0.0975, kd_loss: 0.0000, prior_loss: 0.0000, acc: 0.8344
2025-10-05 00:44:19,738 [subspace_lora.py] => step: 110, loss: -0.0845, kd_loss: 0.0000, prior_loss: 0.0000, acc: 0.8260
2025-10-05 00:44:19,832 [subspace_lora.py] => step: 111, loss: -0.0989, kd_loss: 0.0000, prior_loss: 0.0000, acc: 0.8350
2025-10-05 00:44:19,925 [subspace_lora.py] => step: 112, loss: -0.1047, kd_loss: 0.0000, prior_loss: 0.0000, acc: 0.8390
2025-10-05 01:12:58,474 [trainer.py] => dataset: cifar100
2025-10-05 01:12:58,474 [trainer.py] => smart_defaults: True
2025-10-05 01:12:58,474 [trainer.py] => user: authors
2025-10-05 01:12:58,474 [trainer.py] => test: True
2025-10-05 01:12:58,474 [trainer.py] => memory_size: 0
2025-10-05 01:12:58,474 [trainer.py] => memory_per_class: 0
2025-10-05 01:12:58,474 [trainer.py] => fixed_memory: False
2025-10-05 01:12:58,474 [trainer.py] => shuffle: True
2025-10-05 01:12:58,474 [trainer.py] => init_cls: 20
2025-10-05 01:12:58,474 [trainer.py] => increment: 20
2025-10-05 01:12:58,474 [trainer.py] => model_name: sldc
2025-10-05 01:12:58,474 [trainer.py] => vit_type: vit-b-p16
2025-10-05 01:12:58,474 [trainer.py] => weight_decay: 0.0
2025-10-05 01:12:58,475 [trainer.py] => device: [device(type='cuda', index=0)]
2025-10-05 01:12:58,475 [trainer.py] => sce_a: 0.5
2025-10-05 01:12:58,475 [trainer.py] => sce_b: 0.5
2025-10-05 01:12:58,475 [trainer.py] => seed_list: [1993]
2025-10-05 01:12:58,475 [trainer.py] => iterations: 1500
2025-10-05 01:12:58,475 [trainer.py] => warmup_steps: 200
2025-10-05 01:12:58,475 [trainer.py] => ca_epochs: 5
2025-10-05 01:12:58,475 [trainer.py] => optimizer: adamw
2025-10-05 01:12:58,475 [trainer.py] => lrate: 0.0005
2025-10-05 01:12:58,475 [trainer.py] => head_scale: 1.0
2025-10-05 01:12:58,475 [trainer.py] => batch_size: 24
2025-10-05 01:12:58,475 [trainer.py] => evaluate_final_only: True
2025-10-05 01:12:58,475 [trainer.py] => gamma_norm: 0.1
2025-10-05 01:12:58,475 [trainer.py] => gamma_kd: 0.0
2025-10-05 01:12:58,475 [trainer.py] => kd_type: feat
2025-10-05 01:12:58,475 [trainer.py] => alpha_t: 1.0
2025-10-05 01:12:58,475 [trainer.py] =>  _gamma_1: 0.0001
2025-10-05 01:12:58,475 [trainer.py] => compensate: True
2025-10-05 01:12:58,475 [trainer.py] => eval_only: False
2025-10-05 01:12:58,475 [trainer.py] => lora_rank: 4
2025-10-05 01:12:58,475 [trainer.py] => lora_type: sgp_lora
2025-10-05 01:12:58,475 [trainer.py] => weight_temp: 5.0
2025-10-05 01:12:58,475 [trainer.py] => weight_kind: log1p
2025-10-05 01:12:58,475 [trainer.py] => weight_p: 1.0
2025-10-05 01:12:58,475 [trainer.py] => nsp_eps: 0.05
2025-10-05 01:12:58,475 [trainer.py] => nsp_weight: 0.0
2025-10-05 01:12:58,475 [trainer.py] => auxiliary_data_path: /data1/open_datasets/ImageNet-2012/train
2025-10-05 01:12:58,475 [trainer.py] => aux_dataset: imagenet
2025-10-05 01:12:58,475 [trainer.py] => auxiliary_data_size: 1024
2025-10-05 01:12:58,475 [trainer.py] => l2_protection: True
2025-10-05 01:12:58,476 [trainer.py] => l2_protection_lambda: 0.0001
2025-10-05 01:12:58,476 [trainer.py] => seed: 1993
2025-10-05 01:12:58,476 [trainer.py] => run_id: 0
2025-10-05 01:12:58,476 [trainer.py] => log_path: sldc_logs_authors/cifar100_vit-b-p16/init-20_inc-20_rank-4_lt-sgp_lora_T-5_comp-1_wk-log1p_wp-1_kd-feat_gkd-0_gn-0p1_optim-adamw_lr-0p0005_bz-24_iter-1500_seed-1993
2025-10-05 01:13:00,314 [data_manager1.py] => [IDM] load dataset cifar100 | train=50000, test=10000, classes=100
2025-10-05 01:13:00,314 [data_manager1.py] => [IDM] class_order: [68, 56, 78, 8, 23, 84, 90, 65, 74, 76, 40, 89, 3, 92, 55, 9, 26, 80, 43, 38, 58, 70, 77, 1, 85, 19, 17, 50, 28, 53, 13, 81, 45, 82, 6, 59, 83, 16, 15, 44, 91, 41, 72, 60, 79, 52, 20, 10, 31, 54, 37, 95, 14, 71, 96, 98, 97, 2, 64, 66, 42, 22, 35, 86, 24, 34, 87, 21, 99, 0, 88, 27, 18, 94, 11, 12, 47, 25, 30, 46, 62, 69, 36, 61, 7, 63, 75, 5, 32, 4, 51, 48, 73, 93, 39, 67, 29, 49, 57, 33]
2025-10-05 01:13:00,323 [data_manager1.py] => [IDM] increment_classess=[20, 20, 20, 20, 20] (nb_tasks=5)
2025-10-05 01:13:01,414 [_builder.py] => Loading pretrained weights from Hugging Face hub (timm/vit_base_patch16_224.augreg2_in21k_ft_in1k)
2025-10-05 01:13:02,024 [_hub.py] => [timm/vit_base_patch16_224.augreg2_in21k_ft_in1k] Safe alternative available for 'pytorch_model.bin' (as 'model.safetensors'). Loading weights using safetensors.
2025-10-05 01:13:17,661 [subspace_lora.py] => Compiled network with torch.compile
2025-10-05 01:13:17,661 [subspace_lora.py] => Optimizer instantiated: lrate=0.0005, wd=0.0, optimizer=adamw
2025-10-05 01:13:17,662 [trainer.py] => All params: 86469888
2025-10-05 01:13:17,662 [trainer.py] => Trainable params: 672768
2025-10-05 01:13:17,821 [subspace_lora.py] => System training on classes 0-20 (cifar100)
2025-10-05 01:13:18,638 [subspace_lora.py] => step: 1, loss: 1.6442, kd_loss: 0.0000, prior_loss: 0.0000, acc: 0.0417
2025-10-05 01:13:18,739 [subspace_lora.py] => step: 2, loss: 1.6406, kd_loss: 0.0000, prior_loss: 0.0000, acc: 0.0417
2025-10-05 01:13:18,837 [subspace_lora.py] => step: 3, loss: 1.6252, kd_loss: 0.0000, prior_loss: 0.0000, acc: 0.0458
2025-10-05 01:13:18,936 [subspace_lora.py] => step: 4, loss: 1.6168, kd_loss: 0.0000, prior_loss: 0.0000, acc: 0.0412
2025-10-05 01:13:19,032 [subspace_lora.py] => step: 5, loss: 1.5986, kd_loss: 0.0000, prior_loss: 0.0000, acc: 0.0621
2025-10-05 01:13:19,126 [subspace_lora.py] => step: 6, loss: 1.5866, kd_loss: 0.0000, prior_loss: 0.0000, acc: 0.0684
2025-10-05 01:13:19,226 [subspace_lora.py] => step: 7, loss: 1.5804, kd_loss: 0.0000, prior_loss: 0.0000, acc: 0.0699
2025-10-05 01:13:19,323 [subspace_lora.py] => step: 8, loss: 1.5669, kd_loss: 0.0000, prior_loss: 0.0000, acc: 0.0629
2025-10-05 01:13:19,420 [subspace_lora.py] => step: 9, loss: 1.5508, kd_loss: 0.0000, prior_loss: 0.0000, acc: 0.0691
2025-10-05 01:13:19,517 [subspace_lora.py] => step: 10, loss: 1.5380, kd_loss: 0.0000, prior_loss: 0.0000, acc: 0.0747
2025-10-05 01:13:19,615 [subspace_lora.py] => step: 11, loss: 1.5151, kd_loss: 0.0000, prior_loss: 0.0000, acc: 0.0922
2025-10-05 01:13:19,710 [subspace_lora.py] => step: 12, loss: 1.4997, kd_loss: 0.0000, prior_loss: 0.0000, acc: 0.1080
2025-10-05 01:13:19,809 [subspace_lora.py] => step: 13, loss: 1.4876, kd_loss: 0.0000, prior_loss: 0.0000, acc: 0.1222
2025-10-05 01:13:19,906 [subspace_lora.py] => step: 14, loss: 1.4680, kd_loss: 0.0000, prior_loss: 0.0000, acc: 0.1433
2025-10-05 01:13:20,004 [subspace_lora.py] => step: 15, loss: 1.4506, kd_loss: 0.0000, prior_loss: 0.0000, acc: 0.1540
2025-10-05 01:13:20,102 [subspace_lora.py] => step: 16, loss: 1.4354, kd_loss: 0.0000, prior_loss: 0.0000, acc: 0.1636
2025-10-05 01:13:20,199 [subspace_lora.py] => step: 17, loss: 1.4096, kd_loss: 0.0000, prior_loss: 0.0000, acc: 0.1847
2025-10-05 01:13:20,295 [subspace_lora.py] => step: 18, loss: 1.3827, kd_loss: 0.0000, prior_loss: 0.0000, acc: 0.2038
2025-10-05 01:13:20,390 [subspace_lora.py] => step: 19, loss: 1.3615, kd_loss: 0.0000, prior_loss: 0.0000, acc: 0.2292
2025-10-05 01:13:20,486 [subspace_lora.py] => step: 20, loss: 1.3494, kd_loss: 0.0000, prior_loss: 0.0000, acc: 0.2313
2025-10-05 01:13:20,584 [subspace_lora.py] => step: 21, loss: 1.3284, kd_loss: 0.0000, prior_loss: 0.0000, acc: 0.2540
2025-10-05 01:13:20,681 [subspace_lora.py] => step: 22, loss: 1.3049, kd_loss: 0.0000, prior_loss: 0.0000, acc: 0.2786
2025-10-05 01:13:20,780 [subspace_lora.py] => step: 23, loss: 1.2811, kd_loss: 0.0000, prior_loss: 0.0000, acc: 0.3049
2025-10-05 01:13:20,875 [subspace_lora.py] => step: 24, loss: 1.2501, kd_loss: 0.0000, prior_loss: 0.0000, acc: 0.3202
2025-10-05 01:13:20,971 [subspace_lora.py] => step: 25, loss: 1.2364, kd_loss: 0.0000, prior_loss: 0.0000, acc: 0.3299
2025-10-05 01:13:21,069 [subspace_lora.py] => step: 26, loss: 1.2090, kd_loss: 0.0000, prior_loss: 0.0000, acc: 0.3469
2025-10-05 01:13:21,167 [subspace_lora.py] => step: 27, loss: 1.2007, kd_loss: 0.0000, prior_loss: 0.0000, acc: 0.3497
2025-10-05 01:13:21,265 [subspace_lora.py] => step: 28, loss: 1.1867, kd_loss: 0.0000, prior_loss: 0.0000, acc: 0.3564
2025-10-05 01:13:21,364 [subspace_lora.py] => step: 29, loss: 1.1465, kd_loss: 0.0000, prior_loss: 0.0000, acc: 0.3916
2025-10-05 01:13:21,459 [subspace_lora.py] => step: 30, loss: 1.1208, kd_loss: 0.0000, prior_loss: 0.0000, acc: 0.4149
2025-10-05 01:13:21,558 [subspace_lora.py] => step: 31, loss: 1.0918, kd_loss: 0.0000, prior_loss: 0.0000, acc: 0.4401
2025-10-05 01:13:21,655 [subspace_lora.py] => step: 32, loss: 1.0620, kd_loss: 0.0000, prior_loss: 0.0000, acc: 0.4586
2025-10-05 01:13:21,753 [subspace_lora.py] => step: 33, loss: 1.0464, kd_loss: 0.0000, prior_loss: 0.0000, acc: 0.4752
2025-10-05 01:13:21,852 [subspace_lora.py] => step: 34, loss: 1.0297, kd_loss: 0.0000, prior_loss: 0.0000, acc: 0.4861
2025-10-05 01:13:21,948 [subspace_lora.py] => step: 35, loss: 0.9978, kd_loss: 0.0000, prior_loss: 0.0000, acc: 0.4999
2025-10-05 01:13:22,046 [subspace_lora.py] => step: 36, loss: 0.9672, kd_loss: 0.0000, prior_loss: 0.0000, acc: 0.5166
2025-10-05 01:13:22,142 [subspace_lora.py] => step: 37, loss: 0.9628, kd_loss: 0.0000, prior_loss: 0.0000, acc: 0.5150
2025-10-05 01:13:22,240 [subspace_lora.py] => step: 38, loss: 0.9389, kd_loss: 0.0000, prior_loss: 0.0000, acc: 0.5301
2025-10-05 01:13:22,339 [subspace_lora.py] => step: 39, loss: 0.9127, kd_loss: 0.0000, prior_loss: 0.0000, acc: 0.5479
2025-10-05 01:13:22,437 [subspace_lora.py] => step: 40, loss: 0.8843, kd_loss: 0.0000, prior_loss: 0.0000, acc: 0.5557
2025-10-05 01:13:22,533 [subspace_lora.py] => step: 41, loss: 0.8617, kd_loss: 0.0000, prior_loss: 0.0000, acc: 0.5626
2025-10-05 01:13:22,629 [subspace_lora.py] => step: 42, loss: 0.8288, kd_loss: 0.0000, prior_loss: 0.0000, acc: 0.5855
2025-10-05 01:13:22,730 [subspace_lora.py] => step: 43, loss: 0.7810, kd_loss: 0.0000, prior_loss: 0.0000, acc: 0.6144
2025-10-05 01:13:22,827 [subspace_lora.py] => step: 44, loss: 0.7696, kd_loss: 0.0000, prior_loss: 0.0000, acc: 0.6155
2025-10-05 01:13:22,925 [subspace_lora.py] => step: 45, loss: 0.7410, kd_loss: 0.0000, prior_loss: 0.0000, acc: 0.6290
2025-10-05 01:13:23,021 [subspace_lora.py] => step: 46, loss: 0.7012, kd_loss: 0.0000, prior_loss: 0.0000, acc: 0.6452
2025-10-05 01:13:23,117 [subspace_lora.py] => step: 47, loss: 0.6806, kd_loss: 0.0000, prior_loss: 0.0000, acc: 0.6515
2025-10-05 01:13:23,213 [subspace_lora.py] => step: 48, loss: 0.6620, kd_loss: 0.0000, prior_loss: 0.0000, acc: 0.6697
2025-10-05 01:13:23,312 [subspace_lora.py] => step: 49, loss: 0.6206, kd_loss: 0.0000, prior_loss: 0.0000, acc: 0.6819
2025-10-05 01:13:23,410 [subspace_lora.py] => step: 50, loss: 0.5957, kd_loss: 0.0000, prior_loss: 0.0000, acc: 0.6804
2025-10-05 01:13:23,510 [subspace_lora.py] => step: 51, loss: 0.5763, kd_loss: 0.0000, prior_loss: 0.0000, acc: 0.6957
2025-10-05 01:13:23,605 [subspace_lora.py] => step: 52, loss: 0.5523, kd_loss: 0.0000, prior_loss: 0.0000, acc: 0.7053
2025-10-05 01:13:23,702 [subspace_lora.py] => step: 53, loss: 0.5438, kd_loss: 0.0000, prior_loss: 0.0000, acc: 0.7056
2025-10-05 01:13:23,798 [subspace_lora.py] => step: 54, loss: 0.5172, kd_loss: 0.0000, prior_loss: 0.0000, acc: 0.7100
2025-10-05 01:13:23,898 [subspace_lora.py] => step: 55, loss: 0.4943, kd_loss: 0.0000, prior_loss: 0.0000, acc: 0.7182
2025-10-05 01:13:23,997 [subspace_lora.py] => step: 56, loss: 0.4798, kd_loss: 0.0000, prior_loss: 0.0000, acc: 0.7130
2025-10-05 01:13:24,096 [subspace_lora.py] => step: 57, loss: 0.4547, kd_loss: 0.0000, prior_loss: 0.0000, acc: 0.7209
2025-10-05 01:13:24,194 [subspace_lora.py] => step: 58, loss: 0.4217, kd_loss: 0.0000, prior_loss: 0.0000, acc: 0.7280
2025-10-05 01:13:24,293 [subspace_lora.py] => step: 59, loss: 0.3933, kd_loss: 0.0000, prior_loss: 0.0000, acc: 0.7302
2025-10-05 01:13:24,391 [subspace_lora.py] => step: 60, loss: 0.3826, kd_loss: 0.0000, prior_loss: 0.0000, acc: 0.7280
2025-10-05 01:13:24,490 [subspace_lora.py] => step: 61, loss: 0.3575, kd_loss: 0.0000, prior_loss: 0.0000, acc: 0.7302
2025-10-05 01:13:24,587 [subspace_lora.py] => step: 62, loss: 0.3473, kd_loss: 0.0000, prior_loss: 0.0000, acc: 0.7322
2025-10-05 01:13:24,688 [subspace_lora.py] => step: 63, loss: 0.3384, kd_loss: 0.0000, prior_loss: 0.0000, acc: 0.7381
2025-10-05 01:13:24,783 [subspace_lora.py] => step: 64, loss: 0.3088, kd_loss: 0.0000, prior_loss: 0.0000, acc: 0.7518
2025-10-05 01:13:24,883 [subspace_lora.py] => step: 65, loss: 0.2865, kd_loss: 0.0000, prior_loss: 0.0000, acc: 0.7558
2025-10-05 01:13:24,982 [subspace_lora.py] => step: 66, loss: 0.2574, kd_loss: 0.0000, prior_loss: 0.0000, acc: 0.7636
2025-10-05 01:13:25,078 [subspace_lora.py] => step: 67, loss: 0.2384, kd_loss: 0.0000, prior_loss: 0.0000, acc: 0.7664
2025-10-05 01:13:25,174 [subspace_lora.py] => step: 68, loss: 0.2309, kd_loss: 0.0000, prior_loss: 0.0000, acc: 0.7606
2025-10-05 01:13:25,273 [subspace_lora.py] => step: 69, loss: 0.2062, kd_loss: 0.0000, prior_loss: 0.0000, acc: 0.7678
2025-10-05 01:13:25,369 [subspace_lora.py] => step: 70, loss: 0.1831, kd_loss: 0.0000, prior_loss: 0.0000, acc: 0.7702
2025-10-05 01:13:25,468 [subspace_lora.py] => step: 71, loss: 0.1944, kd_loss: 0.0000, prior_loss: 0.0000, acc: 0.7724
2025-10-05 01:13:25,564 [subspace_lora.py] => step: 72, loss: 0.1718, kd_loss: 0.0000, prior_loss: 0.0000, acc: 0.7868
2025-10-05 01:13:25,660 [subspace_lora.py] => step: 73, loss: 0.1448, kd_loss: 0.0000, prior_loss: 0.0000, acc: 0.7956
2025-10-05 01:13:25,756 [subspace_lora.py] => step: 74, loss: 0.1416, kd_loss: 0.0000, prior_loss: 0.0000, acc: 0.7869
2025-10-05 01:13:25,857 [subspace_lora.py] => step: 75, loss: 0.1414, kd_loss: 0.0000, prior_loss: 0.0000, acc: 0.7915
2025-10-05 01:13:25,955 [subspace_lora.py] => step: 76, loss: 0.1366, kd_loss: 0.0000, prior_loss: 0.0000, acc: 0.7874
2025-10-05 01:13:26,052 [subspace_lora.py] => step: 77, loss: 0.1056, kd_loss: 0.0000, prior_loss: 0.0000, acc: 0.8045
2025-10-05 01:13:26,149 [subspace_lora.py] => step: 78, loss: 0.0800, kd_loss: 0.0000, prior_loss: 0.0000, acc: 0.8157
2025-10-05 01:13:26,245 [subspace_lora.py] => step: 79, loss: 0.0789, kd_loss: 0.0000, prior_loss: 0.0000, acc: 0.8133
2025-10-05 01:13:26,341 [subspace_lora.py] => step: 80, loss: 0.0687, kd_loss: 0.0000, prior_loss: 0.0000, acc: 0.8153
2025-10-05 01:13:26,439 [subspace_lora.py] => step: 81, loss: 0.0597, kd_loss: 0.0000, prior_loss: 0.0000, acc: 0.8171
2025-10-05 01:13:26,535 [subspace_lora.py] => step: 82, loss: 0.0501, kd_loss: 0.0000, prior_loss: 0.0000, acc: 0.8104
2025-10-05 01:13:26,632 [subspace_lora.py] => step: 83, loss: 0.0354, kd_loss: 0.0000, prior_loss: 0.0000, acc: 0.8127
2025-10-05 01:13:26,728 [subspace_lora.py] => step: 84, loss: 0.0330, kd_loss: 0.0000, prior_loss: 0.0000, acc: 0.8106
2025-10-05 01:13:26,824 [subspace_lora.py] => step: 85, loss: 0.0025, kd_loss: 0.0000, prior_loss: 0.0000, acc: 0.8295
2025-10-05 01:13:26,920 [subspace_lora.py] => step: 86, loss: -0.0057, kd_loss: 0.0000, prior_loss: 0.0000, acc: 0.8299
2025-10-05 01:13:27,016 [subspace_lora.py] => step: 87, loss: 0.0018, kd_loss: 0.0000, prior_loss: 0.0000, acc: 0.8219
2025-10-05 01:13:27,113 [subspace_lora.py] => step: 88, loss: -0.0046, kd_loss: 0.0000, prior_loss: 0.0000, acc: 0.8272
2025-10-05 01:13:27,209 [subspace_lora.py] => step: 89, loss: -0.0116, kd_loss: 0.0000, prior_loss: 0.0000, acc: 0.8278
2025-10-05 01:13:27,312 [subspace_lora.py] => step: 90, loss: -0.0161, kd_loss: 0.0000, prior_loss: 0.0000, acc: 0.8326
2025-10-05 01:13:27,408 [subspace_lora.py] => step: 91, loss: -0.0125, kd_loss: 0.0000, prior_loss: 0.0000, acc: 0.8326
2025-10-05 01:13:27,506 [subspace_lora.py] => step: 92, loss: -0.0015, kd_loss: 0.0000, prior_loss: 0.0000, acc: 0.8244
2025-10-05 01:13:27,602 [subspace_lora.py] => step: 93, loss: -0.0125, kd_loss: 0.0000, prior_loss: 0.0000, acc: 0.8253
2025-10-05 01:13:27,699 [subspace_lora.py] => step: 94, loss: -0.0062, kd_loss: 0.0000, prior_loss: 0.0000, acc: 0.8177
2025-10-05 01:13:27,794 [subspace_lora.py] => step: 95, loss: -0.0000, kd_loss: 0.0000, prior_loss: 0.0000, acc: 0.8193
2025-10-05 01:13:27,890 [subspace_lora.py] => step: 96, loss: -0.0203, kd_loss: 0.0000, prior_loss: 0.0000, acc: 0.8290
2025-10-05 01:13:27,989 [subspace_lora.py] => step: 97, loss: -0.0163, kd_loss: 0.0000, prior_loss: 0.0000, acc: 0.8253
2025-10-05 01:13:28,085 [subspace_lora.py] => step: 98, loss: -0.0253, kd_loss: 0.0000, prior_loss: 0.0000, acc: 0.8261
2025-10-05 01:13:28,182 [subspace_lora.py] => step: 99, loss: -0.0492, kd_loss: 0.0000, prior_loss: 0.0000, acc: 0.8352
2025-10-05 01:13:28,277 [subspace_lora.py] => step: 100, loss: -0.0606, kd_loss: 0.0000, prior_loss: 0.0000, acc: 0.8391
2025-10-05 01:13:28,374 [subspace_lora.py] => step: 101, loss: -0.0622, kd_loss: 0.0000, prior_loss: 0.0000, acc: 0.8386
2025-10-05 01:13:28,472 [subspace_lora.py] => step: 102, loss: -0.0734, kd_loss: 0.0000, prior_loss: 0.0000, acc: 0.8464
2025-10-05 01:13:28,568 [subspace_lora.py] => step: 103, loss: -0.0916, kd_loss: 0.0000, prior_loss: 0.0000, acc: 0.8492
2025-10-05 01:13:28,665 [subspace_lora.py] => step: 104, loss: -0.1033, kd_loss: 0.0000, prior_loss: 0.0000, acc: 0.8518
2025-10-05 01:13:28,761 [subspace_lora.py] => step: 105, loss: -0.1199, kd_loss: 0.0000, prior_loss: 0.0000, acc: 0.8541
2025-10-05 01:13:28,858 [subspace_lora.py] => step: 106, loss: -0.1092, kd_loss: 0.0000, prior_loss: 0.0000, acc: 0.8479
2025-10-05 01:13:28,954 [subspace_lora.py] => step: 107, loss: -0.1181, kd_loss: 0.0000, prior_loss: 0.0000, acc: 0.8506
2025-10-05 01:13:29,050 [subspace_lora.py] => step: 108, loss: -0.1254, kd_loss: 0.0000, prior_loss: 0.0000, acc: 0.8530
2025-10-05 01:13:29,147 [subspace_lora.py] => step: 109, loss: -0.0975, kd_loss: 0.0000, prior_loss: 0.0000, acc: 0.8344
2025-10-05 01:13:29,242 [subspace_lora.py] => step: 110, loss: -0.0845, kd_loss: 0.0000, prior_loss: 0.0000, acc: 0.8260
2025-10-05 01:13:29,341 [subspace_lora.py] => step: 111, loss: -0.0989, kd_loss: 0.0000, prior_loss: 0.0000, acc: 0.8350
2025-10-05 01:13:29,437 [subspace_lora.py] => step: 112, loss: -0.1047, kd_loss: 0.0000, prior_loss: 0.0000, acc: 0.8390
2025-10-05 01:13:29,534 [subspace_lora.py] => step: 113, loss: -0.1261, kd_loss: 0.0000, prior_loss: 0.0000, acc: 0.8510
2025-10-05 01:13:29,630 [subspace_lora.py] => step: 114, loss: -0.1332, kd_loss: 0.0000, prior_loss: 0.0000, acc: 0.8492
2025-10-05 01:13:29,728 [subspace_lora.py] => step: 115, loss: -0.1046, kd_loss: 0.0000, prior_loss: 0.0000, acc: 0.8351
2025-10-05 01:13:29,824 [subspace_lora.py] => step: 116, loss: -0.0814, kd_loss: 0.0000, prior_loss: 0.0000, acc: 0.8224
2025-10-05 01:13:29,921 [subspace_lora.py] => step: 117, loss: -0.0799, kd_loss: 0.0000, prior_loss: 0.0000, acc: 0.8152
2025-10-05 01:13:30,018 [subspace_lora.py] => step: 118, loss: -0.0897, kd_loss: 0.0000, prior_loss: 0.0000, acc: 0.8212
2025-10-05 01:13:30,114 [subspace_lora.py] => step: 119, loss: -0.0666, kd_loss: 0.0000, prior_loss: 0.0000, acc: 0.8099
2025-10-05 01:13:30,212 [subspace_lora.py] => step: 120, loss: -0.0766, kd_loss: 0.0000, prior_loss: 0.0000, acc: 0.8081
2025-10-05 01:13:30,309 [subspace_lora.py] => step: 121, loss: -0.0705, kd_loss: 0.0000, prior_loss: 0.0000, acc: 0.8064
2025-10-05 01:13:30,405 [subspace_lora.py] => step: 122, loss: -0.0982, kd_loss: 0.0000, prior_loss: 0.0000, acc: 0.8216
2025-10-05 01:13:30,502 [subspace_lora.py] => step: 123, loss: -0.0715, kd_loss: 0.0000, prior_loss: 0.0000, acc: 0.8061
2025-10-05 01:13:30,598 [subspace_lora.py] => step: 124, loss: -0.0869, kd_loss: 0.0000, prior_loss: 0.0000, acc: 0.8172
2025-10-05 01:13:30,697 [subspace_lora.py] => step: 125, loss: -0.0852, kd_loss: 0.0000, prior_loss: 0.0000, acc: 0.8188
2025-10-05 01:13:30,793 [subspace_lora.py] => step: 126, loss: -0.0398, kd_loss: 0.0000, prior_loss: 0.0000, acc: 0.8036
2025-10-05 01:13:30,889 [subspace_lora.py] => step: 127, loss: -0.0304, kd_loss: 0.0000, prior_loss: 0.0000, acc: 0.8024
2025-10-05 01:13:30,985 [subspace_lora.py] => step: 128, loss: -0.0474, kd_loss: 0.0000, prior_loss: 0.0000, acc: 0.8138
2025-10-05 01:13:31,082 [subspace_lora.py] => step: 129, loss: -0.0765, kd_loss: 0.0000, prior_loss: 0.0000, acc: 0.8283
2025-10-05 01:13:31,178 [subspace_lora.py] => step: 130, loss: -0.1002, kd_loss: 0.0000, prior_loss: 0.0000, acc: 0.8371
2025-10-05 01:13:31,274 [subspace_lora.py] => step: 131, loss: -0.0982, kd_loss: 0.0000, prior_loss: 0.0000, acc: 0.8409
2025-10-05 01:13:31,370 [subspace_lora.py] => step: 132, loss: -0.1016, kd_loss: 0.0000, prior_loss: 0.0000, acc: 0.8443
2025-10-05 01:13:31,469 [subspace_lora.py] => step: 133, loss: -0.1063, kd_loss: 0.0000, prior_loss: 0.0000, acc: 0.8474
2025-10-05 01:13:31,565 [subspace_lora.py] => step: 134, loss: -0.1223, kd_loss: 0.0000, prior_loss: 0.0000, acc: 0.8585
2025-10-05 01:13:31,662 [subspace_lora.py] => step: 135, loss: -0.1211, kd_loss: 0.0000, prior_loss: 0.0000, acc: 0.8601
2025-10-05 01:13:31,758 [subspace_lora.py] => step: 136, loss: -0.1396, kd_loss: 0.0000, prior_loss: 0.0000, acc: 0.8699
2025-10-05 01:13:31,854 [subspace_lora.py] => step: 137, loss: -0.1236, kd_loss: 0.0000, prior_loss: 0.0000, acc: 0.8621
2025-10-05 01:13:31,952 [subspace_lora.py] => step: 138, loss: -0.1215, kd_loss: 0.0000, prior_loss: 0.0000, acc: 0.8676
2025-10-05 01:13:32,049 [subspace_lora.py] => step: 139, loss: -0.1199, kd_loss: 0.0000, prior_loss: 0.0000, acc: 0.8641
2025-10-05 01:13:32,145 [subspace_lora.py] => step: 140, loss: -0.1080, kd_loss: 0.0000, prior_loss: 0.0000, acc: 0.8569
2025-10-05 01:13:32,242 [subspace_lora.py] => step: 141, loss: -0.1202, kd_loss: 0.0000, prior_loss: 0.0000, acc: 0.8587
2025-10-05 01:13:32,338 [subspace_lora.py] => step: 142, loss: -0.1276, kd_loss: 0.0000, prior_loss: 0.0000, acc: 0.8562
2025-10-05 01:13:32,436 [subspace_lora.py] => step: 143, loss: -0.1432, kd_loss: 0.0000, prior_loss: 0.0000, acc: 0.8581
2025-10-05 01:13:32,533 [subspace_lora.py] => step: 144, loss: -0.1439, kd_loss: 0.0000, prior_loss: 0.0000, acc: 0.8639
2025-10-05 01:13:32,629 [subspace_lora.py] => step: 145, loss: -0.1626, kd_loss: 0.0000, prior_loss: 0.0000, acc: 0.8734
2025-10-05 01:13:32,725 [subspace_lora.py] => step: 146, loss: -0.1493, kd_loss: 0.0000, prior_loss: 0.0000, acc: 0.8735
2025-10-05 01:13:32,821 [subspace_lora.py] => step: 147, loss: -0.1385, kd_loss: 0.0000, prior_loss: 0.0000, acc: 0.8653
2025-10-05 01:13:32,919 [subspace_lora.py] => step: 148, loss: -0.1205, kd_loss: 0.0000, prior_loss: 0.0000, acc: 0.8538
2025-10-05 01:13:33,016 [subspace_lora.py] => step: 149, loss: -0.1322, kd_loss: 0.0000, prior_loss: 0.0000, acc: 0.8601
2025-10-05 01:13:33,113 [subspace_lora.py] => step: 150, loss: -0.1146, kd_loss: 0.0000, prior_loss: 0.0000, acc: 0.8532
2025-10-05 01:13:33,212 [subspace_lora.py] => step: 151, loss: -0.1356, kd_loss: 0.0000, prior_loss: 0.0000, acc: 0.8596
2025-10-05 01:13:33,308 [subspace_lora.py] => step: 152, loss: -0.1412, kd_loss: 0.0000, prior_loss: 0.0000, acc: 0.8611
2025-10-05 01:13:33,405 [subspace_lora.py] => step: 153, loss: -0.1505, kd_loss: 0.0000, prior_loss: 0.0000, acc: 0.8625
2025-10-05 01:13:33,501 [subspace_lora.py] => step: 154, loss: -0.1394, kd_loss: 0.0000, prior_loss: 0.0000, acc: 0.8513
2025-10-05 01:13:33,600 [subspace_lora.py] => step: 155, loss: -0.1356, kd_loss: 0.0000, prior_loss: 0.0000, acc: 0.8495
2025-10-05 01:13:33,696 [subspace_lora.py] => step: 156, loss: -0.1466, kd_loss: 0.0000, prior_loss: 0.0000, acc: 0.8479
2025-10-05 01:13:33,792 [subspace_lora.py] => step: 157, loss: -0.1522, kd_loss: 0.0000, prior_loss: 0.0000, acc: 0.8464
2025-10-05 01:13:33,892 [subspace_lora.py] => step: 158, loss: -0.1464, kd_loss: 0.0000, prior_loss: 0.0000, acc: 0.8451
2025-10-05 01:13:33,989 [subspace_lora.py] => step: 159, loss: -0.1480, kd_loss: 0.0000, prior_loss: 0.0000, acc: 0.8439
2025-10-05 01:13:34,086 [subspace_lora.py] => step: 160, loss: -0.1525, kd_loss: 0.0000, prior_loss: 0.0000, acc: 0.8512
2025-10-05 01:13:34,182 [subspace_lora.py] => step: 161, loss: -0.1496, kd_loss: 0.0000, prior_loss: 0.0000, acc: 0.8494
2025-10-05 01:13:34,278 [subspace_lora.py] => step: 162, loss: -0.1550, kd_loss: 0.0000, prior_loss: 0.0000, acc: 0.8478
2025-10-05 01:13:34,380 [subspace_lora.py] => step: 163, loss: -0.1438, kd_loss: 0.0000, prior_loss: 0.0000, acc: 0.8464
2025-10-05 01:13:34,475 [subspace_lora.py] => step: 164, loss: -0.1412, kd_loss: 0.0000, prior_loss: 0.0000, acc: 0.8451
2025-10-05 01:13:34,572 [subspace_lora.py] => step: 165, loss: -0.1613, kd_loss: 0.0000, prior_loss: 0.0000, acc: 0.8522
2025-10-05 01:13:34,670 [subspace_lora.py] => step: 166, loss: -0.1738, kd_loss: 0.0000, prior_loss: 0.0000, acc: 0.8628
2025-10-05 01:13:34,766 [subspace_lora.py] => step: 167, loss: -0.1565, kd_loss: 0.0000, prior_loss: 0.0000, acc: 0.8599
2025-10-05 01:13:34,863 [subspace_lora.py] => step: 168, loss: -0.1651, kd_loss: 0.0000, prior_loss: 0.0000, acc: 0.8656
2025-10-05 01:13:34,960 [subspace_lora.py] => step: 169, loss: -0.1505, kd_loss: 0.0000, prior_loss: 0.0000, acc: 0.8665
2025-10-05 01:13:35,057 [subspace_lora.py] => step: 170, loss: -0.1357, kd_loss: 0.0000, prior_loss: 0.0000, acc: 0.8590
2025-10-05 01:13:35,154 [subspace_lora.py] => step: 171, loss: -0.1425, kd_loss: 0.0000, prior_loss: 0.0000, acc: 0.8606
2025-10-05 01:13:35,250 [subspace_lora.py] => step: 172, loss: -0.1439, kd_loss: 0.0000, prior_loss: 0.0000, acc: 0.8662
2025-10-05 01:13:35,348 [subspace_lora.py] => step: 173, loss: -0.1007, kd_loss: 0.0000, prior_loss: 0.0000, acc: 0.8463
2025-10-05 01:13:35,445 [subspace_lora.py] => step: 174, loss: -0.1066, kd_loss: 0.0000, prior_loss: 0.0000, acc: 0.8491
2025-10-05 01:13:35,541 [subspace_lora.py] => step: 175, loss: -0.0957, kd_loss: 0.0000, prior_loss: 0.0000, acc: 0.8434
2025-10-05 01:13:35,637 [subspace_lora.py] => step: 176, loss: -0.1001, kd_loss: 0.0000, prior_loss: 0.0000, acc: 0.8466
2025-10-05 01:13:35,734 [subspace_lora.py] => step: 177, loss: -0.1093, kd_loss: 0.0000, prior_loss: 0.0000, acc: 0.8494
2025-10-05 01:13:35,832 [subspace_lora.py] => step: 178, loss: -0.1259, kd_loss: 0.0000, prior_loss: 0.0000, acc: 0.8520
2025-10-05 01:13:35,929 [subspace_lora.py] => step: 179, loss: -0.1340, kd_loss: 0.0000, prior_loss: 0.0000, acc: 0.8584
2025-10-05 01:13:36,025 [subspace_lora.py] => step: 180, loss: -0.1507, kd_loss: 0.0000, prior_loss: 0.0000, acc: 0.8601
2025-10-05 01:13:36,122 [subspace_lora.py] => step: 181, loss: -0.1682, kd_loss: 0.0000, prior_loss: 0.0000, acc: 0.8699
2025-10-05 01:13:36,217 [subspace_lora.py] => step: 182, loss: -0.1794, kd_loss: 0.0000, prior_loss: 0.0000, acc: 0.8663
2025-10-05 01:13:36,316 [subspace_lora.py] => step: 183, loss: -0.1826, kd_loss: 0.0000, prior_loss: 0.0000, acc: 0.8713
2025-10-05 01:13:36,413 [subspace_lora.py] => step: 184, loss: -0.1636, kd_loss: 0.0000, prior_loss: 0.0000, acc: 0.8592
2025-10-05 01:13:36,509 [subspace_lora.py] => step: 185, loss: -0.1373, kd_loss: 0.0000, prior_loss: 0.0000, acc: 0.8482
2025-10-05 01:13:36,605 [subspace_lora.py] => step: 186, loss: -0.1291, kd_loss: 0.0000, prior_loss: 0.0000, acc: 0.8426
2025-10-05 01:13:36,704 [subspace_lora.py] => step: 187, loss: -0.1289, kd_loss: 0.0000, prior_loss: 0.0000, acc: 0.8417
2025-10-05 01:13:36,802 [subspace_lora.py] => step: 188, loss: -0.1375, kd_loss: 0.0000, prior_loss: 0.0000, acc: 0.8450
2025-10-05 01:13:36,900 [subspace_lora.py] => step: 189, loss: -0.1489, kd_loss: 0.0000, prior_loss: 0.0000, acc: 0.8563
2025-10-05 01:13:37,001 [subspace_lora.py] => step: 190, loss: -0.1188, kd_loss: 0.0000, prior_loss: 0.0000, acc: 0.8457
2025-10-05 01:13:37,100 [subspace_lora.py] => step: 191, loss: -0.1247, kd_loss: 0.0000, prior_loss: 0.0000, acc: 0.8528
2025-10-05 01:13:37,197 [subspace_lora.py] => step: 192, loss: -0.1323, kd_loss: 0.0000, prior_loss: 0.0000, acc: 0.8550
2025-10-05 01:13:37,294 [subspace_lora.py] => step: 193, loss: -0.1559, kd_loss: 0.0000, prior_loss: 0.0000, acc: 0.8570
2025-10-05 01:13:37,392 [subspace_lora.py] => step: 194, loss: -0.1775, kd_loss: 0.0000, prior_loss: 0.0000, acc: 0.8671
2025-10-05 01:13:37,491 [subspace_lora.py] => step: 195, loss: -0.1567, kd_loss: 0.0000, prior_loss: 0.0000, acc: 0.8554
2025-10-05 01:13:37,587 [subspace_lora.py] => step: 196, loss: -0.1602, kd_loss: 0.0000, prior_loss: 0.0000, acc: 0.8574
2025-10-05 01:13:37,688 [subspace_lora.py] => step: 197, loss: -0.1757, kd_loss: 0.0000, prior_loss: 0.0000, acc: 0.8633
2025-10-05 01:13:37,785 [subspace_lora.py] => step: 198, loss: -0.1870, kd_loss: 0.0000, prior_loss: 0.0000, acc: 0.8728
2025-10-05 01:13:37,882 [subspace_lora.py] => step: 199, loss: -0.2024, kd_loss: 0.0000, prior_loss: 0.0000, acc: 0.8772
2025-10-05 01:13:37,978 [subspace_lora.py] => step: 200, loss: -0.1972, kd_loss: 0.0000, prior_loss: 0.0000, acc: 0.8686
2025-10-05 01:13:38,074 [subspace_lora.py] => step: 201, loss: -0.2158, kd_loss: 0.0000, prior_loss: 0.0000, acc: 0.8818
2025-10-05 01:13:38,170 [subspace_lora.py] => step: 202, loss: -0.2375, kd_loss: 0.0000, prior_loss: 0.0000, acc: 0.8936
2025-10-05 01:13:38,267 [subspace_lora.py] => step: 203, loss: -0.2289, kd_loss: 0.0000, prior_loss: 0.0000, acc: 0.8876
2025-10-05 01:13:38,363 [subspace_lora.py] => step: 204, loss: -0.2350, kd_loss: 0.0000, prior_loss: 0.0000, acc: 0.8947
2025-10-05 01:13:38,460 [subspace_lora.py] => step: 205, loss: -0.2418, kd_loss: 0.0000, prior_loss: 0.0000, acc: 0.8969
2025-10-05 01:13:38,557 [subspace_lora.py] => step: 206, loss: -0.2504, kd_loss: 0.0000, prior_loss: 0.0000, acc: 0.8988
2025-10-05 01:13:38,655 [subspace_lora.py] => step: 207, loss: -0.2229, kd_loss: 0.0000, prior_loss: 0.0000, acc: 0.8881
2025-10-05 01:13:38,752 [subspace_lora.py] => step: 208, loss: -0.2260, kd_loss: 0.0000, prior_loss: 0.0000, acc: 0.8910
2025-10-05 01:13:38,850 [subspace_lora.py] => step: 209, loss: -0.2107, kd_loss: 0.0000, prior_loss: 0.0000, acc: 0.8810
2025-10-05 01:13:38,950 [subspace_lora.py] => step: 210, loss: -0.2139, kd_loss: 0.0000, prior_loss: 0.0000, acc: 0.8804
2025-10-05 01:13:39,047 [subspace_lora.py] => step: 211, loss: -0.2243, kd_loss: 0.0000, prior_loss: 0.0000, acc: 0.8799
2025-10-05 01:13:39,143 [subspace_lora.py] => step: 212, loss: -0.2320, kd_loss: 0.0000, prior_loss: 0.0000, acc: 0.8877
2025-10-05 01:13:39,240 [subspace_lora.py] => step: 213, loss: -0.2223, kd_loss: 0.0000, prior_loss: 0.0000, acc: 0.8865
2025-10-05 01:13:39,337 [subspace_lora.py] => step: 214, loss: -0.2431, kd_loss: 0.0000, prior_loss: 0.0000, acc: 0.8978
2025-10-05 01:13:39,434 [subspace_lora.py] => step: 215, loss: -0.2133, kd_loss: 0.0000, prior_loss: 0.0000, acc: 0.8914
2025-10-05 01:13:39,531 [subspace_lora.py] => step: 216, loss: -0.2201, kd_loss: 0.0000, prior_loss: 0.0000, acc: 0.8897
2025-10-05 01:13:39,629 [subspace_lora.py] => step: 217, loss: -0.2016, kd_loss: 0.0000, prior_loss: 0.0000, acc: 0.8883
2025-10-05 01:13:39,726 [subspace_lora.py] => step: 218, loss: -0.2215, kd_loss: 0.0000, prior_loss: 0.0000, acc: 0.8994
2025-10-05 01:13:39,823 [subspace_lora.py] => step: 219, loss: -0.2182, kd_loss: 0.0000, prior_loss: 0.0000, acc: 0.8928
2025-10-05 01:13:39,920 [subspace_lora.py] => step: 220, loss: -0.2104, kd_loss: 0.0000, prior_loss: 0.0000, acc: 0.8869
2025-10-05 01:13:40,016 [subspace_lora.py] => step: 221, loss: -0.2065, kd_loss: 0.0000, prior_loss: 0.0000, acc: 0.8857
2025-10-05 01:13:40,114 [subspace_lora.py] => step: 222, loss: -0.2080, kd_loss: 0.0000, prior_loss: 0.0000, acc: 0.8888
2025-10-05 01:13:40,211 [subspace_lora.py] => step: 223, loss: -0.2043, kd_loss: 0.0000, prior_loss: 0.0000, acc: 0.8874
2025-10-05 01:13:40,308 [subspace_lora.py] => step: 224, loss: -0.1802, kd_loss: 0.0000, prior_loss: 0.0000, acc: 0.8695
2025-10-05 01:13:40,406 [subspace_lora.py] => step: 225, loss: -0.1612, kd_loss: 0.0000, prior_loss: 0.0000, acc: 0.8575
2025-10-05 01:13:40,503 [subspace_lora.py] => step: 226, loss: -0.1768, kd_loss: 0.0000, prior_loss: 0.0000, acc: 0.8676
2025-10-05 01:13:40,604 [subspace_lora.py] => step: 227, loss: -0.1871, kd_loss: 0.0000, prior_loss: 0.0000, acc: 0.8725
2025-10-05 01:13:40,701 [subspace_lora.py] => step: 228, loss: -0.2038, kd_loss: 0.0000, prior_loss: 0.0000, acc: 0.8811
2025-10-05 01:13:40,799 [subspace_lora.py] => step: 229, loss: -0.1914, kd_loss: 0.0000, prior_loss: 0.0000, acc: 0.8805
2025-10-05 01:13:40,898 [subspace_lora.py] => step: 230, loss: -0.1839, kd_loss: 0.0000, prior_loss: 0.0000, acc: 0.8800
2025-10-05 01:13:40,994 [subspace_lora.py] => step: 231, loss: -0.1885, kd_loss: 0.0000, prior_loss: 0.0000, acc: 0.8878
2025-10-05 01:13:41,093 [subspace_lora.py] => step: 232, loss: -0.1815, kd_loss: 0.0000, prior_loss: 0.0000, acc: 0.8823
2025-10-05 01:13:41,190 [subspace_lora.py] => step: 233, loss: -0.1922, kd_loss: 0.0000, prior_loss: 0.0000, acc: 0.8816
2025-10-05 01:13:41,286 [subspace_lora.py] => step: 234, loss: -0.1882, kd_loss: 0.0000, prior_loss: 0.0000, acc: 0.8768
2025-10-05 01:13:41,386 [subspace_lora.py] => step: 235, loss: -0.2053, kd_loss: 0.0000, prior_loss: 0.0000, acc: 0.8849
2025-10-05 01:13:41,484 [subspace_lora.py] => step: 236, loss: -0.1978, kd_loss: 0.0000, prior_loss: 0.0000, acc: 0.8839
2025-10-05 01:13:41,583 [subspace_lora.py] => step: 237, loss: -0.1840, kd_loss: 0.0000, prior_loss: 0.0000, acc: 0.8789
2025-10-05 01:13:41,681 [subspace_lora.py] => step: 238, loss: -0.1841, kd_loss: 0.0000, prior_loss: 0.0000, acc: 0.8743
2025-10-05 01:13:41,780 [subspace_lora.py] => step: 239, loss: -0.1720, kd_loss: 0.0000, prior_loss: 0.0000, acc: 0.8702
2025-10-05 01:13:41,878 [subspace_lora.py] => step: 240, loss: -0.1494, kd_loss: 0.0000, prior_loss: 0.0000, acc: 0.8624
2025-10-05 01:13:41,977 [subspace_lora.py] => step: 241, loss: -0.1466, kd_loss: 0.0000, prior_loss: 0.0000, acc: 0.8636
2025-10-05 01:13:42,075 [subspace_lora.py] => step: 242, loss: -0.1333, kd_loss: 0.0000, prior_loss: 0.0000, acc: 0.8523
2025-10-05 01:13:42,174 [subspace_lora.py] => step: 243, loss: -0.1348, kd_loss: 0.0000, prior_loss: 0.0000, acc: 0.8545
2025-10-05 01:13:42,272 [subspace_lora.py] => step: 244, loss: -0.1241, kd_loss: 0.0000, prior_loss: 0.0000, acc: 0.8524
2025-10-05 01:13:42,370 [subspace_lora.py] => step: 245, loss: -0.1456, kd_loss: 0.0000, prior_loss: 0.0000, acc: 0.8630
2025-10-05 01:13:42,469 [subspace_lora.py] => step: 246, loss: -0.1141, kd_loss: 0.0000, prior_loss: 0.0000, acc: 0.8517
2025-10-05 01:13:42,567 [subspace_lora.py] => step: 247, loss: -0.1296, kd_loss: 0.0000, prior_loss: 0.0000, acc: 0.8582
2025-10-05 01:13:42,667 [subspace_lora.py] => step: 248, loss: -0.0875, kd_loss: 0.0000, prior_loss: 0.0000, acc: 0.8391
2025-10-05 01:13:42,764 [subspace_lora.py] => step: 249, loss: -0.0996, kd_loss: 0.0000, prior_loss: 0.0000, acc: 0.8426
2025-10-05 01:13:42,860 [subspace_lora.py] => step: 250, loss: -0.0877, kd_loss: 0.0000, prior_loss: 0.0000, acc: 0.8334
2025-10-05 01:13:42,959 [subspace_lora.py] => step: 251, loss: -0.1019, kd_loss: 0.0000, prior_loss: 0.0000, acc: 0.8334
2025-10-05 01:13:43,057 [subspace_lora.py] => step: 252, loss: -0.1318, kd_loss: 0.0000, prior_loss: 0.0000, acc: 0.8459
2025-10-05 01:13:43,152 [subspace_lora.py] => step: 253, loss: -0.1263, kd_loss: 0.0000, prior_loss: 0.0000, acc: 0.8488
2025-10-05 01:13:43,249 [subspace_lora.py] => step: 254, loss: -0.1200, kd_loss: 0.0000, prior_loss: 0.0000, acc: 0.8472
2025-10-05 01:13:43,346 [subspace_lora.py] => step: 255, loss: -0.1335, kd_loss: 0.0000, prior_loss: 0.0000, acc: 0.8500
2025-10-05 01:13:43,442 [subspace_lora.py] => step: 256, loss: -0.1237, kd_loss: 0.0000, prior_loss: 0.0000, acc: 0.8483
2025-10-05 01:13:43,541 [subspace_lora.py] => step: 257, loss: -0.1126, kd_loss: 0.0000, prior_loss: 0.0000, acc: 0.8385
2025-10-05 01:13:43,639 [subspace_lora.py] => step: 258, loss: -0.1118, kd_loss: 0.0000, prior_loss: 0.0000, acc: 0.8422
2025-10-05 01:13:43,738 [subspace_lora.py] => step: 259, loss: -0.1207, kd_loss: 0.0000, prior_loss: 0.0000, acc: 0.8454
2025-10-05 01:13:43,835 [subspace_lora.py] => step: 260, loss: -0.1384, kd_loss: 0.0000, prior_loss: 0.0000, acc: 0.8526
2025-10-05 01:13:43,933 [subspace_lora.py] => step: 261, loss: -0.1671, kd_loss: 0.0000, prior_loss: 0.0000, acc: 0.8673
2025-10-05 01:13:44,031 [subspace_lora.py] => step: 262, loss: -0.1854, kd_loss: 0.0000, prior_loss: 0.0000, acc: 0.8764
2025-10-05 01:13:44,129 [subspace_lora.py] => step: 263, loss: -0.1910, kd_loss: 0.0000, prior_loss: 0.0000, acc: 0.8846
2025-10-05 01:13:44,225 [subspace_lora.py] => step: 264, loss: -0.1831, kd_loss: 0.0000, prior_loss: 0.0000, acc: 0.8795
2025-10-05 01:13:44,322 [subspace_lora.py] => step: 265, loss: -0.2014, kd_loss: 0.0000, prior_loss: 0.0000, acc: 0.8874
2025-10-05 01:13:44,421 [subspace_lora.py] => step: 266, loss: -0.1851, kd_loss: 0.0000, prior_loss: 0.0000, acc: 0.8778
2025-10-05 01:13:44,518 [subspace_lora.py] => step: 267, loss: -0.1875, kd_loss: 0.0000, prior_loss: 0.0000, acc: 0.8817
2025-10-05 01:13:44,615 [subspace_lora.py] => step: 268, loss: -0.2077, kd_loss: 0.0000, prior_loss: 0.0000, acc: 0.8893
2025-10-05 01:13:44,712 [subspace_lora.py] => step: 269, loss: -0.2134, kd_loss: 0.0000, prior_loss: 0.0000, acc: 0.8921
2025-10-05 01:13:44,810 [subspace_lora.py] => step: 270, loss: -0.2027, kd_loss: 0.0000, prior_loss: 0.0000, acc: 0.8862
2025-10-05 01:13:44,908 [subspace_lora.py] => step: 271, loss: -0.1978, kd_loss: 0.0000, prior_loss: 0.0000, acc: 0.8893
2025-10-05 01:13:45,005 [subspace_lora.py] => step: 272, loss: -0.1975, kd_loss: 0.0000, prior_loss: 0.0000, acc: 0.8878
2025-10-05 01:13:45,104 [subspace_lora.py] => step: 273, loss: -0.2101, kd_loss: 0.0000, prior_loss: 0.0000, acc: 0.8907
2025-10-05 01:13:45,201 [subspace_lora.py] => step: 274, loss: -0.2269, kd_loss: 0.0000, prior_loss: 0.0000, acc: 0.8975
2025-10-05 01:13:45,298 [subspace_lora.py] => step: 275, loss: -0.2352, kd_loss: 0.0000, prior_loss: 0.0000, acc: 0.8994
2025-10-05 01:13:45,394 [subspace_lora.py] => step: 276, loss: -0.2233, kd_loss: 0.0000, prior_loss: 0.0000, acc: 0.8970
2025-10-05 01:13:45,493 [subspace_lora.py] => step: 277, loss: -0.2378, kd_loss: 0.0000, prior_loss: 0.0000, acc: 0.9031
2025-10-05 01:13:45,589 [subspace_lora.py] => step: 278, loss: -0.2400, kd_loss: 0.0000, prior_loss: 0.0000, acc: 0.9003
2025-10-05 01:13:45,686 [subspace_lora.py] => step: 279, loss: -0.2243, kd_loss: 0.0000, prior_loss: 0.0000, acc: 0.8936
2025-10-05 01:13:45,782 [subspace_lora.py] => step: 280, loss: -0.2121, kd_loss: 0.0000, prior_loss: 0.0000, acc: 0.8959
2025-10-05 01:13:45,880 [subspace_lora.py] => step: 281, loss: -0.2031, kd_loss: 0.0000, prior_loss: 0.0000, acc: 0.8855
2025-10-05 01:13:45,976 [subspace_lora.py] => step: 282, loss: -0.1998, kd_loss: 0.0000, prior_loss: 0.0000, acc: 0.8844
2025-10-05 01:13:46,075 [subspace_lora.py] => step: 283, loss: -0.1864, kd_loss: 0.0000, prior_loss: 0.0000, acc: 0.8876
2025-10-05 01:13:46,172 [subspace_lora.py] => step: 284, loss: -0.1916, kd_loss: 0.0000, prior_loss: 0.0000, acc: 0.8906
2025-10-05 01:13:46,272 [subspace_lora.py] => step: 285, loss: -0.1828, kd_loss: 0.0000, prior_loss: 0.0000, acc: 0.8848
2025-10-05 01:13:46,368 [subspace_lora.py] => step: 286, loss: -0.2075, kd_loss: 0.0000, prior_loss: 0.0000, acc: 0.8922
2025-10-05 01:13:46,465 [subspace_lora.py] => step: 287, loss: -0.2210, kd_loss: 0.0000, prior_loss: 0.0000, acc: 0.8988
2025-10-05 01:13:46,564 [subspace_lora.py] => step: 288, loss: -0.1705, kd_loss: 0.0000, prior_loss: 0.0000, acc: 0.8756
2025-10-05 01:13:46,663 [subspace_lora.py] => step: 289, loss: -0.1794, kd_loss: 0.0000, prior_loss: 0.0000, acc: 0.8797
2025-10-05 01:13:46,761 [subspace_lora.py] => step: 290, loss: -0.1889, kd_loss: 0.0000, prior_loss: 0.0000, acc: 0.8834
2025-10-05 01:13:46,860 [subspace_lora.py] => step: 291, loss: -0.2007, kd_loss: 0.0000, prior_loss: 0.0000, acc: 0.8909
2025-10-05 01:13:46,957 [subspace_lora.py] => step: 292, loss: -0.2214, kd_loss: 0.0000, prior_loss: 0.0000, acc: 0.8976
2025-10-05 01:13:47,054 [subspace_lora.py] => step: 293, loss: -0.2288, kd_loss: 0.0000, prior_loss: 0.0000, acc: 0.8995
2025-10-05 01:13:47,151 [subspace_lora.py] => step: 294, loss: -0.2248, kd_loss: 0.0000, prior_loss: 0.0000, acc: 0.8929
2025-10-05 01:13:47,248 [subspace_lora.py] => step: 295, loss: -0.2043, kd_loss: 0.0000, prior_loss: 0.0000, acc: 0.8870
2025-10-05 01:13:47,344 [subspace_lora.py] => step: 296, loss: -0.2214, kd_loss: 0.0000, prior_loss: 0.0000, acc: 0.8941
2025-10-05 01:13:47,443 [subspace_lora.py] => step: 297, loss: -0.2420, kd_loss: 0.0000, prior_loss: 0.0000, acc: 0.9047
2025-10-05 01:13:47,541 [subspace_lora.py] => step: 298, loss: -0.2413, kd_loss: 0.0000, prior_loss: 0.0000, acc: 0.9059
2025-10-05 01:13:47,637 [subspace_lora.py] => step: 299, loss: -0.2420, kd_loss: 0.0000, prior_loss: 0.0000, acc: 0.9028
2025-10-05 01:13:47,736 [subspace_lora.py] => step: 300, loss: -0.2115, kd_loss: 0.0000, prior_loss: 0.0000, acc: 0.8917
2025-10-05 01:13:47,833 [subspace_lora.py] => step: 301, loss: -0.2204, kd_loss: 0.0000, prior_loss: 0.0000, acc: 0.8900
2025-10-05 01:13:47,930 [subspace_lora.py] => step: 302, loss: -0.2170, kd_loss: 0.0000, prior_loss: 0.0000, acc: 0.8885
2025-10-05 01:13:48,026 [subspace_lora.py] => step: 303, loss: -0.2053, kd_loss: 0.0000, prior_loss: 0.0000, acc: 0.8872
2025-10-05 01:13:48,122 [subspace_lora.py] => step: 304, loss: -0.2071, kd_loss: 0.0000, prior_loss: 0.0000, acc: 0.8859
2025-10-05 01:13:48,219 [subspace_lora.py] => step: 305, loss: -0.1915, kd_loss: 0.0000, prior_loss: 0.0000, acc: 0.8807
2025-10-05 01:13:48,315 [subspace_lora.py] => step: 306, loss: -0.1984, kd_loss: 0.0000, prior_loss: 0.0000, acc: 0.8843
2025-10-05 01:13:48,414 [subspace_lora.py] => step: 307, loss: -0.2021, kd_loss: 0.0000, prior_loss: 0.0000, acc: 0.8875
2025-10-05 01:13:48,507 [subspace_lora.py] => step: 308, loss: -0.1987, kd_loss: 0.0000, prior_loss: 0.0000, acc: 0.8821
2025-10-05 01:13:48,605 [subspace_lora.py] => step: 309, loss: -0.2115, kd_loss: 0.0000, prior_loss: 0.0000, acc: 0.8856
2025-10-05 01:13:48,702 [subspace_lora.py] => step: 310, loss: -0.2340, kd_loss: 0.0000, prior_loss: 0.0000, acc: 0.8970
2025-10-05 01:13:48,800 [subspace_lora.py] => step: 311, loss: -0.2220, kd_loss: 0.0000, prior_loss: 0.0000, acc: 0.8823
2025-10-05 01:13:48,897 [subspace_lora.py] => step: 312, loss: -0.2172, kd_loss: 0.0000, prior_loss: 0.0000, acc: 0.8816
2025-10-05 01:13:48,994 [subspace_lora.py] => step: 313, loss: -0.2014, kd_loss: 0.0000, prior_loss: 0.0000, acc: 0.8767
2025-10-05 01:13:49,094 [subspace_lora.py] => step: 314, loss: -0.1994, kd_loss: 0.0000, prior_loss: 0.0000, acc: 0.8807
2025-10-05 01:13:49,193 [subspace_lora.py] => step: 315, loss: -0.1908, kd_loss: 0.0000, prior_loss: 0.0000, acc: 0.8718
2025-10-05 01:13:49,290 [subspace_lora.py] => step: 316, loss: -0.1988, kd_loss: 0.0000, prior_loss: 0.0000, acc: 0.8721
2025-10-05 01:13:49,386 [subspace_lora.py] => step: 317, loss: -0.2144, kd_loss: 0.0000, prior_loss: 0.0000, acc: 0.8808
2025-10-05 01:13:49,482 [subspace_lora.py] => step: 318, loss: -0.2159, kd_loss: 0.0000, prior_loss: 0.0000, acc: 0.8802
2025-10-05 01:13:49,577 [subspace_lora.py] => step: 319, loss: -0.2082, kd_loss: 0.0000, prior_loss: 0.0000, acc: 0.8713
2025-10-05 01:13:49,671 [subspace_lora.py] => step: 320, loss: -0.2267, kd_loss: 0.0000, prior_loss: 0.0000, acc: 0.8800
2025-10-05 01:13:49,765 [subspace_lora.py] => step: 321, loss: -0.2206, kd_loss: 0.0000, prior_loss: 0.0000, acc: 0.8837
2025-10-05 01:13:49,860 [subspace_lora.py] => step: 322, loss: -0.2209, kd_loss: 0.0000, prior_loss: 0.0000, acc: 0.8828
2025-10-05 01:13:49,957 [subspace_lora.py] => step: 323, loss: -0.1963, kd_loss: 0.0000, prior_loss: 0.0000, acc: 0.8737
2025-10-05 01:13:50,056 [subspace_lora.py] => step: 324, loss: -0.1924, kd_loss: 0.0000, prior_loss: 0.0000, acc: 0.8738
2025-10-05 01:13:50,152 [subspace_lora.py] => step: 325, loss: -0.1726, kd_loss: 0.0000, prior_loss: 0.0000, acc: 0.8615
2025-10-05 01:13:50,251 [subspace_lora.py] => step: 326, loss: -0.1991, kd_loss: 0.0000, prior_loss: 0.0000, acc: 0.8711
2025-10-05 01:13:50,347 [subspace_lora.py] => step: 327, loss: -0.2099, kd_loss: 0.0000, prior_loss: 0.0000, acc: 0.8757
2025-10-05 01:13:50,443 [subspace_lora.py] => step: 328, loss: -0.1872, kd_loss: 0.0000, prior_loss: 0.0000, acc: 0.8715
2025-10-05 01:13:50,542 [subspace_lora.py] => step: 329, loss: -0.1844, kd_loss: 0.0000, prior_loss: 0.0000, acc: 0.8676
2025-10-05 01:13:50,640 [subspace_lora.py] => step: 330, loss: -0.1598, kd_loss: 0.0000, prior_loss: 0.0000, acc: 0.8559
2025-10-05 01:13:50,738 [subspace_lora.py] => step: 331, loss: -0.1612, kd_loss: 0.0000, prior_loss: 0.0000, acc: 0.8495
2025-10-05 01:13:50,835 [subspace_lora.py] => step: 332, loss: -0.1457, kd_loss: 0.0000, prior_loss: 0.0000, acc: 0.8437
2025-10-05 01:13:50,928 [subspace_lora.py] => step: 333, loss: -0.1549, kd_loss: 0.0000, prior_loss: 0.0000, acc: 0.8468
2025-10-05 01:13:51,030 [subspace_lora.py] => step: 334, loss: -0.1585, kd_loss: 0.0000, prior_loss: 0.0000, acc: 0.8496
2025-10-05 01:13:51,127 [subspace_lora.py] => step: 335, loss: -0.1758, kd_loss: 0.0000, prior_loss: 0.0000, acc: 0.8563
2025-10-05 01:13:51,223 [subspace_lora.py] => step: 336, loss: -0.1959, kd_loss: 0.0000, prior_loss: 0.0000, acc: 0.8665
2025-10-05 01:13:51,320 [subspace_lora.py] => step: 337, loss: -0.2035, kd_loss: 0.0000, prior_loss: 0.0000, acc: 0.8715
2025-10-05 01:13:51,419 [subspace_lora.py] => step: 338, loss: -0.1624, kd_loss: 0.0000, prior_loss: 0.0000, acc: 0.8552
2025-10-05 01:13:51,518 [subspace_lora.py] => step: 339, loss: -0.1831, kd_loss: 0.0000, prior_loss: 0.0000, acc: 0.8697
2025-10-05 01:13:51,614 [subspace_lora.py] => step: 340, loss: -0.1994, kd_loss: 0.0000, prior_loss: 0.0000, acc: 0.8786
2025-10-05 01:13:51,713 [subspace_lora.py] => step: 341, loss: -0.2156, kd_loss: 0.0000, prior_loss: 0.0000, acc: 0.8824
2025-10-05 01:13:51,813 [subspace_lora.py] => step: 342, loss: -0.1798, kd_loss: 0.0000, prior_loss: 0.0000, acc: 0.8691
2025-10-05 01:13:51,911 [subspace_lora.py] => step: 343, loss: -0.1844, kd_loss: 0.0000, prior_loss: 0.0000, acc: 0.8739
2025-10-05 01:13:52,007 [subspace_lora.py] => step: 344, loss: -0.1986, kd_loss: 0.0000, prior_loss: 0.0000, acc: 0.8782
2025-10-05 01:13:52,104 [subspace_lora.py] => step: 345, loss: -0.1801, kd_loss: 0.0000, prior_loss: 0.0000, acc: 0.8695
2025-10-05 01:13:52,200 [subspace_lora.py] => step: 346, loss: -0.2019, kd_loss: 0.0000, prior_loss: 0.0000, acc: 0.8742
2025-10-05 01:13:52,300 [subspace_lora.py] => step: 347, loss: -0.2295, kd_loss: 0.0000, prior_loss: 0.0000, acc: 0.8868
2025-10-05 01:13:52,397 [subspace_lora.py] => step: 348, loss: -0.2159, kd_loss: 0.0000, prior_loss: 0.0000, acc: 0.8815
2025-10-05 01:13:52,495 [subspace_lora.py] => step: 349, loss: -0.2237, kd_loss: 0.0000, prior_loss: 0.0000, acc: 0.8892
2025-10-05 01:13:52,592 [subspace_lora.py] => step: 350, loss: -0.2142, kd_loss: 0.0000, prior_loss: 0.0000, acc: 0.8836
2025-10-05 01:13:52,688 [subspace_lora.py] => step: 351, loss: -0.2146, kd_loss: 0.0000, prior_loss: 0.0000, acc: 0.8827
2025-10-05 01:13:52,784 [subspace_lora.py] => step: 352, loss: -0.2204, kd_loss: 0.0000, prior_loss: 0.0000, acc: 0.8819
2025-10-05 01:13:52,882 [subspace_lora.py] => step: 353, loss: -0.1931, kd_loss: 0.0000, prior_loss: 0.0000, acc: 0.8687
2025-10-05 01:13:52,978 [subspace_lora.py] => step: 354, loss: -0.1905, kd_loss: 0.0000, prior_loss: 0.0000, acc: 0.8652
2025-10-05 01:13:53,075 [subspace_lora.py] => step: 355, loss: -0.1772, kd_loss: 0.0000, prior_loss: 0.0000, acc: 0.8537
2025-10-05 01:13:53,171 [subspace_lora.py] => step: 356, loss: -0.1898, kd_loss: 0.0000, prior_loss: 0.0000, acc: 0.8600
2025-10-05 01:13:53,272 [subspace_lora.py] => step: 357, loss: -0.2136, kd_loss: 0.0000, prior_loss: 0.0000, acc: 0.8740
2025-10-05 01:13:53,369 [subspace_lora.py] => step: 358, loss: -0.2007, kd_loss: 0.0000, prior_loss: 0.0000, acc: 0.8699
2025-10-05 01:13:53,465 [subspace_lora.py] => step: 359, loss: -0.1819, kd_loss: 0.0000, prior_loss: 0.0000, acc: 0.8496
2025-10-05 01:13:53,562 [subspace_lora.py] => step: 360, loss: -0.1805, kd_loss: 0.0000, prior_loss: 0.0000, acc: 0.8521
2025-10-05 01:13:53,659 [subspace_lora.py] => step: 361, loss: -0.1460, kd_loss: 0.0000, prior_loss: 0.0000, acc: 0.8378
2025-10-05 01:13:53,758 [subspace_lora.py] => step: 362, loss: -0.1436, kd_loss: 0.0000, prior_loss: 0.0000, acc: 0.8415
2025-10-05 01:13:53,854 [subspace_lora.py] => step: 363, loss: -0.1418, kd_loss: 0.0000, prior_loss: 0.0000, acc: 0.8365
2025-10-05 01:13:53,951 [subspace_lora.py] => step: 364, loss: -0.1594, kd_loss: 0.0000, prior_loss: 0.0000, acc: 0.8445
2025-10-05 01:13:54,047 [subspace_lora.py] => step: 365, loss: -0.1506, kd_loss: 0.0000, prior_loss: 0.0000, acc: 0.8434
2025-10-05 01:13:54,143 [subspace_lora.py] => step: 366, loss: -0.1532, kd_loss: 0.0000, prior_loss: 0.0000, acc: 0.8507
2025-10-05 01:13:54,238 [subspace_lora.py] => step: 367, loss: -0.1366, kd_loss: 0.0000, prior_loss: 0.0000, acc: 0.8490
2025-10-05 01:13:54,334 [subspace_lora.py] => step: 368, loss: -0.1525, kd_loss: 0.0000, prior_loss: 0.0000, acc: 0.8558
2025-10-05 01:13:54,427 [subspace_lora.py] => step: 369, loss: -0.1715, kd_loss: 0.0000, prior_loss: 0.0000, acc: 0.8660
2025-10-05 01:13:54,521 [subspace_lora.py] => step: 370, loss: -0.1808, kd_loss: 0.0000, prior_loss: 0.0000, acc: 0.8669
2025-10-05 01:13:54,618 [subspace_lora.py] => step: 371, loss: -0.1795, kd_loss: 0.0000, prior_loss: 0.0000, acc: 0.8677
2025-10-05 01:13:54,716 [subspace_lora.py] => step: 372, loss: -0.1899, kd_loss: 0.0000, prior_loss: 0.0000, acc: 0.8726
2025-10-05 01:13:54,814 [subspace_lora.py] => step: 373, loss: -0.1883, kd_loss: 0.0000, prior_loss: 0.0000, acc: 0.8687
2025-10-05 01:13:54,914 [subspace_lora.py] => step: 374, loss: -0.2023, kd_loss: 0.0000, prior_loss: 0.0000, acc: 0.8735
2025-10-05 01:13:55,012 [subspace_lora.py] => step: 375, loss: -0.1977, kd_loss: 0.0000, prior_loss: 0.0000, acc: 0.8736
2025-10-05 01:13:55,108 [subspace_lora.py] => step: 376, loss: -0.2067, kd_loss: 0.0000, prior_loss: 0.0000, acc: 0.8779
2025-10-05 01:13:55,205 [subspace_lora.py] => step: 377, loss: -0.2003, kd_loss: 0.0000, prior_loss: 0.0000, acc: 0.8776
2025-10-05 01:13:55,304 [subspace_lora.py] => step: 378, loss: -0.2115, kd_loss: 0.0000, prior_loss: 0.0000, acc: 0.8857
2025-10-05 01:13:55,401 [subspace_lora.py] => step: 379, loss: -0.2194, kd_loss: 0.0000, prior_loss: 0.0000, acc: 0.8930
2025-10-05 01:13:55,498 [subspace_lora.py] => step: 380, loss: -0.2075, kd_loss: 0.0000, prior_loss: 0.0000, acc: 0.8953
2025-10-05 01:13:55,595 [subspace_lora.py] => step: 381, loss: -0.2249, kd_loss: 0.0000, prior_loss: 0.0000, acc: 0.9016
2025-10-05 01:13:55,691 [subspace_lora.py] => step: 382, loss: -0.2286, kd_loss: 0.0000, prior_loss: 0.0000, acc: 0.9031
2025-10-05 01:13:55,790 [subspace_lora.py] => step: 383, loss: -0.1921, kd_loss: 0.0000, prior_loss: 0.0000, acc: 0.8920
2025-10-05 01:13:55,886 [subspace_lora.py] => step: 384, loss: -0.2091, kd_loss: 0.0000, prior_loss: 0.0000, acc: 0.8986
2025-10-05 01:13:55,985 [subspace_lora.py] => step: 385, loss: -0.2095, kd_loss: 0.0000, prior_loss: 0.0000, acc: 0.9004
2025-10-05 01:13:56,085 [subspace_lora.py] => step: 386, loss: -0.2114, kd_loss: 0.0000, prior_loss: 0.0000, acc: 0.9021
2025-10-05 01:13:56,182 [subspace_lora.py] => step: 387, loss: -0.1788, kd_loss: 0.0000, prior_loss: 0.0000, acc: 0.8869
2025-10-05 01:13:56,276 [subspace_lora.py] => step: 388, loss: -0.2015, kd_loss: 0.0000, prior_loss: 0.0000, acc: 0.8940
2025-10-05 01:13:56,371 [subspace_lora.py] => step: 389, loss: -0.1872, kd_loss: 0.0000, prior_loss: 0.0000, acc: 0.8879
2025-10-05 01:13:56,467 [subspace_lora.py] => step: 390, loss: -0.1982, kd_loss: 0.0000, prior_loss: 0.0000, acc: 0.8908
2025-10-05 01:13:56,560 [subspace_lora.py] => step: 391, loss: -0.1739, kd_loss: 0.0000, prior_loss: 0.0000, acc: 0.8809
2025-10-05 01:13:56,658 [subspace_lora.py] => step: 392, loss: -0.1644, kd_loss: 0.0000, prior_loss: 0.0000, acc: 0.8761
2025-10-05 01:13:56,757 [subspace_lora.py] => step: 393, loss: -0.1633, kd_loss: 0.0000, prior_loss: 0.0000, acc: 0.8719
2025-10-05 01:13:56,853 [subspace_lora.py] => step: 394, loss: -0.1813, kd_loss: 0.0000, prior_loss: 0.0000, acc: 0.8847
2025-10-05 01:13:56,946 [subspace_lora.py] => step: 395, loss: -0.2001, kd_loss: 0.0000, prior_loss: 0.0000, acc: 0.8962
2025-10-05 01:13:57,046 [subspace_lora.py] => step: 396, loss: -0.1932, kd_loss: 0.0000, prior_loss: 0.0000, acc: 0.8858
2025-10-05 01:13:57,143 [subspace_lora.py] => step: 397, loss: -0.2140, kd_loss: 0.0000, prior_loss: 0.0000, acc: 0.8972
2025-10-05 01:13:57,244 [subspace_lora.py] => step: 398, loss: -0.2146, kd_loss: 0.0000, prior_loss: 0.0000, acc: 0.9033
2025-10-05 01:13:57,344 [subspace_lora.py] => step: 399, loss: -0.2251, kd_loss: 0.0000, prior_loss: 0.0000, acc: 0.9046
2025-10-05 01:13:57,442 [subspace_lora.py] => step: 400, loss: -0.2441, kd_loss: 0.0000, prior_loss: 0.0000, acc: 0.9142
2025-10-05 01:13:57,542 [subspace_lora.py] => step: 401, loss: -0.2393, kd_loss: 0.0000, prior_loss: 0.0000, acc: 0.9102
2025-10-05 01:13:57,639 [subspace_lora.py] => step: 402, loss: -0.2377, kd_loss: 0.0000, prior_loss: 0.0000, acc: 0.9026
2025-10-05 01:13:57,738 [subspace_lora.py] => step: 403, loss: -0.2381, kd_loss: 0.0000, prior_loss: 0.0000, acc: 0.8956
2025-10-05 01:13:57,836 [subspace_lora.py] => step: 404, loss: -0.2442, kd_loss: 0.0000, prior_loss: 0.0000, acc: 0.9019
2025-10-05 01:13:57,935 [subspace_lora.py] => step: 405, loss: -0.2561, kd_loss: 0.0000, prior_loss: 0.0000, acc: 0.9075
2025-10-05 01:13:58,034 [subspace_lora.py] => step: 406, loss: -0.2364, kd_loss: 0.0000, prior_loss: 0.0000, acc: 0.9043
2025-10-05 01:13:58,132 [subspace_lora.py] => step: 407, loss: -0.2122, kd_loss: 0.0000, prior_loss: 0.0000, acc: 0.8930
2025-10-05 01:13:58,232 [subspace_lora.py] => step: 408, loss: -0.2249, kd_loss: 0.0000, prior_loss: 0.0000, acc: 0.8996
2025-10-05 01:13:58,328 [subspace_lora.py] => step: 409, loss: -0.2344, kd_loss: 0.0000, prior_loss: 0.0000, acc: 0.8971
2025-10-05 01:13:58,427 [subspace_lora.py] => step: 410, loss: -0.2462, kd_loss: 0.0000, prior_loss: 0.0000, acc: 0.9032
2025-10-05 01:13:58,526 [subspace_lora.py] => step: 411, loss: -0.2422, kd_loss: 0.0000, prior_loss: 0.0000, acc: 0.8962
2025-10-05 01:13:58,625 [subspace_lora.py] => step: 412, loss: -0.2292, kd_loss: 0.0000, prior_loss: 0.0000, acc: 0.8941
2025-10-05 01:13:58,727 [subspace_lora.py] => step: 413, loss: -0.2191, kd_loss: 0.0000, prior_loss: 0.0000, acc: 0.8922
2025-10-05 01:13:58,826 [subspace_lora.py] => step: 414, loss: -0.2105, kd_loss: 0.0000, prior_loss: 0.0000, acc: 0.8780
2025-10-05 01:13:58,922 [subspace_lora.py] => step: 415, loss: -0.2222, kd_loss: 0.0000, prior_loss: 0.0000, acc: 0.8819
2025-10-05 01:13:59,020 [subspace_lora.py] => step: 416, loss: -0.2040, kd_loss: 0.0000, prior_loss: 0.0000, acc: 0.8645
2025-10-05 01:13:59,100 [subspace_lora.py] => step: 417, loss: -0.2212, kd_loss: 0.0000, prior_loss: 0.0000, acc: 0.8780
2025-10-05 01:13:59,509 [subspace_lora.py] => step: 418, loss: -0.2358, kd_loss: 0.0000, prior_loss: 0.0000, acc: 0.8819
2025-10-05 01:13:59,617 [subspace_lora.py] => step: 419, loss: -0.2091, kd_loss: 0.0000, prior_loss: 0.0000, acc: 0.8729
2025-10-05 01:13:59,727 [subspace_lora.py] => step: 420, loss: -0.1924, kd_loss: 0.0000, prior_loss: 0.0000, acc: 0.8731
2025-10-05 01:13:59,839 [subspace_lora.py] => step: 421, loss: -0.1985, kd_loss: 0.0000, prior_loss: 0.0000, acc: 0.8733
2025-10-05 01:13:59,947 [subspace_lora.py] => step: 422, loss: -0.2193, kd_loss: 0.0000, prior_loss: 0.0000, acc: 0.8818
2025-10-05 01:14:00,057 [subspace_lora.py] => step: 423, loss: -0.2241, kd_loss: 0.0000, prior_loss: 0.0000, acc: 0.8853
2025-10-05 01:14:00,165 [subspace_lora.py] => step: 424, loss: -0.2445, kd_loss: 0.0000, prior_loss: 0.0000, acc: 0.8926
2025-10-05 01:14:00,274 [subspace_lora.py] => step: 425, loss: -0.2550, kd_loss: 0.0000, prior_loss: 0.0000, acc: 0.8950
2025-10-05 01:14:00,379 [subspace_lora.py] => step: 426, loss: -0.2575, kd_loss: 0.0000, prior_loss: 0.0000, acc: 0.8972
2025-10-05 01:14:00,479 [subspace_lora.py] => step: 427, loss: -0.2558, kd_loss: 0.0000, prior_loss: 0.0000, acc: 0.8949
2025-10-05 01:14:00,577 [subspace_lora.py] => step: 428, loss: -0.2605, kd_loss: 0.0000, prior_loss: 0.0000, acc: 0.9013
2025-10-05 01:14:00,676 [subspace_lora.py] => step: 429, loss: -0.2657, kd_loss: 0.0000, prior_loss: 0.0000, acc: 0.9028
2025-10-05 01:14:00,773 [subspace_lora.py] => step: 430, loss: -0.2779, kd_loss: 0.0000, prior_loss: 0.0000, acc: 0.9084
2025-10-05 01:14:00,872 [subspace_lora.py] => step: 431, loss: -0.2835, kd_loss: 0.0000, prior_loss: 0.0000, acc: 0.9092
2025-10-05 01:14:00,968 [subspace_lora.py] => step: 432, loss: -0.2898, kd_loss: 0.0000, prior_loss: 0.0000, acc: 0.9099
2025-10-05 01:14:01,065 [subspace_lora.py] => step: 433, loss: -0.2875, kd_loss: 0.0000, prior_loss: 0.0000, acc: 0.9148
2025-10-05 01:14:01,164 [subspace_lora.py] => step: 434, loss: -0.3040, kd_loss: 0.0000, prior_loss: 0.0000, acc: 0.9233
2025-10-05 01:14:01,263 [subspace_lora.py] => step: 435, loss: -0.2852, kd_loss: 0.0000, prior_loss: 0.0000, acc: 0.9143
2025-10-05 01:14:01,361 [subspace_lora.py] => step: 436, loss: -0.2711, kd_loss: 0.0000, prior_loss: 0.0000, acc: 0.9104
2025-10-05 01:14:01,460 [subspace_lora.py] => step: 437, loss: -0.2482, kd_loss: 0.0000, prior_loss: 0.0000, acc: 0.8985
2025-10-05 01:14:01,559 [subspace_lora.py] => step: 438, loss: -0.2609, kd_loss: 0.0000, prior_loss: 0.0000, acc: 0.9045
2025-10-05 01:14:01,659 [subspace_lora.py] => step: 439, loss: -0.2457, kd_loss: 0.0000, prior_loss: 0.0000, acc: 0.9015
2025-10-05 01:14:01,758 [subspace_lora.py] => step: 440, loss: -0.2569, kd_loss: 0.0000, prior_loss: 0.0000, acc: 0.9031
2025-10-05 01:14:01,857 [subspace_lora.py] => step: 441, loss: -0.2564, kd_loss: 0.0000, prior_loss: 0.0000, acc: 0.9002
2025-10-05 01:14:01,955 [subspace_lora.py] => step: 442, loss: -0.2589, kd_loss: 0.0000, prior_loss: 0.0000, acc: 0.9061
2025-10-05 01:14:02,055 [subspace_lora.py] => step: 443, loss: -0.2277, kd_loss: 0.0000, prior_loss: 0.0000, acc: 0.8905
2025-10-05 01:14:02,153 [subspace_lora.py] => step: 444, loss: -0.2056, kd_loss: 0.0000, prior_loss: 0.0000, acc: 0.8764
2025-10-05 01:14:02,252 [subspace_lora.py] => step: 445, loss: -0.2272, kd_loss: 0.0000, prior_loss: 0.0000, acc: 0.8888
2025-10-05 01:14:02,350 [subspace_lora.py] => step: 446, loss: -0.2319, kd_loss: 0.0000, prior_loss: 0.0000, acc: 0.8916
2025-10-05 01:14:02,447 [subspace_lora.py] => step: 447, loss: -0.2436, kd_loss: 0.0000, prior_loss: 0.0000, acc: 0.8982
2025-10-05 01:14:02,545 [subspace_lora.py] => step: 448, loss: -0.2606, kd_loss: 0.0000, prior_loss: 0.0000, acc: 0.9042
2025-10-05 01:14:02,642 [subspace_lora.py] => step: 449, loss: -0.2550, kd_loss: 0.0000, prior_loss: 0.0000, acc: 0.8972
2025-10-05 01:14:02,741 [subspace_lora.py] => step: 450, loss: -0.2561, kd_loss: 0.0000, prior_loss: 0.0000, acc: 0.8991
2025-10-05 01:14:02,838 [subspace_lora.py] => step: 451, loss: -0.2201, kd_loss: 0.0000, prior_loss: 0.0000, acc: 0.8842
2025-10-05 01:14:02,937 [subspace_lora.py] => step: 452, loss: -0.2254, kd_loss: 0.0000, prior_loss: 0.0000, acc: 0.8833
2025-10-05 01:14:03,036 [subspace_lora.py] => step: 453, loss: -0.2198, kd_loss: 0.0000, prior_loss: 0.0000, acc: 0.8783
2025-10-05 01:14:03,132 [subspace_lora.py] => step: 454, loss: -0.2341, kd_loss: 0.0000, prior_loss: 0.0000, acc: 0.8821
2025-10-05 01:14:03,231 [subspace_lora.py] => step: 455, loss: -0.2397, kd_loss: 0.0000, prior_loss: 0.0000, acc: 0.8856
2025-10-05 01:14:03,328 [subspace_lora.py] => step: 456, loss: -0.2296, kd_loss: 0.0000, prior_loss: 0.0000, acc: 0.8803
2025-10-05 01:14:03,425 [subspace_lora.py] => step: 457, loss: -0.2084, kd_loss: 0.0000, prior_loss: 0.0000, acc: 0.8756
2025-10-05 01:14:03,523 [subspace_lora.py] => step: 458, loss: -0.1868, kd_loss: 0.0000, prior_loss: 0.0000, acc: 0.8714
2025-10-05 01:14:03,622 [subspace_lora.py] => step: 459, loss: -0.2005, kd_loss: 0.0000, prior_loss: 0.0000, acc: 0.8759
2025-10-05 01:14:03,720 [subspace_lora.py] => step: 460, loss: -0.2014, kd_loss: 0.0000, prior_loss: 0.0000, acc: 0.8800
2025-10-05 01:14:03,820 [subspace_lora.py] => step: 461, loss: -0.2119, kd_loss: 0.0000, prior_loss: 0.0000, acc: 0.8837
2025-10-05 01:14:03,918 [subspace_lora.py] => step: 462, loss: -0.2072, kd_loss: 0.0000, prior_loss: 0.0000, acc: 0.8828
2025-10-05 01:14:04,017 [subspace_lora.py] => step: 463, loss: -0.2057, kd_loss: 0.0000, prior_loss: 0.0000, acc: 0.8779
2025-10-05 01:14:04,113 [subspace_lora.py] => step: 464, loss: -0.1998, kd_loss: 0.0000, prior_loss: 0.0000, acc: 0.8817
2025-10-05 01:14:04,213 [subspace_lora.py] => step: 465, loss: -0.2269, kd_loss: 0.0000, prior_loss: 0.0000, acc: 0.8936
2025-10-05 01:14:04,311 [subspace_lora.py] => step: 466, loss: -0.2253, kd_loss: 0.0000, prior_loss: 0.0000, acc: 0.8917
2025-10-05 01:14:04,410 [subspace_lora.py] => step: 467, loss: -0.2287, kd_loss: 0.0000, prior_loss: 0.0000, acc: 0.8942
2025-10-05 01:14:04,508 [subspace_lora.py] => step: 468, loss: -0.2253, kd_loss: 0.0000, prior_loss: 0.0000, acc: 0.8923
2025-10-05 01:14:04,607 [subspace_lora.py] => step: 469, loss: -0.1939, kd_loss: 0.0000, prior_loss: 0.0000, acc: 0.8781
2025-10-05 01:14:04,704 [subspace_lora.py] => step: 470, loss: -0.2154, kd_loss: 0.0000, prior_loss: 0.0000, acc: 0.8861
2025-10-05 01:14:04,800 [subspace_lora.py] => step: 471, loss: -0.2267, kd_loss: 0.0000, prior_loss: 0.0000, acc: 0.8891
2025-10-05 01:14:04,902 [subspace_lora.py] => step: 472, loss: -0.2298, kd_loss: 0.0000, prior_loss: 0.0000, acc: 0.8877
2025-10-05 01:14:05,001 [subspace_lora.py] => step: 473, loss: -0.2431, kd_loss: 0.0000, prior_loss: 0.0000, acc: 0.8990
2025-10-05 01:14:05,100 [subspace_lora.py] => step: 474, loss: -0.2221, kd_loss: 0.0000, prior_loss: 0.0000, acc: 0.8924
2025-10-05 01:14:05,199 [subspace_lora.py] => step: 475, loss: -0.2137, kd_loss: 0.0000, prior_loss: 0.0000, acc: 0.8865
2025-10-05 01:14:05,297 [subspace_lora.py] => step: 476, loss: -0.2347, kd_loss: 0.0000, prior_loss: 0.0000, acc: 0.8978
2025-10-05 01:14:05,396 [subspace_lora.py] => step: 477, loss: -0.2348, kd_loss: 0.0000, prior_loss: 0.0000, acc: 0.8956
2025-10-05 01:14:05,495 [subspace_lora.py] => step: 478, loss: -0.2244, kd_loss: 0.0000, prior_loss: 0.0000, acc: 0.8893
2025-10-05 01:14:05,594 [subspace_lora.py] => step: 479, loss: -0.2337, kd_loss: 0.0000, prior_loss: 0.0000, acc: 0.8921
2025-10-05 01:14:05,692 [subspace_lora.py] => step: 480, loss: -0.2476, kd_loss: 0.0000, prior_loss: 0.0000, acc: 0.9029
2025-10-05 01:14:05,791 [subspace_lora.py] => step: 481, loss: -0.2178, kd_loss: 0.0000, prior_loss: 0.0000, acc: 0.8917
2025-10-05 01:14:05,890 [subspace_lora.py] => step: 482, loss: -0.2290, kd_loss: 0.0000, prior_loss: 0.0000, acc: 0.8984
2025-10-05 01:14:05,989 [subspace_lora.py] => step: 483, loss: -0.2051, kd_loss: 0.0000, prior_loss: 0.0000, acc: 0.8877
2025-10-05 01:14:06,088 [subspace_lora.py] => step: 484, loss: -0.2081, kd_loss: 0.0000, prior_loss: 0.0000, acc: 0.8948
2025-10-05 01:14:06,187 [subspace_lora.py] => step: 485, loss: -0.2191, kd_loss: 0.0000, prior_loss: 0.0000, acc: 0.8970
2025-10-05 01:14:06,283 [subspace_lora.py] => step: 486, loss: -0.2002, kd_loss: 0.0000, prior_loss: 0.0000, acc: 0.8823
2025-10-05 01:14:06,380 [subspace_lora.py] => step: 487, loss: -0.1874, kd_loss: 0.0000, prior_loss: 0.0000, acc: 0.8815
2025-10-05 01:14:06,478 [subspace_lora.py] => step: 488, loss: -0.1817, kd_loss: 0.0000, prior_loss: 0.0000, acc: 0.8767
2025-10-05 01:14:06,575 [subspace_lora.py] => step: 489, loss: -0.1946, kd_loss: 0.0000, prior_loss: 0.0000, acc: 0.8807
2025-10-05 01:14:06,673 [subspace_lora.py] => step: 490, loss: -0.1691, kd_loss: 0.0000, prior_loss: 0.0000, acc: 0.8676
2025-10-05 01:14:06,771 [subspace_lora.py] => step: 491, loss: -0.1673, kd_loss: 0.0000, prior_loss: 0.0000, acc: 0.8601
2025-10-05 01:14:06,871 [subspace_lora.py] => step: 492, loss: -0.1874, kd_loss: 0.0000, prior_loss: 0.0000, acc: 0.8699
2025-10-05 01:14:06,969 [subspace_lora.py] => step: 493, loss: -0.2086, kd_loss: 0.0000, prior_loss: 0.0000, acc: 0.8787
2025-10-05 01:14:07,068 [subspace_lora.py] => step: 494, loss: -0.2244, kd_loss: 0.0000, prior_loss: 0.0000, acc: 0.8867
2025-10-05 01:14:07,167 [subspace_lora.py] => step: 495, loss: -0.2401, kd_loss: 0.0000, prior_loss: 0.0000, acc: 0.8939
2025-10-05 01:14:07,267 [subspace_lora.py] => step: 496, loss: -0.2613, kd_loss: 0.0000, prior_loss: 0.0000, acc: 0.9045
2025-10-05 01:14:07,367 [subspace_lora.py] => step: 497, loss: -0.2670, kd_loss: 0.0000, prior_loss: 0.0000, acc: 0.9057
2025-10-05 01:14:07,465 [subspace_lora.py] => step: 498, loss: -0.2445, kd_loss: 0.0000, prior_loss: 0.0000, acc: 0.9026
2025-10-05 01:14:07,563 [subspace_lora.py] => step: 499, loss: -0.2463, kd_loss: 0.0000, prior_loss: 0.0000, acc: 0.9040
2025-10-05 01:14:07,662 [subspace_lora.py] => step: 500, loss: -0.2556, kd_loss: 0.0000, prior_loss: 0.0000, acc: 0.9095
2025-10-05 01:14:07,761 [subspace_lora.py] => step: 501, loss: -0.2504, kd_loss: 0.0000, prior_loss: 0.0000, acc: 0.9060
2025-10-05 01:14:07,858 [subspace_lora.py] => step: 502, loss: -0.2340, kd_loss: 0.0000, prior_loss: 0.0000, acc: 0.9029
2025-10-05 01:14:07,958 [subspace_lora.py] => step: 503, loss: -0.2362, kd_loss: 0.0000, prior_loss: 0.0000, acc: 0.9043
2025-10-05 01:14:08,056 [subspace_lora.py] => step: 504, loss: -0.2121, kd_loss: 0.0000, prior_loss: 0.0000, acc: 0.8930
2025-10-05 01:14:08,156 [subspace_lora.py] => step: 505, loss: -0.2235, kd_loss: 0.0000, prior_loss: 0.0000, acc: 0.8954
2025-10-05 01:14:08,254 [subspace_lora.py] => step: 506, loss: -0.2442, kd_loss: 0.0000, prior_loss: 0.0000, acc: 0.9017
2025-10-05 01:14:08,352 [subspace_lora.py] => step: 507, loss: -0.2379, kd_loss: 0.0000, prior_loss: 0.0000, acc: 0.8948
2025-10-05 01:14:08,451 [subspace_lora.py] => step: 508, loss: -0.2417, kd_loss: 0.0000, prior_loss: 0.0000, acc: 0.8970
2025-10-05 01:14:08,549 [subspace_lora.py] => step: 509, loss: -0.2268, kd_loss: 0.0000, prior_loss: 0.0000, acc: 0.8907
2025-10-05 01:14:08,648 [subspace_lora.py] => step: 510, loss: -0.2474, kd_loss: 0.0000, prior_loss: 0.0000, acc: 0.8974
2025-10-05 01:14:08,747 [subspace_lora.py] => step: 511, loss: -0.2547, kd_loss: 0.0000, prior_loss: 0.0000, acc: 0.9035
2025-10-05 01:14:08,846 [subspace_lora.py] => step: 512, loss: -0.2573, kd_loss: 0.0000, prior_loss: 0.0000, acc: 0.9090
2025-10-05 01:14:08,945 [subspace_lora.py] => step: 513, loss: -0.2746, kd_loss: 0.0000, prior_loss: 0.0000, acc: 0.9181
2025-10-05 01:14:09,043 [subspace_lora.py] => step: 514, loss: -0.2514, kd_loss: 0.0000, prior_loss: 0.0000, acc: 0.9055
2025-10-05 01:14:09,141 [subspace_lora.py] => step: 515, loss: -0.2584, kd_loss: 0.0000, prior_loss: 0.0000, acc: 0.9107
2025-10-05 01:14:09,240 [subspace_lora.py] => step: 516, loss: -0.2655, kd_loss: 0.0000, prior_loss: 0.0000, acc: 0.9155
2025-10-05 01:14:09,338 [subspace_lora.py] => step: 517, loss: -0.2479, kd_loss: 0.0000, prior_loss: 0.0000, acc: 0.9115
2025-10-05 01:14:09,436 [subspace_lora.py] => step: 518, loss: -0.2628, kd_loss: 0.0000, prior_loss: 0.0000, acc: 0.9161
2025-10-05 01:14:09,537 [subspace_lora.py] => step: 519, loss: -0.2704, kd_loss: 0.0000, prior_loss: 0.0000, acc: 0.9162
2025-10-05 01:14:09,635 [subspace_lora.py] => step: 520, loss: -0.2576, kd_loss: 0.0000, prior_loss: 0.0000, acc: 0.9079
2025-10-05 01:14:09,734 [subspace_lora.py] => step: 521, loss: -0.2595, kd_loss: 0.0000, prior_loss: 0.0000, acc: 0.9004
2025-10-05 01:14:09,831 [subspace_lora.py] => step: 522, loss: -0.2635, kd_loss: 0.0000, prior_loss: 0.0000, acc: 0.9021
2025-10-05 01:14:09,930 [subspace_lora.py] => step: 523, loss: -0.2482, kd_loss: 0.0000, prior_loss: 0.0000, acc: 0.8952
2025-10-05 01:14:10,027 [subspace_lora.py] => step: 524, loss: -0.2558, kd_loss: 0.0000, prior_loss: 0.0000, acc: 0.8932
2025-10-05 01:14:10,128 [subspace_lora.py] => step: 525, loss: -0.2638, kd_loss: 0.0000, prior_loss: 0.0000, acc: 0.8997
2025-10-05 01:14:10,226 [subspace_lora.py] => step: 526, loss: -0.2678, kd_loss: 0.0000, prior_loss: 0.0000, acc: 0.9056
2025-10-05 01:14:10,324 [subspace_lora.py] => step: 527, loss: -0.2546, kd_loss: 0.0000, prior_loss: 0.0000, acc: 0.9025
2025-10-05 01:14:10,421 [subspace_lora.py] => step: 528, loss: -0.2541, kd_loss: 0.0000, prior_loss: 0.0000, acc: 0.8998
2025-10-05 01:14:10,522 [subspace_lora.py] => step: 529, loss: -0.2764, kd_loss: 0.0000, prior_loss: 0.0000, acc: 0.9098
2025-10-05 01:14:10,619 [subspace_lora.py] => step: 530, loss: -0.2955, kd_loss: 0.0000, prior_loss: 0.0000, acc: 0.9188
2025-10-05 01:14:10,717 [subspace_lora.py] => step: 531, loss: -0.2909, kd_loss: 0.0000, prior_loss: 0.0000, acc: 0.9144
2025-10-05 01:14:10,815 [subspace_lora.py] => step: 532, loss: -0.2805, kd_loss: 0.0000, prior_loss: 0.0000, acc: 0.9105
2025-10-05 01:14:10,915 [subspace_lora.py] => step: 533, loss: -0.2730, kd_loss: 0.0000, prior_loss: 0.0000, acc: 0.9153
2025-10-05 01:14:11,012 [subspace_lora.py] => step: 534, loss: -0.2825, kd_loss: 0.0000, prior_loss: 0.0000, acc: 0.9237
2025-10-05 01:14:11,112 [subspace_lora.py] => step: 535, loss: -0.2757, kd_loss: 0.0000, prior_loss: 0.0000, acc: 0.9189
2025-10-05 01:14:11,211 [subspace_lora.py] => step: 536, loss: -0.2795, kd_loss: 0.0000, prior_loss: 0.0000, acc: 0.9145
2025-10-05 01:14:11,309 [subspace_lora.py] => step: 537, loss: -0.2717, kd_loss: 0.0000, prior_loss: 0.0000, acc: 0.9105
2025-10-05 01:14:11,409 [subspace_lora.py] => step: 538, loss: -0.2718, kd_loss: 0.0000, prior_loss: 0.0000, acc: 0.9111
2025-10-05 01:14:11,508 [subspace_lora.py] => step: 539, loss: -0.2676, kd_loss: 0.0000, prior_loss: 0.0000, acc: 0.9075
2025-10-05 01:14:11,606 [subspace_lora.py] => step: 540, loss: -0.2599, kd_loss: 0.0000, prior_loss: 0.0000, acc: 0.9043
2025-10-05 01:14:11,707 [subspace_lora.py] => step: 541, loss: -0.2648, kd_loss: 0.0000, prior_loss: 0.0000, acc: 0.9055
2025-10-05 01:14:11,805 [subspace_lora.py] => step: 542, loss: -0.2766, kd_loss: 0.0000, prior_loss: 0.0000, acc: 0.9108
2025-10-05 01:14:11,904 [subspace_lora.py] => step: 543, loss: -0.2551, kd_loss: 0.0000, prior_loss: 0.0000, acc: 0.8989
2025-10-05 01:14:12,004 [subspace_lora.py] => step: 544, loss: -0.2602, kd_loss: 0.0000, prior_loss: 0.0000, acc: 0.8965
2025-10-05 01:14:12,103 [subspace_lora.py] => step: 545, loss: -0.2653, kd_loss: 0.0000, prior_loss: 0.0000, acc: 0.8943
2025-10-05 01:14:12,203 [subspace_lora.py] => step: 546, loss: -0.2735, kd_loss: 0.0000, prior_loss: 0.0000, acc: 0.8966
2025-10-05 01:14:12,303 [subspace_lora.py] => step: 547, loss: -0.2628, kd_loss: 0.0000, prior_loss: 0.0000, acc: 0.8944
2025-10-05 01:14:12,401 [subspace_lora.py] => step: 548, loss: -0.2513, kd_loss: 0.0000, prior_loss: 0.0000, acc: 0.8925
2025-10-05 01:19:08,603 [trainer.py] => dataset: cifar100
2025-10-05 01:19:08,603 [trainer.py] => smart_defaults: True
2025-10-05 01:19:08,603 [trainer.py] => user: authors
2025-10-05 01:19:08,603 [trainer.py] => test: True
2025-10-05 01:19:08,603 [trainer.py] => memory_size: 0
2025-10-05 01:19:08,603 [trainer.py] => memory_per_class: 0
2025-10-05 01:19:08,603 [trainer.py] => fixed_memory: False
2025-10-05 01:19:08,603 [trainer.py] => shuffle: True
2025-10-05 01:19:08,603 [trainer.py] => init_cls: 20
2025-10-05 01:19:08,603 [trainer.py] => increment: 20
2025-10-05 01:19:08,603 [trainer.py] => model_name: sldc
2025-10-05 01:19:08,603 [trainer.py] => vit_type: vit-b-p16
2025-10-05 01:19:08,603 [trainer.py] => weight_decay: 0.0
2025-10-05 01:19:08,603 [trainer.py] => device: [device(type='cuda', index=0)]
2025-10-05 01:19:08,603 [trainer.py] => sce_a: 0.5
2025-10-05 01:19:08,604 [trainer.py] => sce_b: 0.5
2025-10-05 01:19:08,604 [trainer.py] => seed_list: [1993]
2025-10-05 01:19:08,604 [trainer.py] => iterations: 1500
2025-10-05 01:19:08,604 [trainer.py] => warmup_steps: 200
2025-10-05 01:19:08,604 [trainer.py] => ca_epochs: 5
2025-10-05 01:19:08,604 [trainer.py] => optimizer: adamw
2025-10-05 01:19:08,604 [trainer.py] => lrate: 0.0005
2025-10-05 01:19:08,604 [trainer.py] => head_scale: 1.0
2025-10-05 01:19:08,604 [trainer.py] => batch_size: 24
2025-10-05 01:19:08,604 [trainer.py] => evaluate_final_only: True
2025-10-05 01:19:08,604 [trainer.py] => gamma_norm: 0.1
2025-10-05 01:19:08,604 [trainer.py] => gamma_kd: 0.0
2025-10-05 01:19:08,604 [trainer.py] => kd_type: feat
2025-10-05 01:19:08,604 [trainer.py] => alpha_t: 1.0
2025-10-05 01:19:08,604 [trainer.py] =>  _gamma_1: 0.0001
2025-10-05 01:19:08,604 [trainer.py] => compensate: True
2025-10-05 01:19:08,604 [trainer.py] => eval_only: False
2025-10-05 01:19:08,604 [trainer.py] => lora_rank: 4
2025-10-05 01:19:08,604 [trainer.py] => lora_type: sgp_lora
2025-10-05 01:19:08,604 [trainer.py] => weight_temp: 5.0
2025-10-05 01:19:08,604 [trainer.py] => weight_kind: log1p
2025-10-05 01:19:08,604 [trainer.py] => weight_p: 1.0
2025-10-05 01:19:08,604 [trainer.py] => nsp_eps: 0.05
2025-10-05 01:19:08,604 [trainer.py] => nsp_weight: 0.0
2025-10-05 01:19:08,604 [trainer.py] => auxiliary_data_path: /data1/open_datasets/ImageNet-2012/train
2025-10-05 01:19:08,604 [trainer.py] => aux_dataset: imagenet
2025-10-05 01:19:08,604 [trainer.py] => auxiliary_data_size: 1024
2025-10-05 01:19:08,604 [trainer.py] => l2_protection: True
2025-10-05 01:19:08,605 [trainer.py] => l2_protection_lambda: 0.0001
2025-10-05 01:19:08,605 [trainer.py] => seed: 1993
2025-10-05 01:19:08,605 [trainer.py] => run_id: 0
2025-10-05 01:19:08,605 [trainer.py] => log_path: sldc_logs_authors/cifar100_vit-b-p16/init-20_inc-20_rank-4_lt-sgp_lora_T-5_comp-1_wk-log1p_wp-1_kd-feat_gkd-0_gn-0p1_optim-adamw_lr-0p0005_bz-24_iter-1500_seed-1993
2025-10-05 01:19:10,519 [data_manager1.py] => [IDM] load dataset cifar100 | train=50000, test=10000, classes=100
2025-10-05 01:19:10,521 [data_manager1.py] => [IDM] class_order: [68, 56, 78, 8, 23, 84, 90, 65, 74, 76, 40, 89, 3, 92, 55, 9, 26, 80, 43, 38, 58, 70, 77, 1, 85, 19, 17, 50, 28, 53, 13, 81, 45, 82, 6, 59, 83, 16, 15, 44, 91, 41, 72, 60, 79, 52, 20, 10, 31, 54, 37, 95, 14, 71, 96, 98, 97, 2, 64, 66, 42, 22, 35, 86, 24, 34, 87, 21, 99, 0, 88, 27, 18, 94, 11, 12, 47, 25, 30, 46, 62, 69, 36, 61, 7, 63, 75, 5, 32, 4, 51, 48, 73, 93, 39, 67, 29, 49, 57, 33]
2025-10-05 01:19:10,529 [data_manager1.py] => [IDM] increment_classess=[20, 20, 20, 20, 20] (nb_tasks=5)
2025-10-05 01:19:11,659 [_builder.py] => Loading pretrained weights from Hugging Face hub (timm/vit_base_patch16_224.augreg2_in21k_ft_in1k)
2025-10-05 01:19:12,219 [_hub.py] => [timm/vit_base_patch16_224.augreg2_in21k_ft_in1k] Safe alternative available for 'pytorch_model.bin' (as 'model.safetensors'). Loading weights using safetensors.
2025-10-05 01:19:26,834 [subspace_lora.py] => Compiled network with torch.compile
2025-10-05 01:19:26,834 [subspace_lora.py] => Optimizer instantiated: lrate=0.0005, wd=0.0, optimizer=adamw
2025-10-05 01:19:26,835 [trainer.py] => All params: 86469888
2025-10-05 01:19:26,835 [trainer.py] => Trainable params: 672768
2025-10-05 01:19:27,009 [subspace_lora.py] => System training on classes 0-20 (cifar100)
2025-10-05 01:19:27,787 [subspace_lora.py] => step: 1, loss: 1.6442, kd_loss: 0.0000, prior_loss: 0.0000, acc: 0.0417
2025-10-05 01:19:27,885 [subspace_lora.py] => step: 2, loss: 1.6406, kd_loss: 0.0000, prior_loss: 0.0000, acc: 0.0417
2025-10-05 01:19:27,983 [subspace_lora.py] => step: 3, loss: 1.6252, kd_loss: 0.0000, prior_loss: 0.0000, acc: 0.0458
2025-10-05 01:19:28,080 [subspace_lora.py] => step: 4, loss: 1.6168, kd_loss: 0.0000, prior_loss: 0.0000, acc: 0.0412
2025-10-05 01:19:28,178 [subspace_lora.py] => step: 5, loss: 1.5986, kd_loss: 0.0000, prior_loss: 0.0000, acc: 0.0621
2025-10-05 01:19:28,277 [subspace_lora.py] => step: 6, loss: 1.5866, kd_loss: 0.0000, prior_loss: 0.0000, acc: 0.0684
2025-10-05 01:19:28,372 [subspace_lora.py] => step: 7, loss: 1.5804, kd_loss: 0.0000, prior_loss: 0.0000, acc: 0.0699
2025-10-05 01:19:28,470 [subspace_lora.py] => step: 8, loss: 1.5669, kd_loss: 0.0000, prior_loss: 0.0000, acc: 0.0629
2025-10-05 01:19:28,567 [subspace_lora.py] => step: 9, loss: 1.5508, kd_loss: 0.0000, prior_loss: 0.0000, acc: 0.0691
2025-10-05 01:19:28,665 [subspace_lora.py] => step: 10, loss: 1.5380, kd_loss: 0.0000, prior_loss: 0.0000, acc: 0.0747
2025-10-05 01:19:28,761 [subspace_lora.py] => step: 11, loss: 1.5151, kd_loss: 0.0000, prior_loss: 0.0000, acc: 0.0922
2025-10-05 01:19:28,859 [subspace_lora.py] => step: 12, loss: 1.4997, kd_loss: 0.0000, prior_loss: 0.0000, acc: 0.1080
2025-10-05 01:19:28,953 [subspace_lora.py] => step: 13, loss: 1.4876, kd_loss: 0.0000, prior_loss: 0.0000, acc: 0.1222
2025-10-05 01:19:29,050 [subspace_lora.py] => step: 14, loss: 1.4680, kd_loss: 0.0000, prior_loss: 0.0000, acc: 0.1433
2025-10-05 01:19:29,147 [subspace_lora.py] => step: 15, loss: 1.4506, kd_loss: 0.0000, prior_loss: 0.0000, acc: 0.1540
2025-10-05 01:19:29,245 [subspace_lora.py] => step: 16, loss: 1.4354, kd_loss: 0.0000, prior_loss: 0.0000, acc: 0.1636
2025-10-05 01:19:29,342 [subspace_lora.py] => step: 17, loss: 1.4096, kd_loss: 0.0000, prior_loss: 0.0000, acc: 0.1847
2025-10-05 01:19:29,439 [subspace_lora.py] => step: 18, loss: 1.3827, kd_loss: 0.0000, prior_loss: 0.0000, acc: 0.2038
2025-10-05 01:19:29,533 [subspace_lora.py] => step: 19, loss: 1.3615, kd_loss: 0.0000, prior_loss: 0.0000, acc: 0.2292
2025-10-05 01:19:29,630 [subspace_lora.py] => step: 20, loss: 1.3494, kd_loss: 0.0000, prior_loss: 0.0000, acc: 0.2313
2025-10-05 01:19:29,727 [subspace_lora.py] => step: 21, loss: 1.3284, kd_loss: 0.0000, prior_loss: 0.0000, acc: 0.2540
2025-10-05 01:19:29,824 [subspace_lora.py] => step: 22, loss: 1.3049, kd_loss: 0.0000, prior_loss: 0.0000, acc: 0.2786
2025-10-05 01:19:29,922 [subspace_lora.py] => step: 23, loss: 1.2811, kd_loss: 0.0000, prior_loss: 0.0000, acc: 0.3049
2025-10-05 01:19:30,019 [subspace_lora.py] => step: 24, loss: 1.2501, kd_loss: 0.0000, prior_loss: 0.0000, acc: 0.3202
2025-10-05 01:19:30,113 [subspace_lora.py] => step: 25, loss: 1.2364, kd_loss: 0.0000, prior_loss: 0.0000, acc: 0.3299
2025-10-05 01:19:30,210 [subspace_lora.py] => step: 26, loss: 1.2090, kd_loss: 0.0000, prior_loss: 0.0000, acc: 0.3469
2025-10-05 01:19:30,306 [subspace_lora.py] => step: 27, loss: 1.2007, kd_loss: 0.0000, prior_loss: 0.0000, acc: 0.3497
2025-10-05 01:19:30,403 [subspace_lora.py] => step: 28, loss: 1.1867, kd_loss: 0.0000, prior_loss: 0.0000, acc: 0.3564
2025-10-05 01:19:30,501 [subspace_lora.py] => step: 29, loss: 1.1465, kd_loss: 0.0000, prior_loss: 0.0000, acc: 0.3916
2025-10-05 01:19:30,600 [subspace_lora.py] => step: 30, loss: 1.1208, kd_loss: 0.0000, prior_loss: 0.0000, acc: 0.4149
2025-10-05 01:19:30,693 [subspace_lora.py] => step: 31, loss: 1.0918, kd_loss: 0.0000, prior_loss: 0.0000, acc: 0.4401
2025-10-05 01:19:30,790 [subspace_lora.py] => step: 32, loss: 1.0620, kd_loss: 0.0000, prior_loss: 0.0000, acc: 0.4586
2025-10-05 01:19:30,887 [subspace_lora.py] => step: 33, loss: 1.0464, kd_loss: 0.0000, prior_loss: 0.0000, acc: 0.4752
2025-10-05 01:19:30,985 [subspace_lora.py] => step: 34, loss: 1.0297, kd_loss: 0.0000, prior_loss: 0.0000, acc: 0.4861
2025-10-05 01:19:31,083 [subspace_lora.py] => step: 35, loss: 0.9978, kd_loss: 0.0000, prior_loss: 0.0000, acc: 0.4999
2025-10-05 01:19:31,181 [subspace_lora.py] => step: 36, loss: 0.9672, kd_loss: 0.0000, prior_loss: 0.0000, acc: 0.5166
2025-10-05 01:19:31,275 [subspace_lora.py] => step: 37, loss: 0.9628, kd_loss: 0.0000, prior_loss: 0.0000, acc: 0.5150
2025-10-05 01:19:31,373 [subspace_lora.py] => step: 38, loss: 0.9389, kd_loss: 0.0000, prior_loss: 0.0000, acc: 0.5301
2025-10-05 01:19:31,470 [subspace_lora.py] => step: 39, loss: 0.9127, kd_loss: 0.0000, prior_loss: 0.0000, acc: 0.5479
2025-10-05 01:19:31,568 [subspace_lora.py] => step: 40, loss: 0.8843, kd_loss: 0.0000, prior_loss: 0.0000, acc: 0.5557
2025-10-05 01:19:31,666 [subspace_lora.py] => step: 41, loss: 0.8617, kd_loss: 0.0000, prior_loss: 0.0000, acc: 0.5626
2025-10-05 01:19:31,765 [subspace_lora.py] => step: 42, loss: 0.8288, kd_loss: 0.0000, prior_loss: 0.0000, acc: 0.5855
2025-10-05 01:19:31,858 [subspace_lora.py] => step: 43, loss: 0.7810, kd_loss: 0.0000, prior_loss: 0.0000, acc: 0.6144
2025-10-05 01:19:31,955 [subspace_lora.py] => step: 44, loss: 0.7696, kd_loss: 0.0000, prior_loss: 0.0000, acc: 0.6155
2025-10-05 01:19:32,052 [subspace_lora.py] => step: 45, loss: 0.7410, kd_loss: 0.0000, prior_loss: 0.0000, acc: 0.6290
2025-10-05 01:19:32,149 [subspace_lora.py] => step: 46, loss: 0.7012, kd_loss: 0.0000, prior_loss: 0.0000, acc: 0.6452
2025-10-05 01:19:32,247 [subspace_lora.py] => step: 47, loss: 0.6806, kd_loss: 0.0000, prior_loss: 0.0000, acc: 0.6515
2025-10-05 01:19:32,344 [subspace_lora.py] => step: 48, loss: 0.6620, kd_loss: 0.0000, prior_loss: 0.0000, acc: 0.6697
2025-10-05 01:19:32,439 [subspace_lora.py] => step: 49, loss: 0.6206, kd_loss: 0.0000, prior_loss: 0.0000, acc: 0.6819
2025-10-05 01:19:32,537 [subspace_lora.py] => step: 50, loss: 0.5957, kd_loss: 0.0000, prior_loss: 0.0000, acc: 0.6804
2025-10-05 01:19:32,634 [subspace_lora.py] => step: 51, loss: 0.5763, kd_loss: 0.0000, prior_loss: 0.0000, acc: 0.6957
2025-10-05 01:19:32,732 [subspace_lora.py] => step: 52, loss: 0.5523, kd_loss: 0.0000, prior_loss: 0.0000, acc: 0.7053
2025-10-05 01:19:32,828 [subspace_lora.py] => step: 53, loss: 0.5438, kd_loss: 0.0000, prior_loss: 0.0000, acc: 0.7056
2025-10-05 01:19:32,926 [subspace_lora.py] => step: 54, loss: 0.5172, kd_loss: 0.0000, prior_loss: 0.0000, acc: 0.7100
2025-10-05 01:19:33,019 [subspace_lora.py] => step: 55, loss: 0.4943, kd_loss: 0.0000, prior_loss: 0.0000, acc: 0.7182
2025-10-05 01:19:33,117 [subspace_lora.py] => step: 56, loss: 0.4798, kd_loss: 0.0000, prior_loss: 0.0000, acc: 0.7130
2025-10-05 01:19:33,214 [subspace_lora.py] => step: 57, loss: 0.4547, kd_loss: 0.0000, prior_loss: 0.0000, acc: 0.7209
2025-10-05 01:19:33,311 [subspace_lora.py] => step: 58, loss: 0.4217, kd_loss: 0.0000, prior_loss: 0.0000, acc: 0.7280
2025-10-05 01:19:33,408 [subspace_lora.py] => step: 59, loss: 0.3933, kd_loss: 0.0000, prior_loss: 0.0000, acc: 0.7302
2025-10-05 01:19:33,505 [subspace_lora.py] => step: 60, loss: 0.3826, kd_loss: 0.0000, prior_loss: 0.0000, acc: 0.7280
2025-10-05 01:19:33,599 [subspace_lora.py] => step: 61, loss: 0.3575, kd_loss: 0.0000, prior_loss: 0.0000, acc: 0.7302
2025-10-05 01:19:33,696 [subspace_lora.py] => step: 62, loss: 0.3473, kd_loss: 0.0000, prior_loss: 0.0000, acc: 0.7322
2025-10-05 01:19:33,794 [subspace_lora.py] => step: 63, loss: 0.3384, kd_loss: 0.0000, prior_loss: 0.0000, acc: 0.7381
2025-10-05 01:19:33,891 [subspace_lora.py] => step: 64, loss: 0.3088, kd_loss: 0.0000, prior_loss: 0.0000, acc: 0.7518
2025-10-05 01:19:33,986 [subspace_lora.py] => step: 65, loss: 0.2865, kd_loss: 0.0000, prior_loss: 0.0000, acc: 0.7558
2025-10-05 01:19:34,083 [subspace_lora.py] => step: 66, loss: 0.2574, kd_loss: 0.0000, prior_loss: 0.0000, acc: 0.7636
2025-10-05 01:19:34,179 [subspace_lora.py] => step: 67, loss: 0.2384, kd_loss: 0.0000, prior_loss: 0.0000, acc: 0.7664
2025-10-05 01:19:34,276 [subspace_lora.py] => step: 68, loss: 0.2309, kd_loss: 0.0000, prior_loss: 0.0000, acc: 0.7606
2025-10-05 01:19:34,373 [subspace_lora.py] => step: 69, loss: 0.2062, kd_loss: 0.0000, prior_loss: 0.0000, acc: 0.7678
2025-10-05 01:19:34,471 [subspace_lora.py] => step: 70, loss: 0.1831, kd_loss: 0.0000, prior_loss: 0.0000, acc: 0.7702
2025-10-05 01:19:34,568 [subspace_lora.py] => step: 71, loss: 0.1944, kd_loss: 0.0000, prior_loss: 0.0000, acc: 0.7724
2025-10-05 01:19:34,662 [subspace_lora.py] => step: 72, loss: 0.1718, kd_loss: 0.0000, prior_loss: 0.0000, acc: 0.7868
2025-10-05 01:19:34,760 [subspace_lora.py] => step: 73, loss: 0.1448, kd_loss: 0.0000, prior_loss: 0.0000, acc: 0.7956
2025-10-05 01:19:34,858 [subspace_lora.py] => step: 74, loss: 0.1416, kd_loss: 0.0000, prior_loss: 0.0000, acc: 0.7869
2025-10-05 01:19:34,956 [subspace_lora.py] => step: 75, loss: 0.1414, kd_loss: 0.0000, prior_loss: 0.0000, acc: 0.7915
2025-10-05 01:19:35,053 [subspace_lora.py] => step: 76, loss: 0.1366, kd_loss: 0.0000, prior_loss: 0.0000, acc: 0.7874
2025-10-05 01:19:35,150 [subspace_lora.py] => step: 77, loss: 0.1056, kd_loss: 0.0000, prior_loss: 0.0000, acc: 0.8045
2025-10-05 01:19:35,244 [subspace_lora.py] => step: 78, loss: 0.0800, kd_loss: 0.0000, prior_loss: 0.0000, acc: 0.8157
2025-10-05 01:19:35,342 [subspace_lora.py] => step: 79, loss: 0.0789, kd_loss: 0.0000, prior_loss: 0.0000, acc: 0.8133
2025-10-05 01:19:35,440 [subspace_lora.py] => step: 80, loss: 0.0687, kd_loss: 0.0000, prior_loss: 0.0000, acc: 0.8153
2025-10-05 01:19:35,537 [subspace_lora.py] => step: 81, loss: 0.0597, kd_loss: 0.0000, prior_loss: 0.0000, acc: 0.8171
2025-10-05 01:19:35,634 [subspace_lora.py] => step: 82, loss: 0.0501, kd_loss: 0.0000, prior_loss: 0.0000, acc: 0.8104
2025-10-05 01:19:35,731 [subspace_lora.py] => step: 83, loss: 0.0354, kd_loss: 0.0000, prior_loss: 0.0000, acc: 0.8127
2025-10-05 01:19:35,829 [subspace_lora.py] => step: 84, loss: 0.0330, kd_loss: 0.0000, prior_loss: 0.0000, acc: 0.8106
2025-10-05 01:19:35,926 [subspace_lora.py] => step: 85, loss: 0.0025, kd_loss: 0.0000, prior_loss: 0.0000, acc: 0.8295
2025-10-05 01:19:36,023 [subspace_lora.py] => step: 86, loss: -0.0057, kd_loss: 0.0000, prior_loss: 0.0000, acc: 0.8299
2025-10-05 01:19:36,118 [subspace_lora.py] => step: 87, loss: 0.0018, kd_loss: 0.0000, prior_loss: 0.0000, acc: 0.8219
2025-10-05 01:19:36,215 [subspace_lora.py] => step: 88, loss: -0.0046, kd_loss: 0.0000, prior_loss: 0.0000, acc: 0.8272
2025-10-05 01:19:36,312 [subspace_lora.py] => step: 89, loss: -0.0116, kd_loss: 0.0000, prior_loss: 0.0000, acc: 0.8278
2025-10-05 01:19:36,409 [subspace_lora.py] => step: 90, loss: -0.0161, kd_loss: 0.0000, prior_loss: 0.0000, acc: 0.8326
2025-10-05 01:19:36,506 [subspace_lora.py] => step: 91, loss: -0.0125, kd_loss: 0.0000, prior_loss: 0.0000, acc: 0.8326
2025-10-05 01:19:36,603 [subspace_lora.py] => step: 92, loss: -0.0015, kd_loss: 0.0000, prior_loss: 0.0000, acc: 0.8244
2025-10-05 01:19:36,698 [subspace_lora.py] => step: 93, loss: -0.0125, kd_loss: 0.0000, prior_loss: 0.0000, acc: 0.8253
2025-10-05 01:19:36,795 [subspace_lora.py] => step: 94, loss: -0.0062, kd_loss: 0.0000, prior_loss: 0.0000, acc: 0.8177
2025-10-05 01:19:36,891 [subspace_lora.py] => step: 95, loss: -0.0000, kd_loss: 0.0000, prior_loss: 0.0000, acc: 0.8193
2025-10-05 01:19:36,989 [subspace_lora.py] => step: 96, loss: -0.0203, kd_loss: 0.0000, prior_loss: 0.0000, acc: 0.8290
2025-10-05 01:19:37,085 [subspace_lora.py] => step: 97, loss: -0.0163, kd_loss: 0.0000, prior_loss: 0.0000, acc: 0.8253
2025-10-05 01:19:37,182 [subspace_lora.py] => step: 98, loss: -0.0253, kd_loss: 0.0000, prior_loss: 0.0000, acc: 0.8261
2025-10-05 01:19:37,276 [subspace_lora.py] => step: 99, loss: -0.0492, kd_loss: 0.0000, prior_loss: 0.0000, acc: 0.8352
2025-10-05 01:19:37,374 [subspace_lora.py] => step: 100, loss: -0.0606, kd_loss: 0.0000, prior_loss: 0.0000, acc: 0.8391
2025-10-05 01:19:37,470 [subspace_lora.py] => step: 101, loss: -0.0622, kd_loss: 0.0000, prior_loss: 0.0000, acc: 0.8386
2025-10-05 01:19:37,568 [subspace_lora.py] => step: 102, loss: -0.0734, kd_loss: 0.0000, prior_loss: 0.0000, acc: 0.8464
2025-10-05 01:19:37,664 [subspace_lora.py] => step: 103, loss: -0.0916, kd_loss: 0.0000, prior_loss: 0.0000, acc: 0.8492
2025-10-05 01:19:37,761 [subspace_lora.py] => step: 104, loss: -0.1033, kd_loss: 0.0000, prior_loss: 0.0000, acc: 0.8518
2025-10-05 01:19:37,855 [subspace_lora.py] => step: 105, loss: -0.1199, kd_loss: 0.0000, prior_loss: 0.0000, acc: 0.8541
2025-10-05 01:19:37,952 [subspace_lora.py] => step: 106, loss: -0.1092, kd_loss: 0.0000, prior_loss: 0.0000, acc: 0.8479
2025-10-05 01:19:38,049 [subspace_lora.py] => step: 107, loss: -0.1181, kd_loss: 0.0000, prior_loss: 0.0000, acc: 0.8506
2025-10-05 01:19:38,146 [subspace_lora.py] => step: 108, loss: -0.1254, kd_loss: 0.0000, prior_loss: 0.0000, acc: 0.8530
2025-10-05 01:19:38,243 [subspace_lora.py] => step: 109, loss: -0.0975, kd_loss: 0.0000, prior_loss: 0.0000, acc: 0.8344
2025-10-05 01:19:38,340 [subspace_lora.py] => step: 110, loss: -0.0845, kd_loss: 0.0000, prior_loss: 0.0000, acc: 0.8260
2025-10-05 01:19:38,434 [subspace_lora.py] => step: 111, loss: -0.0989, kd_loss: 0.0000, prior_loss: 0.0000, acc: 0.8350
2025-10-05 01:19:38,530 [subspace_lora.py] => step: 112, loss: -0.1047, kd_loss: 0.0000, prior_loss: 0.0000, acc: 0.8390
2025-10-05 01:19:38,627 [subspace_lora.py] => step: 113, loss: -0.1261, kd_loss: 0.0000, prior_loss: 0.0000, acc: 0.8510
2025-10-05 01:19:38,724 [subspace_lora.py] => step: 114, loss: -0.1332, kd_loss: 0.0000, prior_loss: 0.0000, acc: 0.8492
2025-10-05 01:19:38,821 [subspace_lora.py] => step: 115, loss: -0.1046, kd_loss: 0.0000, prior_loss: 0.0000, acc: 0.8351
2025-10-05 01:19:38,918 [subspace_lora.py] => step: 116, loss: -0.0814, kd_loss: 0.0000, prior_loss: 0.0000, acc: 0.8224
2025-10-05 01:19:39,012 [subspace_lora.py] => step: 117, loss: -0.0799, kd_loss: 0.0000, prior_loss: 0.0000, acc: 0.8152
2025-10-05 01:19:39,108 [subspace_lora.py] => step: 118, loss: -0.0897, kd_loss: 0.0000, prior_loss: 0.0000, acc: 0.8212
2025-10-05 01:19:39,205 [subspace_lora.py] => step: 119, loss: -0.0666, kd_loss: 0.0000, prior_loss: 0.0000, acc: 0.8099
2025-10-05 01:19:39,302 [subspace_lora.py] => step: 120, loss: -0.0766, kd_loss: 0.0000, prior_loss: 0.0000, acc: 0.8081
2025-10-05 01:19:39,399 [subspace_lora.py] => step: 121, loss: -0.0705, kd_loss: 0.0000, prior_loss: 0.0000, acc: 0.8064
2025-10-05 01:19:39,496 [subspace_lora.py] => step: 122, loss: -0.0982, kd_loss: 0.0000, prior_loss: 0.0000, acc: 0.8216
2025-10-05 01:19:39,590 [subspace_lora.py] => step: 123, loss: -0.0715, kd_loss: 0.0000, prior_loss: 0.0000, acc: 0.8061
2025-10-05 01:19:39,687 [subspace_lora.py] => step: 124, loss: -0.0869, kd_loss: 0.0000, prior_loss: 0.0000, acc: 0.8172
